google_place_id,place_name,place_group,place_type,island,region,latitude,longitude,place_photo_url,row_id,created_by,created_on,last_updated_by,updated_on,is_deleted
ChIJ13VIIbz1XBgRhr3WnXfihsM,MSANGI G,Nature & parks,garden,Unguja,Magharibi,-6.582865,39.0140407,,1,APPLICATION,2026-09-15 23:52:47.897215+05:30,,,f
ChIJFYuitnn1QRgRVMczbVPbFHQ,Msuka Beach,Nature & parks,nature_preserve,Pemba,Micheweni,-4.9044382,39.7310551,https://lh3.googleusercontent.com/gps-cs-s/AHRPTWnN_bgUdmRehj14N9FbbexQozY6fOXA6smsspbj-C5yiol7vA680H69jqeD9EKQBXk6su89QyKmSxbTx9uBkLbH-qOPg05Q0hQkY-H6wFw9okhNecdim_wqFXQZthhnYxnPEkdyeg=w915-h686-k-no,793,APPLICATION,2026-09-15 23:52:51.175723+05:30,APPLICATION,2026-09-16 15:47:54.993717+05:30,f
ChIJia1THgBXXBgR_XBHM8AoNAs,Fungu Yasin,Sights & landmarks,tourist_attraction,Unguja,Magharibi,-6.5942864,39.2248332,https://lh3.googleusercontent.com/gps-cs-s/AHRPTWkOvoE97N5Ie9BwZoMpRnTZb8mEhtua5hrTf-IEmlXBz8nO0Sk_9k8XaeSmLhMo9LNTqZ3-JXNHK3Tiq-MYN8mJIdJe4v5peLRSy0W3MrY7UzVPomCSQlcuhdyzQUtD2Fe6etih36Xj5B58=w915-h1220-k-no,10,APPLICATION,2026-09-15 23:52:47.940799+05:30,APPLICATION,2026-09-16 16:15:18.860153+05:30,f
ChIJIRE3XAD3XBgRvxOyg6-xUJQ,Nancy Farm house,Nature & parks,park,Unguja,Magharibi,-6.5796902,39.0872516,,4,APPLICATION,2026-09-15 23:52:47.915471+05:30,,,f
ChIJXZgkPwD3XBgRmJtqi7jmz-w,El Corazón,Sights & landmarks,tourist_attraction,Unguja,Magharibi,-6.5741283,39.110845,,5,APPLICATION,2026-09-15 23:52:47.919587+05:30,,,f
ChIJw-wIVgD1XBgReeYqAY3sj60,Bwawa Udindivu,Sights & landmarks,historical_landmark,Unguja,Magharibi,-6.5793548,39.0609083,,6,APPLICATION,2026-09-15 23:52:47.924346+05:30,,,f
ChIJz9xEFQD3XBgR_NXaqJejZwI,Foxtail camp,Nature & parks,garden,Unguja,Magharibi,-6.5873291,39.126495,,8,APPLICATION,2026-09-15 23:52:47.932135+05:30,,,f
ChIJQVt5xQH3XBgR7fDxAURAKAY,Gorofa la chuma,Nature & parks,garden,Unguja,Magharibi,-6.5997095,39.1199739,,9,APPLICATION,2026-09-15 23:52:47.936181+05:30,,,f
ChIJLZyPPQT3XBgR3RcmhCe5iP8,BJS-Paris,Sights & landmarks,tourist_attraction,Unguja,Magharibi,-6.5375451,39.0854944,https://lh3.googleusercontent.com/gps-cs-s/AHRPTWlCN3eMk18FBUMF7srt87wtSBO4oIYFyWZpkw25lYTLHEVdwPmJI0RWv3Tg3pPPnIb7mXgwTQjKX-1sD0Sjy5ty61rQuJeViETGebrTfnmFm1YhRWPPzSHIaQVVGDtH9NcSouDd=w915-h1220-k-no,16,APPLICATION,2026-09-15 23:52:47.962587+05:30,APPLICATION,2026-09-16 16:44:10.77989+05:30,f
ChIJo2-Amqf3XBgR6XxpHg1-KDg,Whistling Pines Home (Malmø),Nature & parks,park,Unguja,Magharibi,-6.5602893,39.0995619,https://lh3.googleusercontent.com/gps-cs-s/AHRPTWlftn5hZAFDa94fFKJwF8rTmntRX-uVfaZ_arADSYFo6YhqwPzhvIWf8alHH9-MtDh7zUrMREZyMLN1BypgfO_stQs298euzUDOsvk5rLgeMa3PpP0jP7NxaKWQiTQneSQdLWE=w915-h1220-k-no,12,APPLICATION,2026-09-15 23:52:47.947875+05:30,APPLICATION,2026-09-16 17:08:20.306524+05:30,f
ChIJD4GJx-b3XBgRipy0DdqUJyg,Mangrove Forest Reserve,Nature & parks,national_park,Unguja,Magharibi,-6.542750000000001,39.0909584,,14,APPLICATION,2026-09-15 23:52:47.95449+05:30,,,f
ChIJbYe9c3_3XBgRMcOMGBGD0rA,Paris Zoo,Wildlife,zoo,Unguja,Magharibi,-6.5365781,39.086278,,15,APPLICATION,2026-09-15 23:52:47.958513+05:30,,,f
ChIJbRXB-2PxXBgRco-4ZCmSRGk,Mpaka wa Maliasili(Magrove Forest),Nature & parks,national_park,Unguja,Magharibi,-6.533303399999999,39.0858438,,17,APPLICATION,2026-09-15 23:52:47.966461+05:30,,,f
ChIJyc_JXxX3XBgRQh6BJ2jG0iE,Kiembeni Beach - Fresh Air Great Life,Activities & adventure,hiking_area,Unguja,Magharibi,-6.5590639,39.1103072,,18,APPLICATION,2026-09-15 23:52:47.97013+05:30,,,f
ChIJY1pXWS33XBgRw3qk5ZwJSx8,T-H-E BEST CLIFF,Nature & parks,park,Unguja,Magharibi,-6.5603246,39.1034438,,20,APPLICATION,2026-09-15 23:52:47.977167+05:30,,,f
ChIJx7O-VwD3XBgR112fsz4c0KA,El Corazoncito,Sights & landmarks,tourist_attraction,Unguja,Magharibi,-6.5678149,39.1098201,,22,APPLICATION,2026-09-15 23:52:47.98499+05:30,,,f
ChIJs8wMrQkPXRgRjqUKdIvn8xw,Kizimkazi Mkunguni beach,Sights & landmarks,tourist_attraction,Unguja,Kusini,-6.475591700000001,39.4969805,,23,APPLICATION,2026-09-15 23:52:47.988444+05:30,,,f
ChIJr7TpEwAFXRgR_OdaoS85AiU,Dolphin Bay Resort Ruins,Sights & landmarks,tourist_attraction,Unguja,Kusini,-6.4694603,39.4849047,,24,APPLICATION,2026-09-15 23:52:47.991734+05:30,,,f
ChIJT955EAAFXRgRhbxN8z9wnZM,Abandoned resort,Sights & landmarks,tourist_attraction,Unguja,Kusini,-6.469358,39.485081,,25,APPLICATION,2026-09-15 23:52:47.995222+05:30,,,f
ChIJRSCUQAEFXRgRFcrt4Hvd_TI,JUNGLE CAVE,Sights & landmarks,tourist_attraction,Unguja,Kusini,-6.4679474,39.4895132,,26,APPLICATION,2026-09-15 23:52:47.999364+05:30,,,f
ChIJSW2oE_gPXRgRSY8i6Br1EaY,Mtende Beach,Sights & landmarks,tourist_attraction,Unguja,Kusini,-6.461721,39.5395046,,27,APPLICATION,2026-09-15 23:52:48.003509+05:30,,,f
ChIJzXmYYgAPXRgRvT1DsBKOgl0,Beach Entende,Sights & landmarks,tourist_attraction,Unguja,Kusini,-6.461807899999999,39.5394459,,29,APPLICATION,2026-09-15 23:52:48.010942+05:30,,,f
ChIJpdR1AEQFXRgReNSPMSnOdqY,Badido Dolphin Safari,Sights & landmarks,tourist_attraction,Unguja,Kusini,-6.4484721,39.4698824,,32,APPLICATION,2026-09-15 23:52:48.024235+05:30,,,f
ChIJt78GU9EFXRgRzkhXKfqtvpk,Damian Dolphin tour,Sights & landmarks,tourist_attraction,Unguja,Kusini,-6.4613548000000005,39.478244,,36,APPLICATION,2026-09-15 23:52:48.038773+05:30,,,f
ChIJuW4GRRgbXRgRMyCyN2xYSzI,Mimi the dhow,Sights & landmarks,tourist_attraction,Unguja,Kusini,-6.4369822,39.4615192,,38,APPLICATION,2026-09-15 23:52:48.047464+05:30,,,f
ChIJ9_gQEgAFXRgRbtokQuEV4RI,Kizidi reef,Sights & landmarks,tourist_attraction,Unguja,Kusini,-6.4396667,39.4572222,,41,APPLICATION,2026-09-15 23:52:48.059057+05:30,,,f
ChIJ3WndLUgdXRgRzADVOz0ckuY,Pungume Lighthouse,Sights & landmarks,historical_place,Unguja,Kusini,-6.4373381,39.3407301,,30,APPLICATION,2026-09-15 23:52:48.01512+05:30,APPLICATION,2026-09-16 00:09:44.154462+05:30,f
ChIJ9fc1h6AFXRgRwL0u8-I5K3U,Rafiki Tours Zanzibar,Tour operators & agents,tour_agency,Unguja,Kusini,-6.4452926,39.4690375,https://lh3.googleusercontent.com/gps-cs-s/AHRPTWma2aTlXjcj3pJbbEwAX9m1kNxMgFW7uJ9ncpWbT6nkL5Hgliur5tKOwj-lNNjTsc4NwAblt2jPryJmKyVnHXPdMlgGysB9HJ_ll-pinvMYSc1-E_XJ5KIAwmEbYVxxgg4nwxKCiELoLtw=w915-h1220-k-no,40,APPLICATION,2026-09-15 23:52:48.055284+05:30,APPLICATION,2026-09-16 14:38:28.215382+05:30,f
ChIJA0Y1UgAbXRgRgjP441PVBLc,Cave of Miza Wa Miza,Sights & landmarks,tourist_attraction,Unguja,Kusini,-6.4317589,39.464163,https://lh3.googleusercontent.com/gps-cs-s/AHRPTWlAsIJ6kKgxWaVMndf1i6zKWFOQS42dIDsEP_ixmb-hiOoUSYQUnU2hfwgw-3wDCP-X6lsv_YcQL7KxhYHftAUTX5Tg2DY9668ZWWnACI8rkzxKgTNQ5aCCjzT_qOm379s9BK3WnQ=w915-h686-k-no,35,APPLICATION,2026-09-15 23:52:48.035099+05:30,APPLICATION,2026-09-16 14:42:05.24944+05:30,f
ChIJB3ukKOv3XBgRIJ1oBNdX0vw,Whistling Pine(Casuarina Equisetifolia),Nature & parks,park,Unguja,Magharibi,-6.539876,39.0872439,https://lh3.googleusercontent.com/gps-cs-s/AHRPTWlLI7XYxjcDqXJugWpIT0tZGkWqcxvPOL2yj0G94gh976jJNSJmTeHK1ySek6nLy5gFBah_I_WRzs3c0rzL6X_lE7cp2QzrLGA6xVXl9u6b5T_aj0KJSNPMIEajoeoCtFSdpN3i=w915-h1220-k-no,13,APPLICATION,2026-09-15 23:52:47.951094+05:30,APPLICATION,2026-09-16 14:53:21.280076+05:30,f
ChIJd-3eu1D3XBgRzWC9G30H2E4,Kiembeni Beach - Proposed Public Use,Nature & parks,park,Unguja,Magharibi,-6.556596099999999,39.0974225,https://lh3.googleusercontent.com/gps-cs-s/AHRPTWmNV7nknSNEo2Pr6VYIBkYF8Dx7zXbxuHq67nL3cVQ2SfhURfLxXNNKlP57Si13sAdngUsUwWdSnMA6XHLQMi9RbA83kS_vg4aw-92-4MCmfV04kq92SpIHQmyrwSjE7RybuHv5=w915-h686-k-no,11,APPLICATION,2026-09-15 23:52:47.944388+05:30,APPLICATION,2026-09-16 15:22:44.685687+05:30,f
ChIJhSFqj5IbXRgRrKBvFKW-y0w,Artist Shop,Museums & galleries,art_gallery,Unguja,Kusini,-6.4076955,39.4468651,https://lh3.googleusercontent.com/gps-cs-s/AHRPTWlrwfy90YFjeIGdjDz6XUgZHXG0K3nnZT7L1yGYND7XbAY6ZTR2bXUhPEimdYoTHyFeMJgzcwfEbdqSYu0dkga2lMMLVDm_PCkNFCI4l8Y_OeL_4j4RL4jwyYpFlNs3-XAfdTuz=w915-h686-k-no,64,APPLICATION,2026-09-15 23:52:48.152565+05:30,APPLICATION,2026-09-16 16:07:49.658742+05:30,f
ChIJwQ2zagAFXRgRvr9ojlX1T6s,Salaam Cave,Sights & landmarks,tourist_attraction,Unguja,Kusini,-6.440783,39.4625108,,45,APPLICATION,2026-09-15 23:52:48.07413+05:30,,,f
ChIJl3R4nRoFXRgRCrtEq6PuIFk,Kwa Mwanaidi,Nature & parks,garden,Unguja,Kusini,-6.4484721,39.4698824,,46,APPLICATION,2026-09-15 23:52:48.077749+05:30,,,f
ChIJSXAgpsgbXRgRNHIum42ArrE,KIZIMKAZI WHITE ISLAND TOURS,Sights & landmarks,tourist_attraction,Unguja,Kusini,-6.4307558,39.4631497,,47,APPLICATION,2026-09-15 23:52:48.081919+05:30,,,f
ChIJ_TthpXUFXRgRSoyrv7Xnq9g,Garden cave (The secret cave),Sights & landmarks,tourist_attraction,Unguja,Kusini,-6.4596382,39.4836389,,48,APPLICATION,2026-09-15 23:52:48.085541+05:30,,,f
ChIJ76wVbQAPXRgRP7jRhXzTqm8,South Zanzibar Forest Reserve,Nature & parks,national_park,Unguja,Kusini,-6.446862500000001,39.5093874,,50,APPLICATION,2026-09-15 23:52:48.092893+05:30,,,f
ChIJJRgOqGsFXRgRl8oNsMryB6o,Zanzibar Serene Soundz,Sights & landmarks,tourist_attraction,Unguja,Kusini,-6.459687499999999,39.4836875,https://lh3.googleusercontent.com/gps-cs-s/AHRPTWkexTToqcrox5jfHE_1WySN2DDxsf_hmp4w6oQn8xLfzG_hYcDyWcYxo6hbZOd8EXSqq8-o-31wcizkjMXPHefK1q8P6BW3v6bTrFRCiPpQNX8_OWHAW_8xsA21sar85q5phqgDGA=w915-h1294-k-no,49,APPLICATION,2026-09-15 23:52:48.08927+05:30,APPLICATION,2026-09-16 16:28:10.580839+05:30,f
ChIJx_8EJgAPXRgR58UEQS-xJfk,The magnificent Coconut tree,Sights & landmarks,tourist_attraction,Unguja,Kusini,-6.4404612,39.5280861,,52,APPLICATION,2026-09-15 23:52:48.104827+05:30,,,f
ChIJu9vEc3cPXRgRg9ndbIrfHeA,Khamis wonderful baobab tree,Sights & landmarks,tourist_attraction,Unguja,Kusini,-6.4524968,39.5269545,,53,APPLICATION,2026-09-15 23:52:48.111071+05:30,,,f
ChIJXy1VXGIPXRgRIW4BQPdZtK4,Baobab gigante di Mtende,Sights & landmarks,tourist_attraction,Unguja,Kusini,-6.4524784,39.5269237,,54,APPLICATION,2026-09-15 23:52:48.114769+05:30,,,f
ChIJl324GgAPXRgRSV5C5IvrZa8,Mtende Sun Beds,Sights & landmarks,tourist_attraction,Unguja,Kusini,-6.459727099999999,39.540445,,55,APPLICATION,2026-09-15 23:52:48.118579+05:30,APPLICATION,2026-09-16 16:38:20.447485+05:30,f
ChIJlRyaOcQPXRgRTpzGiuQntqU,Makunduchi Lighthouse,Sights & landmarks,historical_landmark,Unguja,Kusini,-6.4281101,39.5670867,https://lh3.googleusercontent.com/gps-cs-s/AHRPTWmM_3n-9BWmR9UC_sZSnUtGyGFtLd8eWioaHwDKWeFpef-gAC2aw8Vf0rZzx1Q0g_EkJHVL0wrbRQRsDNJABRZYee1yKzR8u0I9agE5kcd7kz87eEbp_TeBe2R7BDE2hOvzXoj6=w915-h1220-k-no,56,APPLICATION,2026-09-15 23:52:48.123508+05:30,APPLICATION,2026-09-16 16:42:50.575061+05:30,f
ChIJzW-8p-4bXRgR6jQn8ZhdHaw,Mutour and renting car 🚗,Sights & landmarks,tourist_attraction,Unguja,Kusini,-6.4049782,39.4440648,,59,APPLICATION,2026-09-15 23:52:48.134764+05:30,,,f
ChIJe7MqBwAbXRgRkFu-8tufDJE,Mangrovie,Activities & adventure,hiking_area,Unguja,Kusini,-6.389975,39.4103048,,60,APPLICATION,2026-09-15 23:52:48.138337+05:30,,,f
ChIJS0hcQwAFXRgRf8ySjAylLos,Fahmi Tours,Sights & landmarks,tourist_attraction,Unguja,Kusini,-6.407129100000001,39.4462331,,62,APPLICATION,2026-09-15 23:52:48.145609+05:30,,,f
ChIJM0jIBgARXRgRRnP9XhlKO7w,Yunus Ukweta,Nature & parks,park,Unguja,Kusini,-6.4131753,39.5073409,,66,APPLICATION,2026-09-15 23:52:48.160026+05:30,,,f
ChIJEybIfQARXRgRSdts3FJuP2o,Makunduchi Strand,Activities & adventure,hiking_area,Unguja,Kusini,-6.3985712,39.5472163,,67,APPLICATION,2026-09-15 23:52:48.164607+05:30,,,f
ChIJObLffM0TXRgR_XFEnG5bYbE,Paradise Lost Zanzibar,Beaches & coast,beach,Unguja,Kusini,-6.386502,39.5796898,,69,APPLICATION,2026-09-15 23:52:48.172487+05:30,,,f
ChIJx2Z5DEfhXBgRySIi60BSD2c,Kwale Sandbank,Sights & landmarks,tourist_attraction,Unguja,Magharibi,-6.3654899,39.2848194,,70,APPLICATION,2026-09-15 23:52:48.176321+05:30,,,f
ChIJR-MmHFzhXBgRblRgg8sx7mw,Adasonia digitata,Sights & landmarks,tourist_attraction,Unguja,Magharibi,-6.3745322,39.2859852,,72,APPLICATION,2026-09-15 23:52:48.184188+05:30,,,f
ChIJYQo_MwAfXRgRTUYbrCKdbm0,Niamembe ban de sable incroyable,Sights & landmarks,tourist_attraction,Unguja,Kusini,-6.3518706,39.3503154,,75,APPLICATION,2026-09-15 23:52:48.194484+05:30,,,f
ChIJSdTkbQAbXRgRv2Q2eJSsqp0,Spiaggia Uzi,Sights & landmarks,tourist_attraction,Unguja,Kusini,-6.374127,39.4105349,,76,APPLICATION,2026-09-15 23:52:48.198211+05:30,,,f
ChIJ3z0TUgAbXRgRKFjGMmCnwLg,Salma Mawingu Beach,Sights & landmarks,tourist_attraction,Unguja,Kusini,-6.374247,39.4104059,,77,APPLICATION,2026-09-15 23:52:48.202586+05:30,,,f
ChIJxafPLlMZXRgRrpKnaYPyrXc,Ngonga cave,Sights & landmarks,historical_landmark,Unguja,Kusini,-6.346663899999999,39.4540112,,78,APPLICATION,2026-09-15 23:52:48.206526+05:30,,,f
ChIJj8rS7iIZXRgRHMjIOaHwzdA,ZANZIBAR BEACH SAFARI TOURS,Sights & landmarks,tourist_attraction,Unguja,Kusini,-6.3648015,39.4563323,,79,APPLICATION,2026-09-15 23:52:48.210135+05:30,,,f
ChIJr-5UOQAXXRgR3rTaSAOz_1o,Kudimi Forest Reserve,Nature & parks,state_park,Unguja,Kusini,-6.3529421,39.5000587,,80,APPLICATION,2026-09-15 23:52:48.214957+05:30,,,f
ChIJXZpJmoIRXRgRP8tTLjhbW8I,Museum of Early Man,Museums & galleries,museum,Unguja,Kusini,-6.3593172,39.5453085,,82,APPLICATION,2026-09-15 23:52:48.225361+05:30,,,f
ChIJQXPIgK8RXRgR_KXCDF1zjMk,Kuumbi cave historische museum,Museums & galleries,museum,Unguja,Kusini,-6.3593935,39.5452789,,83,APPLICATION,2026-09-15 23:52:48.229693+05:30,,,f
ChIJ9fneyXThXBgRZA6NcBdLIFA,Baobab tree,Sights & landmarks,tourist_attraction,Unguja,Magharibi,-6.374828399999999,39.2859996,https://lh3.googleusercontent.com/gps-cs-s/AHRPTWmdkvNmR45RpGMwl-zSL1825jaU-O8_EKY4mGuCeqj73aVCMPHfBufHHZDkm7AjGeg9Z4Uqmv4o42yCsHA85p-XXyR9zc16CVPSJGAkbpzyi2F9u5SEDS6Huv122dMOuCRZasOVtw=w915-h1220-k-no,73,APPLICATION,2026-09-15 23:52:48.187538+05:30,APPLICATION,2026-09-16 14:38:49.583267+05:30,f
ChIJ9zxq-IAFXRgRvHR-SQvwNtE,Maua Cave,Nature & parks,nature_preserve,Unguja,Kusini,-6.4331312,39.4604755,https://lh3.googleusercontent.com/gps-cs-s/AHRPTWkn5Znbp9yLAa80McCGARTdM40_nVXvkgAKCozLM7pisRGDOBtTpK5ZKQYv_M2HzFR450jePyDhV0jLVXwhuV6Li1hBylkcHR40KwCMXADYXtjXer1aa-8U1pcC_lDLqpiuAbRu5cgbgpU=w915-h1220-k-no,65,APPLICATION,2026-09-15 23:52:48.156142+05:30,APPLICATION,2026-09-16 14:41:44.969588+05:30,f
ChIJB8P1JzwTXRgRfH396ZrMHwI,Makunduchi Beach,Sights & landmarks,tourist_attraction,Unguja,Kusini,-6.4073276,39.5752732,https://lh3.googleusercontent.com/gps-cs-s/AHRPTWmKP9Uiq2cwAykZVw_rI2uXliQ7YRL-Eg5UdCeVW46VvuhvsxuQiCLcJpj6xeORA8KhR64R7FaZG1ymc8MVCRCo3kLibTEP5s-NLKWzfUNXNf25nwZWrgkDDWdSKOX8clxLDR00=w915-h686-k-no,68,APPLICATION,2026-09-15 23:52:48.168393+05:30,APPLICATION,2026-09-16 14:54:25.400608+05:30,f
ChIJf22Vzh4PXRgRa1319Bh2f9w,Great Baobab,Sights & landmarks,tourist_attraction,Unguja,Kusini,-6.4525767,39.5268861,https://lh3.googleusercontent.com/gps-cs-s/AHRPTWl4AqDS_-tSFBrkUNIc89JLrwGMYkh7fgDYbzx-ZVCWx2aR9wtAzjThDeiGk8qgJmt6iFtTqNeWBB4j4Qjq5AtvORCcFDIE0B7u57--A2pwCWSMiy2WYncU8ChUo4mLNEPhcQmwhLCau3UB=w915-h610-k-no,51,APPLICATION,2026-09-15 23:52:48.0984+05:30,APPLICATION,2026-09-16 15:39:59.775932+05:30,f
ChIJnxP5gDAXXRgRq8QlEQawBTc,Jambiani Kikadini mfumbwi,Sights & landmarks,tourist_attraction,Unguja,Kusini,-6.3516506,39.5345009,,84,APPLICATION,2026-09-15 23:52:48.233882+05:30,,,f
ChIJGQMdWQAXXRgRUQ71pbMpLno,Captain Mashi,Sights & landmarks,tourist_attraction,Unguja,Kusini,-6.2982375,39.5412656,https://lh3.googleusercontent.com/gps-cs-s/AHRPTWn37hJoA4UPT8OUQE3j_L0KTEM6q438uAT9ZK6oN4WfSrJMalVVefZg6Xvwe4DgHxawPzrUG9Y9mlOYCwevfiaJF3jo4_rsumAG7xEMOuK4vMPIRifj6AZ-c7SxslXlti_qRs40ztkrbMc=w915-h1455-k-no,109,APPLICATION,2026-09-15 23:52:48.336506+05:30,APPLICATION,2026-09-16 15:56:24.045121+05:30,f
ChIJDzf_LJ_hXBgRw_9DV3on_dM,Green Fumba Zanzibar,Sights & landmarks,tourist_attraction,Unguja,Magharibi,-6.3102965,39.2729965,,87,APPLICATION,2026-09-15 23:52:48.247595+05:30,,,f
ChIJx5vwJwDhXBgRM7ivlTRDWz4,Fumba,Sights & landmarks,tourist_attraction,Unguja,Magharibi,-6.316357099999999,39.2849419,,88,APPLICATION,2026-09-15 23:52:48.251612+05:30,,,f
ChIJVbRopcUfXRgRnZ3nKQL_5HI,Bird watch in Mangrove forests,Sights & landmarks,tourist_attraction,Unguja,Kusini,-6.3101606,39.3886511,,89,APPLICATION,2026-09-15 23:52:48.255886+05:30,,,f
ChIJ8e9ELhAZXRgRjC5AB9qw6ss,Essential abundant,Sights & landmarks,tourist_attraction,Unguja,Kusini,-6.3256096,39.4182742,,90,APPLICATION,2026-09-15 23:52:48.259687+05:30,,,f
ChIJI6cUZtMXXRgRx5uDnueduNI,Pango La Kasa,Sights & landmarks,tourist_attraction,Unguja,Kusini,-6.3227524,39.541612,https://lh3.googleusercontent.com/gps-cs-s/AHRPTWnpqFRr6bFgvj5n1PmXZeBZU5uOhyXvgPWSuraq2AkkxLcTBrV8f7qc76PASQj_32EViUuSbQzh61Ok632WJwQ5EN75kEL0Sxbajqey_MRQGZceF1zm1GL-dbYsVUl4CP7hTAwkpspdGoc=w915-h515-k-no,93,APPLICATION,2026-09-15 23:52:48.270998+05:30,APPLICATION,2026-09-16 16:14:12.454043+05:30,f
ChIJR6ruPLcXXRgRWDqEGVJ3AP0,The Big Baobab Tree in Jambiani,Sights & landmarks,cultural_landmark,Unguja,Kusini,-6.3219083,39.5466215,,92,APPLICATION,2026-09-15 23:52:48.267231+05:30,,,f
ChIJJ8g9GwDdXBgRtqZNC_7XS8I,Coral reef sanctuary,Nature & parks,park,Unguja,Magharibi,-6.2774569,39.1748549,https://lh3.googleusercontent.com/gps-cs-s/AHRPTWl3ZQAYLFdszA5TExsh-A0CqFxsiyvJ9U1grmmw_Z4ixC4kpDYftCSllYIb_ZQKmOVV4Mee1iCsSKlfGMrKV6fB24yKILwJHjMpRbWdk3sDHTdhAzzpsI-HKDFfKHwb6QB3VBmuL3cSYHTP=w915-h1986-k-no,117,APPLICATION,2026-09-15 23:52:48.368447+05:30,APPLICATION,2026-09-16 16:25:09.773046+05:30,f
ChIJwfpMdwAXXRgRKs1S2kQEg4s,Quad adventure Jambiani,Sights & landmarks,tourist_attraction,Unguja,Kusini,-6.3136875,39.5453281,,95,APPLICATION,2026-09-15 23:52:48.278799+05:30,,,f
ChIJmcsa5rgXXRgRsOJoikLAA04,ZAMAFRICA ART GALLERY,Museums & galleries,art_gallery,Unguja,Kusini,-6.3079192,39.5433413,https://lh3.googleusercontent.com/gps-cs-s/AHRPTWlRkmLGDVJZs9MHFwxKFG0Y3yrvgPnEWcY5pFwG9qs9y3krUEsJdWJgB9GEgjmsX9K3FMhHL1iB5fF4ggbwHtK4YkeFx6Ao5QwqNaFT6B_D-t9OdFo_7BIv6K2VwaShUp8lVPT21prz6ljF=w915-h514-k-no,103,APPLICATION,2026-09-15 23:52:48.31336+05:30,APPLICATION,2026-09-16 16:52:45.785135+05:30,f
ChIJy4XvSgAXXRgRPoEeBEKu0tk,Bustani Ya Amani / The Garden of Peace,Nature & parks,park,Unguja,Kusini,-6.3318241,39.5445981,,97,APPLICATION,2026-09-15 23:52:48.287452+05:30,,,f
ChIJVWoHmmQXXRgRP5kKvz-Z3Zw,Zanzibar / Local Boat Trip / Msimba Association / Ngalawa Tour and Snorkeling,Activities & adventure,adventure_sports_center,Unguja,Kusini,-6.3217097,39.5488507,,98,APPLICATION,2026-09-15 23:52:48.291442+05:30,,,f
ChIJwbWCAQAXXRgRLWKzMT56Pb8,Deluxe Beach,Sights & landmarks,tourist_attraction,Unguja,Kusini,-6.3422321,39.5570895,,99,APPLICATION,2026-09-15 23:52:48.296027+05:30,,,f
ChIJV6KZ98kXXRgRPuvxGsU8d7w,Haji De Zanzibar,Tour operators & agents,tour_agency,Unguja,Kusini,-6.3246175,39.5490667,,100,APPLICATION,2026-09-15 23:52:48.300336+05:30,,,f
ChIJWyA5pNcXXRgR-EdtJJF9ff0,CONGOMAN Cave and Bungalow,Sights & landmarks,tourist_attraction,Unguja,Kusini,-6.3027475,39.5339336,,106,APPLICATION,2026-09-15 23:52:48.325495+05:30,,,f
ChIJmzjefgAXXRgRsLIDrgwagQM,Kibigija Beach,Sights & landmarks,tourist_attraction,Unguja,Kusini,-6.303567,39.543003,,107,APPLICATION,2026-09-15 23:52:48.329406+05:30,,,f
ChIJq1aAeB4XXRgRK3CId-E71_8,rajabu aly taxi & safari zanzibar,Transport,taxi_service,Unguja,Kusini,-6.299749599999999,39.5416819,,108,APPLICATION,2026-09-15 23:52:48.332995+05:30,,,f
ChIJ_YK0cAAXXRgR1evnrM-MhN4,Snorkel point,Sights & landmarks,tourist_attraction,Unguja,Kusini,-6.3296442,39.5609434,,110,APPLICATION,2026-09-15 23:52:48.340151+05:30,,,f
ChIJNffjNAAXXRgR7beLbcjoRd4,Mussa's farm,Nature & parks,garden,Unguja,Kusini,-6.3237668,39.5232571,,111,APPLICATION,2026-09-15 23:52:48.344449+05:30,,,f
ChIJSWw9WQAXXRgRG8MvQdOBF3U,Natural Garden Beach,Sights & landmarks,tourist_attraction,Unguja,Kusini,-6.345211099999999,39.5591531,,113,APPLICATION,2026-09-15 23:52:48.351936+05:30,,,f
ChIJW9zubAAXXRgRX3JtjaCqn-Q,Blu laguna Jambiani Zanzibar,Sights & landmarks,tourist_attraction,Unguja,Kusini,-6.3183054,39.5576444,,116,APPLICATION,2026-09-15 23:52:48.364116+05:30,,,f
ChIJSRY5RADdXBgRglG2saXvgpA,Forest sanctuary,Nature & parks,park,Unguja,Magharibi,-6.276285499999999,39.1769306,,118,APPLICATION,2026-09-15 23:52:48.37258+05:30,,,f
ChIJs77dYwDdXBgREDD3IceqE3k,Mangrove pool,Sights & landmarks,tourist_attraction,Unguja,Magharibi,-6.280406,39.176709,,119,APPLICATION,2026-09-15 23:52:48.376275+05:30,,,f
ChIJCW5kI7bdXBgR7qkj53OajiA,hotelroom 6 view,Nature & parks,garden,Unguja,Magharibi,-6.28102,39.1773,,120,APPLICATION,2026-09-15 23:52:48.380299+05:30,,,f
ChIJT7fPcADdXBgRJS9kU3MWA_A,View point,Activities & adventure,hiking_area,Unguja,Magharibi,-6.280871899999999,39.17855,,121,APPLICATION,2026-09-15 23:52:48.385172+05:30,,,f
ChIJ08OKGxffXBgR-17SunfpHpQ,Suleiman mbarouk ground dimani,Sights & landmarks,historical_landmark,Unguja,Magharibi,-6.288909599999999,39.2838092,,122,APPLICATION,2026-09-15 23:52:48.390412+05:30,,,f
ChIJfelyoY7fXBgRJvi6o9gAms4,Seaweed Farm,Sights & landmarks,historical_landmark,Unguja,Magharibi,-6.2990682,39.2931755,,123,APPLICATION,2026-09-15 23:52:48.394362+05:30,,,f
ChIJt5M8UAAhXRgRM4xg2DXUA0w,Historic house of bikhole,Museums & galleries,museum,Unguja,Kusini,-6.2627725000000005,39.3345502,,167,APPLICATION,2026-09-15 23:52:48.595444+05:30,,,f
ChIJa2vzw0bfXBgRGsN9O14TcMc,Fumba Kids Park,Nature & parks,park,Unguja,Magharibi,-6.3086154,39.266309,https://lh3.googleusercontent.com/gps-cs-s/AHRPTWlnLenHDsD1BqsI2mWeiRBVz29ukAY9KbUpndpW6h8Kj0f5dsIKfvGnQQph17J2ZHTEgigexF-9VHG1XIN4t2OtJ8CB2ELza2PkLTu13drHVkb47ZzfLb8YqKNG4ZSH3LZ8IYrItQ=w915-h686-k-no,86,APPLICATION,2026-09-15 23:52:48.24283+05:30,APPLICATION,2026-09-16 14:43:02.772085+05:30,f
ChIJDZrEk8QVXRgRjDPSAjSyf4Q,Woo South,Sights & landmarks,tourist_attraction,Unguja,Kusini,-6.3378168,39.5831441,https://lh3.googleusercontent.com/gps-cs-s/AHRPTWmMQQFACn8BZ5vgno6r5XxzLTOsw21xIh898oQXTF150x2yA-dn8KLBHWw9YM0rO20-ZpWyPG6xZDVCGCAWLP1mHW2ALx5jc7BhmS3SXRtDzY6Q6TUEOXVjUGyqvx_h_mh5_JY=w915-h1525-k-no,114,APPLICATION,2026-09-15 23:52:48.355809+05:30,APPLICATION,2026-09-16 15:28:19.281549+05:30,f
ChIJFV01zZgXXRgRPw0wDy03zJA,Art and Painting Lessons,Museums & galleries,art_gallery,Unguja,Kusini,-6.3346788,39.5536951,https://lh3.googleusercontent.com/gps-cs-s/AHRPTWmk48zjPsRE1wVcZxIMb-s7qUjVIZWQKAGSWzZmBB0vh3JQ2IJUR3keQ42CR8WsshpPxE0BYUXHm2iNyO6TQcjk7Lg2MYjNdh0Swgu4cEvc62_tnTeqSZ6zcuNeNr4IWcyGIpQI=w915-h1220-k-no,115,APPLICATION,2026-09-15 23:52:48.35944+05:30,APPLICATION,2026-09-16 15:44:03.70751+05:30,f
ChIJUX25NQAhXRgRSOOqC0qKB7Q,Pete Cave,Sights & landmarks,historical_landmark,Unguja,Kusini,-6.2874248,39.402038,,126,APPLICATION,2026-09-15 23:52:48.406605+05:30,,,f
ChIJqyy6ZbwjXRgRMtYVi7-DYdg,Jozani Forest National Park Mangrove Walk,Nature & parks,national_park,Unguja,Kusini,-6.2792549,39.4269276,,127,APPLICATION,2026-09-15 23:52:48.410874+05:30,,,f
ChIJhyGilTDZXBgRol8-CQwu7zQ,Shree Swaminarayan Temple Zanzibar,Places of worship,hindu_temple,Unguja,Magharibi,-6.2254717,39.2376433,https://lh3.googleusercontent.com/gps-cs-s/AHRPTWnr_RQmYnLwZvFIw5XubfL_XDaXZpWZSDg2IjhxCg5eRVj6UeQXE71NNj4LQ52VoGno46Q2roc2OhSu0Kw2V1pUv_ddzhlf_A-ZzRbE7Bd85p2KN0GqquHgcMbhfQMEPtyhpWLlTJ_jqah1=w915-h1681-k-no,160,APPLICATION,2026-09-15 23:52:48.564198+05:30,APPLICATION,2026-09-16 16:10:11.871774+05:30,f
ChIJM_34zo8jXRgRtgBF4UsZ4q8,Jozani Forest,Nature & parks,national_park,Unguja,Kusini,-6.2692058,39.4256063,https://lh3.googleusercontent.com/gps-cs-s/AHRPTWnfs9O_GSAzTCfpuZYAlPb_psFq1GRJcaiPQPeQsgXahx5hA1FGEv7LYNA0fXpZpUNEpY-Q0xvEblNfIFtWIaaBQ05a3fiJME6FBhfEm5bCW_jb-m1LX9ANn1z0anq9jpnNC7b0wdkLXKFK=w915-h1220-k-no,142,APPLICATION,2026-09-15 23:52:48.486503+05:30,APPLICATION,2026-09-16 16:47:47.679786+05:30,f
ChIJNQXSaX4jXRgRvANA-7MCFnU,Mangrovenwald,Nature & parks,national_park,Unguja,Kusini,-6.2806136,39.4288269,https://lh3.googleusercontent.com/gps-cs-s/AHRPTWlDU5OFsQW4CP89ISbx2oGpedvVczFBUiSA9DweyJLUtP2rkQYuNE9jfED8C82xIsFEIYEv1t_a1okkoul0eH4bygPK5XsDt_82XbHTW5O7xeHjXqnp_l-QrrnkP_nu0ARgKpuQ=w915-h555-k-no,133,APPLICATION,2026-09-15 23:52:48.443699+05:30,APPLICATION,2026-09-16 17:02:18.102885+05:30,f
ChIJs_qSE1AjXRgRGDdEsG-kTZ0,Pete Spice Farm,Sights & landmarks,tourist_attraction,Unguja,Kusini,-6.2880367,39.41462,,136,APPLICATION,2026-09-15 23:52:48.458841+05:30,,,f
ChIJ-xK82r4jXRgRdBkVk_iLJ6g,Uwemajo Jozani Reptiles Park,Sights & landmarks,tourist_attraction,Unguja,Kusini,-6.2764619,39.4259481,,137,APPLICATION,2026-09-15 23:52:48.463807+05:30,,,f
ChIJp91_MD8jXRgR_xPFAlJZ4AA,bebişimin mangrove’u :),Nature & parks,garden,Unguja,Kusini,-6.279072299999999,39.4275589,,139,APPLICATION,2026-09-15 23:52:48.473418+05:30,,,f
ChIJW6WeFt4jXRgRMmwJeb2LUHU,Jozani Chwaka Bay National Park and Biosphere Reserve.,Nature & parks,national_park,Unguja,Kusini,-6.2706135,39.4184394,,141,APPLICATION,2026-09-15 23:52:48.481923+05:30,,,f
ChIJSUmRbUI9XRgR7fzYaiFMVFg,Paje Cave,Sights & landmarks,tourist_attraction,Unguja,Kusini,-6.2836151,39.5335373,,145,APPLICATION,2026-09-15 23:52:48.499462+05:30,,,f
ChIJU3rJPhg9XRgRrUuEePK4SrQ,Asiri faniture paje now is available bwejuu,Nature & parks,nature_preserve,Unguja,Kusini,-6.2739458,39.5328577,,148,APPLICATION,2026-09-15 23:52:48.513999+05:30,,,f
ChIJUXanOo0XXRgRqaylHMUX2Y4,KIPEPEO BLUU GARDEN,Nature & parks,garden,Unguja,Kusini,-6.3155921,39.545223,,149,APPLICATION,2026-09-15 23:52:48.518313+05:30,,,f
ChIJP6YsQhkXXRgRuvq3A6P8QuI,tangawiz,Nature & parks,garden,Unguja,Kusini,-6.3155908,39.5452187,,150,APPLICATION,2026-09-15 23:52:48.522944+05:30,,,f
ChIJPbEgdDbZXBgRbdc2XMIfy4M,The Legend Sports Center,Activities & adventure,amusement_park,Unguja,Magharibi,-6.2414906,39.2789719,,154,APPLICATION,2026-09-15 23:52:48.539897+05:30,,,f
ChIJOUoEBwDfXBgRIfaGqFANUj8,Kisakasaka cave,Sights & landmarks,historical_landmark,Unguja,Magharibi,-6.2647593,39.2759752,,155,APPLICATION,2026-09-15 23:52:48.544347+05:30,,,f
ChIJZxkTicjfXBgRTz59B73mjDs,chomvi cave,Activities & adventure,hiking_area,Unguja,Magharibi,-6.2623641,39.2747471,,157,APPLICATION,2026-09-15 23:52:48.552742+05:30,,,f
ChIJWexEPCrZXBgRAO9bokVXqkM,Uhg,Sights & landmarks,castle,Unguja,Magharibi,-6.246562099999999,39.2578913,,158,APPLICATION,2026-09-15 23:52:48.556408+05:30,,,f
ChIJY_41OTfbXBgR8J47qSAoyM0,Msonge Family Organic Farm,Nature & parks,garden,Unguja,Magharibi,-6.2309386,39.2351047,,159,APPLICATION,2026-09-15 23:52:48.560184+05:30,,,f
ChIJ2ySSNwDZXBgRUSkR6dViMRs,Maungani,Museums & galleries,museum,Unguja,Magharibi,-6.2374815,39.2516518,,162,APPLICATION,2026-09-15 23:52:48.571813+05:30,,,f
ChIJU_CbEG4hXRgRXY8U1-FFr9I,Beach for sunset,Sights & landmarks,tourist_attraction,Unguja,Kusini,-6.262538,39.334128,,165,APPLICATION,2026-09-15 23:52:48.584492+05:30,,,f
ChIJ4wVEcqo9XRgRzkF418eom5w,HuShop,Sights & landmarks,store,Unguja,Kusini,-6.2694431,39.5346775,https://lh3.googleusercontent.com/gps-cs-s/AHRPTWmaUMLuvhlgMiIQ-pyNU6gDYBB3UOPobQ_Q_NHynJVBqVhFEPU9y6sz0GtRtEHGvc59Lezb_I93_flml25uTo2P_ud14Snt8c0IIzPmG6IUvKqtBalxtRGAgwNuwK5hvzT_NupUjw=w915-h686-k-no,147,APPLICATION,2026-09-15 23:52:48.508833+05:30,APPLICATION,2026-09-16 00:14:48.963656+05:30,f
ChIJ68_UCKQjXRgRAkowCM3VcTc,Jozani Spice Farm,Sights & landmarks,tourist_attraction,Unguja,Kusini,-6.2851255,39.41600040000001,https://lh3.googleusercontent.com/gps-cs-s/AHRPTWnjHkCOLXN2I90HDiySMKk8ytMk42y8GqzZlhaB_UcwzY-Njae4aWSdZCae82U5sy-Y8pc48cO4XAanoJHqCDi7G9K3VbPp1MOVLSuNlpuDMMEf4FXnT-Dhx_VcHEkjWqivq9Q=w915-h514-k-no,129,APPLICATION,2026-09-15 23:52:48.41895+05:30,APPLICATION,2026-09-16 00:28:34.021683+05:30,f
ChIJbZunSl4jXRgRF_NxP4uy2EQ,Moto Museum and Workshop,Museums & galleries,museum,Unguja,Kusini,-6.283345499999999,39.4080814,https://lh3.googleusercontent.com/gps-cs-s/AHRPTWlL6vUAtvYb0RBQ1GosH04T-QALVTyvA-qBGJ9w0qCEOaCuhYTD0_L8ZCLYGV45SHqE8ISIKBdiwEn4rYEHBLkDcle1TflQ2QAg7J7OQYGhIvvqlLIgKfs1h3yHbBMfRUIMjF_0qQ=w915-h1220-k-no,134,APPLICATION,2026-09-15 23:52:48.448287+05:30,APPLICATION,2026-09-16 15:07:06.796313+05:30,f
ChIJc89X6cbdXBgRhYA-_CRaQvA,Fahad farm buyu,Nature & parks,garden,Unguja,Magharibi,-6.255130599999999,39.2339922,https://lh3.googleusercontent.com/gps-cs-s/AHRPTWkEnW6kY0n-NGgmFBGdGjFhU16u2WS4PzXo4m4_TVCKJdrWovRvaE5S5frFLnN8YpaI79e9PKyD1VU5AScUeWRnW6aYGWK7BPErd14VnfzALRsI9HIB3gFaJS6T698C6FOcorO38iR8xBKO=w915-h1626-k-no,152,APPLICATION,2026-09-15 23:52:48.531333+05:30,APPLICATION,2026-09-16 15:09:13.794417+05:30,f
ChIJCwyV1OzfXBgRlzZt5UypF9o,Cave Fumba,Sights & landmarks,tourist_attraction,Unguja,Magharibi,-6.2650369,39.2747209,https://lh3.googleusercontent.com/gps-cs-s/AHRPTWkF7HpvnIlKDOPg4L5YKsxVw3QNO_KzUHJ-r5pu98IiDxLJdye5jqL5wwvw8I0BtTcd-YDcpU3fB8sIg9QPOwWg3ADfgKg2wjlA3L1Ms18X03vMf2uqe-A34wtR4Ud-Py82KMHGKn0K26JV=w915-h1220-k-no,156,APPLICATION,2026-09-15 23:52:48.549044+05:30,APPLICATION,2026-09-16 15:18:38.515676+05:30,f
ChIJDUEJ3Q8jXRgRFo6uwnWwrmE,Jozani Butterfly & Boutique,Wildlife,zoo,Unguja,Kusini,-6.278611,39.4253363,https://lh3.googleusercontent.com/gps-cs-s/AHRPTWmT1rdqmQAru9ulfD4K1ymioxkpq-aLr8zUpC_szZbmdtNrtL3_1AznImC4dyAJj1KjnO0fH-LjZVk-nifCaz9cQjKvq69WsDNTkolV9vXnvsJMuZ0oK7FgcwfRPvCZJmofpA5H=w915-h1220-k-no,135,APPLICATION,2026-09-15 23:52:48.452482+05:30,APPLICATION,2026-09-16 15:26:56.065155+05:30,f
ChIJF_McOQAXXRgRQCehb6XCRW0,Dante‘s Farm,Nature & parks,garden,Unguja,Kusini,-6.325455799999999,39.5227333,https://lh3.googleusercontent.com/gps-cs-s/AHRPTWnq0yGh3NOMbrOKuECdyDdyDZPm_G-Wpze3K0eRGAxZcVOyFaAYnPBbjo3mlvNn3Juq-z9xEOVwRsQLwbBJi52UGLnuDWLpkFdf1TckcDWizFk0QXbhA4A8U6w7Au5MNTTtnueKxWEKENec=w915-h686-k-no,151,APPLICATION,2026-09-15 23:52:48.527092+05:30,APPLICATION,2026-09-16 15:42:13.662503+05:30,f
ChIJfVolCQDZXBgRCOXVgwKHO9I,Kwa Mjeshi,Activities & adventure,off_roading_area,Unguja,Magharibi,-6.2233491,39.2472996,,161,APPLICATION,2026-09-15 23:52:48.567933+05:30,APPLICATION,2026-09-16 15:44:25.883795+05:30,f
ChIJKbjTcwAhXRgRGvEG9Uszubg,Madiha's Mango Grove Tunnel,Sights & landmarks,tourist_attraction,Unguja,Kusini,-6.2577102,39.337955,,168,APPLICATION,2026-09-15 23:52:48.601517+05:30,,,f
ChIJFZR0NwAfQxgR-dOx3ArC6_U,The Lagoons Zanzibar,Wildlife,aquarium,Unguja,Kaskazini A,-5.7257111,39.3029582,https://lh3.googleusercontent.com/gps-cs-s/AHRPTWkPZkjEAGQgWwHw-DwZ71TVvWvsx_Nm4wvrrZ5aGFxn7W4lpbMMx-GlrJxS9nHXF1yJCa9SZdmsUb84jqEiFFfBrjF_Kd0VSWKd57xNIhYpmdoPO3QqEinYsyl6tiiCEV_PR4gIbg=w915-h1220-k-no,670,APPLICATION,2026-09-15 23:52:50.679073+05:30,APPLICATION,2026-09-16 15:48:21.730079+05:30,f
ChIJ2_2XNgAjXRgRHiDzXP_Iy6A,Nbaga Forest Reserve,Nature & parks,national_park,Unguja,Kusini,-6.243805999999999,39.4542888,,170,APPLICATION,2026-09-15 23:52:48.613155+05:30,,,f
ChIJt8ybMgA9XRgRHhW7jsyZZf0,Rasta Avocado Farm,Nature & parks,garden,Unguja,Kusini,-6.2538318,39.4994562,,171,APPLICATION,2026-09-15 23:52:48.61798+05:30,,,f
ChIJWfvhb3E9XRgRXrqfW5nfhGI,Paje Beach,Sights & landmarks,tourist_attraction,Unguja,Kusini,-6.2680431,39.5365016,,172,APPLICATION,2026-09-15 23:52:48.622929+05:30,,,f
ChIJWciSJQA9XRgRLuko4-KXC5k,Bwejuu Zanzibar,Sights & landmarks,tourist_attraction,Unguja,Kusini,-6.2417506,39.5344717,,173,APPLICATION,2026-09-15 23:52:48.627507+05:30,,,f
ChIJG_QGvLvbXBgRQ-KuAomZiCo,2 Winds Paddle Sports - Zanzibar,Activities & adventure,sports_school,Unguja,Magharibi,-6.2230965,39.2042228,https://lh3.googleusercontent.com/gps-cs-s/AHRPTWm1sjOW7jxn0ijjf3IIsw9UDzK5FocIboAEedxmTOpEJEQbG4h7TFxGhe2h-SGXS2DBbD6TrL5QJOjmV_HUHo2Ha-9BcYjSIHc0AE136gj8Ad-5OsI6R-prv7wVdfaToQ0mfwey=w915-h686-k-no,180,APPLICATION,2026-09-15 23:52:48.656176+05:30,APPLICATION,2026-09-16 15:56:03.038176+05:30,f
ChIJy5RRqXjRXBgRmTPUPKfPYkA,Chiriku Safari Zanzibar,Tour operators & agents,tour_agency,Unguja,Kusini,-6.2680375,39.5288048,,175,APPLICATION,2026-09-15 23:52:48.635141+05:30,,,f
ChIJH1AX2DLbXBgRHnNQ2uEJG5k,FORODHANI SEA SIDE,Nature & parks,park,Unguja,Mjini,-6.2054847,39.2144846,https://lh3.googleusercontent.com/gps-cs-s/AHRPTWnbqs621XDy_KscLdEGUFhtrivmxGfcz997eakbuEEgW6p6IbRImDQPtjLUx6eWNAMbk8BujrUgNbe9JIbXg8ZjqIabLqdrQ9J_bNi0Ucbvh6S28AyzEVaDPBTX_gyijeYK27LW=w915-h686-k-no,188,APPLICATION,2026-09-15 23:52:48.686894+05:30,APPLICATION,2026-09-16 16:00:08.841416+05:30,f
ChIJWYlPJ1k9XRgR2wL4PHfEs3M,Zebra Art Shop,Museums & galleries,art_gallery,Unguja,Kusini,-6.2689277,39.5328457,,177,APPLICATION,2026-09-15 23:52:48.642431+05:30,,,f
ChIJo8aprkvbXBgRgdr6Ct4_tvI,Forster Gallery,Museums & galleries,art_gallery,Unguja,Mjini,-6.2086823,39.2049759,,179,APPLICATION,2026-09-15 23:52:48.652208+05:30,,,f
ChIJpUMos0XbXBgRiw5yHbgyyZ4,Inbai beach,Sights & landmarks,tourist_attraction,Unguja,Mjini,-6.209299,39.2013944,,182,APPLICATION,2026-09-15 23:52:48.663735+05:30,,,f
ChIJj_FpZgDbXBgRQbn6Z0btXno,Mbweni Ruins,Sights & landmarks,historical_landmark,Unguja,Mjini,-6.2096505,39.202445,https://lh3.googleusercontent.com/gps-cs-s/AHRPTWkHFFnkWi9bu1ZvHjQLtGWpKNv1PlwGzhqUiNWRD-OMUbQx2bDf_fXgrZRAmdKct7mldfBqNBCLHA2HVow4CTDWCjXeXmOYpKZ7u5_imwpjOhmTAaltyRtEcLwDZpARODSxjDFtem6j8DU=w915-h686-k-no,181,APPLICATION,2026-09-15 23:52:48.659954+05:30,APPLICATION,2026-09-16 16:27:28.429283+05:30,f
ChIJm2HQUK_bXBgRmXPBZEXMA3w,Kwa bablali,Activities & adventure,off_roading_area,Unguja,Magharibi,-6.2328547,39.217559,https://lh3.googleusercontent.com/gps-cs-s/AHRPTWkTQ88UG2EyJd8lNWl8h0DovJZ7XGnU1G1WIGMZWqcJ9zIHbzJ1rfuFq3EFK1UAA0GauBdtsIkUVlAtM4_Hk0IWnPNx4TS7mKGB1XkW6AAcr-l6f1-Ko9hNlUHeDA-keu5rTEPM=w915-h1220-k-no,204,APPLICATION,2026-09-15 23:52:48.755496+05:30,APPLICATION,2026-09-16 16:47:02.733495+05:30,f
ChIJS9XD6avbXBgRf-nnRXCwzu4,Mozeti Tours & Safaris,Activities & adventure,,Unguja,Mjini,-6.19275,39.20891100000001,,189,APPLICATION,2026-09-15 23:52:48.690754+05:30,,,f
ChIJoTetcXHbXBgRiotqoYgdrYc,Ridondo yammy yami,Nature & parks,park,Unguja,Mjini,-6.188276300000001,39.2232607,,190,APPLICATION,2026-09-15 23:52:48.695075+05:30,,,f
ChIJX3L5AB3bXBgR8LZj20w_4Bo,Madukasaba,Nature & parks,garden,Unguja,Mjini,-6.1961548,39.2297569,,192,APPLICATION,2026-09-15 23:52:48.703532+05:30,,,f
ChIJdZpoKgDbXBgRr4r7bw6wanY,Bustani zanzibar,Nature & parks,garden,Unguja,Mjini,-6.1919005,39.2297569,,193,APPLICATION,2026-09-15 23:52:48.707976+05:30,,,f
ChIJP7K6Wua_0YIRoZAeBdAZxY4,Mjukuu Adventures,Wildlife,,Unguja,Mjini,-6.1942963,39.2163356,,194,APPLICATION,2026-09-15 23:52:48.711958+05:30,,,f
ChIJ3yJKVQDRXBgR7Q6z0Qb0KJU,Ommis Land,Nature & parks,garden,Unguja,Mjini,-6.1806462,39.2023536,,196,APPLICATION,2026-09-15 23:52:48.719701+05:30,,,f
ChIJfWADLQDRXBgRpOyMhHd0DVc,Khamis,Nature & parks,park,Unguja,Mjini,-6.1811966,39.2047495,,197,APPLICATION,2026-09-15 23:52:48.72367+05:30,,,f
ChIJOw0W0KfbXBgR6K_U39r2C5w,Saad Tours And Safari,Sights & landmarks,tourist_attraction,Unguja,Mjini,-6.2059323,39.2166423,,199,APPLICATION,2026-09-15 23:52:48.732923+05:30,,,f
ChIJTyFRx7zbXBgR7lCH5-myKTc,Yassir Zanzibar Tours,Sights & landmarks,tourist_attraction,Unguja,Magharibi,-6.2192778,39.21690530000001,,200,APPLICATION,2026-09-15 23:52:48.737026+05:30,,,f
ChIJt8XWesbZXBgRrO-PvaGMWVs,AG Tours & Safaris company limited,Tour operators & agents,tour_agency,Unguja,Mjini,-6.1926221,39.2492241,,205,APPLICATION,2026-09-15 23:52:48.759523+05:30,,,f
ChIJpUHPjobZXBgRuRR01Rrq-_U,Magirisi Stadium,Activities & adventure,adventure_sports_center,Unguja,Mjini,-6.189486,39.238604,,206,APPLICATION,2026-09-15 23:52:48.763388+05:30,,,f
ChIJwTAnxX_bXBgRuye_rC8sXIo,Zanzibar Vibes travel,Tour operators & agents,tour_agency,Unguja,Mjini,-6.186388699999999,39.2361614,,207,APPLICATION,2026-09-15 23:52:48.767876+05:30,,,f
ChIJ6UyIckTaXBgRGfFHZMCi3O0,Chumbe Island Coral Park (CHICOP) Head Office,Nature & parks,park,Unguja,Mjini,-6.204750199999999,39.2101127,https://lh3.googleusercontent.com/gps-cs-s/AHRPTWmnXKxL1nOiZduBpQ3v1b9eEtojGBMD6atia6EVPhDu9ojQqHlzdg0S8_MnATIQsAZA0GrRFS5DANegYr6xnqWdvIs4d1fG5IdaAVJCqOpxdcR5h-jy6mZRWI89K3ZFRc6yB_pW=w915-h1220-k-no,183,APPLICATION,2026-09-15 23:52:48.667535+05:30,APPLICATION,2026-09-16 00:36:30.974979+05:30,f
ChIJ821HlUHaXBgR2W-dxmuYojI,Masjid Sultan Qabus جامع زنجبار,Places of worship,mosque,Unguja,Mjini,-6.2008052,39.2128515,https://lh3.googleusercontent.com/gps-cs-s/AHRPTWnuVf4lcNWwNc9__yld0tBHYEjJFDvnACu-cv3njNGb4BsSaQEuLzy_MtL5iS159ixdC116BsuKJHtIXFWsyGSbpG59ZHaVOKV6kFBGIDk8HYRlw_UYXFkNMJC5sJGE7FBGbtmXE5---m0K=w915-h686-k-no,186,APPLICATION,2026-09-15 23:52:48.678992+05:30,APPLICATION,2026-09-16 14:30:13.507667+05:30,f
ChIJ9QeOXADbXBgRXkcHKV-lWZs,Pink palm zanzibar,Nature & parks,garden,Unguja,Magharibi,-6.2243108,39.2156007,,202,APPLICATION,2026-09-15 23:52:48.746148+05:30,APPLICATION,2026-09-16 14:39:27.612684+05:30,f
ChIJa9j1RRDRXBgRTMW8W05HRos,Mnara wa mbao,Sights & landmarks,historical_landmark,Unguja,Mjini,-6.1808956,39.2047924,https://lh3.googleusercontent.com/gps-cs-s/AHRPTWn7MiXM5syFL09KNWw2jZIyOgTKjpplOnTX4YNe1WR6HARCkuZThLHDcCYYrIpYczkqolscru6HIQVgBfveUjPe_B99ihzQ1hwTpH2M51Y-2s88KRq3gGpIdHPi1eqFaHu4C1sE=w915-h1220-k-no,195,APPLICATION,2026-09-15 23:52:48.715781+05:30,APPLICATION,2026-09-16 14:44:06.606045+05:30,f
ChIJcWEwUUjVQhgRlm6fO6UepYA,Oscar Trip,Tour operators & agents,travel_agency,Unguja,Mjini,-6.1765037,39.2248147,,209,APPLICATION,2026-09-15 23:52:48.775482+05:30,APPLICATION,2026-09-16 15:17:56.907669+05:30,f
ChIJD7LMEADXXBgRWHbUh9S3z1U,naifat,Nature & parks,garden,Unguja,Mjini,-6.1777583,39.2438222,,208,APPLICATION,2026-09-15 23:52:48.771754+05:30,APPLICATION,2026-09-16 15:24:16.711635+05:30,f
ChIJfzvTBwBtQhgRm_JWWjzhUqg,Madungu Garden,Nature & parks,garden,Pemba,Chake Chake,-5.2536115,39.7747434,https://lh3.googleusercontent.com/gps-cs-s/AHRPTWnHkozF6uM3ffDduyFGNqvE-suR-9n0X_R4qqxRVRdC6K40gSAuo7rsuN5hmJXDxRsfaGrIJF0QR1rEzo5Zvrmul5Cq8H3i94j4QegFKeOLhgLAtv0amPE24O7t1MdGzFC_DL-cvg=w915-h513-k-no,745,APPLICATION,2026-09-15 23:52:50.983391+05:30,APPLICATION,2026-09-16 15:48:43.032424+05:30,f
ChIJMSMH6KvbXBgR2KWEOPnVSdM,ISHI,Activities & adventure,adventure_sports_center,Unguja,Mjini,-6.2024712,39.2074604,,212,APPLICATION,2026-09-15 23:52:48.793209+05:30,,,f
ChIJFTjeTgDZXBgRQ4_Hyv_dnPs,Nyumdan,Nature & parks,garden,Unguja,Magharibi,-6.2186695,39.2719723,,213,APPLICATION,2026-09-15 23:52:48.79813+05:30,,,f
ChIJbbH6QADZXBgR32unr0DH3Ts,Bobo hause,Nature & parks,garden,Unguja,Magharibi,-6.197666700000001,39.294982,,214,APPLICATION,2026-09-15 23:52:48.803522+05:30,,,f
ChIJd8pTagDZXBgRPBhBx22pEA4,Mr Green Home,Sights & landmarks,historical_landmark,Unguja,Magharibi,-6.1946585,39.2955084,,215,APPLICATION,2026-09-15 23:52:48.808537+05:30,,,f
ChIJoXxAOQAnXRgRPY5qQnR8eiw,Asilia Cultural Village,Sights & landmarks,tourist_attraction,Unguja,Kusini,-6.1907507,39.33305730000001,,217,APPLICATION,2026-09-15 23:52:48.817358+05:30,,,f
ChIJY6NIBwAnXRgR-lGcAIQ1cDo,OMY LIBRARY,Places of worship,synagogue,Unguja,Kusini,-6.1966074,39.3255036,,218,APPLICATION,2026-09-15 23:52:48.821426+05:30,,,f
ChIJIbxZGQA7XRgRSEs-KNYeh0U,Bwejuu Mangrove Tunnel Kayak,Tour operators & agents,tour_agency,Unguja,Kusini,-6.205782699999999,39.5109953,https://lh3.googleusercontent.com/gps-cs-s/AHRPTWmKc_pE90fftdvwxu91s4cSIP_ab2MJPbcenyvbZVl0cFmm9Vq6VwtzxpSKcTlkDL0SIhJ16-SWMm1tgzTixgbZ1xklT9Lx_Ph3ik-Ar5xMMB4ggv_YPfThwL7Uv9afz0OR6XcDkyxlD9YC=w915-h686-k-no,219,APPLICATION,2026-09-15 23:52:48.825014+05:30,APPLICATION,2026-09-16 16:16:13.980714+05:30,f
ChIJhSWCDAA9XRgRrqvB9ud7atg,Bwejuu,Activities & adventure,hiking_area,Unguja,Kusini,-6.2413333,39.534655,,222,APPLICATION,2026-09-15 23:52:48.838334+05:30,,,f
ChIJTwh2TOfPXBgRGtR02E06s7Q,Nakupenda Beach,Beaches & coast,beach,Unguja,Mjini,-6.172089400000001,39.148942,,225,APPLICATION,2026-09-15 23:52:48.851002+05:30,,,f
ChIJj28omlvQXBgRJIy0COzAFt8,Saint Joseph's Cathedral,Places of worship,church,Unguja,Mjini,-6.1627163,39.1887115,https://lh3.googleusercontent.com/gps-cs-s/AHRPTWnCimQ5C5QhSEbvBz-0Tm_o8XZAWxtsTlpRk2pqJMltD2Nhtdg-1kRntYAslWRnEAOyLtPzCflpOSH49qwA1JU4jhtMiqedXa9ZIwoTuq4qVXIcNI1PHjlL6rbfvYM_zC0GlXI02g=w915-h1222-k-no,233,APPLICATION,2026-09-15 23:52:48.883313+05:30,APPLICATION,2026-09-16 16:22:13.916958+05:30,f
ChIJmbn3PwDPXBgRpEoXNnwYlp8,Murogo Beach,Sights & landmarks,tourist_attraction,Unguja,Mjini,-6.183722,39.1243076,https://lh3.googleusercontent.com/gps-cs-s/AHRPTWnFP4tXawRKoVkESqEY1pA_JPu55WtKMs4OHZnUshb78GHkoFS5uPCJiLENrcjyUh-8OE-gbE013ORgTnyn8iEYnzxWAtDttaIN2eVTGLzccupmaZJm9IaDVv9HQg04j4MI1UqU89SQdGFk=w915-h1220-k-no,223,APPLICATION,2026-09-15 23:52:48.842243+05:30,APPLICATION,2026-09-16 16:51:58.203704+05:30,f
ChIJuwntyl7QXBgRM2RwYaDiQHg,East Africa Slave Trade Exhibition (Slave Chambers - Cathedoral Church Of Christ),Sights & landmarks,tourist_attraction,Unguja,Mjini,-6.1633926,39.1925511,,228,APPLICATION,2026-09-15 23:52:48.863116+05:30,,,f
ChIJMUIYdZBu3UIRYDjRQDEgNzc,Afra,Sights & landmarks,tourist_attraction,Unguja,Kusini,-6.228138599999999,39.5332425,https://lh3.googleusercontent.com/gps-cs-s/AHRPTWn8neStsQsKcVoxmsfsU_Q9BB1ZY4h_VjI1BjJUFSCtRjLwB2_gGmXoVq7pRUGG06UMfEK420I3Bmrab4JgQna706-YxXdRDIpDMxE3bzZiWXixRBbKTMS4-09pHJ31jWW-Zz1JHC5_xyI=w915-h686-k-no,221,APPLICATION,2026-09-15 23:52:48.833761+05:30,APPLICATION,2026-09-16 16:57:16.555097+05:30,f
ChIJqRfj_1bQXBgRlKYA9aaQxs4,Zanzibar Ferry Terminal,Transport,ferry_terminal,Unguja,Mjini,-6.1579101,39.1919982,,230,APPLICATION,2026-09-15 23:52:48.871817+05:30,,,f
ChIJnzPBuwzRXBgR03g6NFV8xwY,Mapinduzi Square,Sights & landmarks,historical_landmark,Unguja,Mjini,-6.165503999999999,39.2001045,https://lh3.googleusercontent.com/gps-cs-s/AHRPTWmQXBaud5WJhTamphEqLmw0femrbia21NX25w70nkbu1LJJcsrdJsaIp9oKP9zxWODbfluaQF-0nYkr8MfXAFC9KqTJaBCSKU8nYYTx5LxOhk6YcuuEbZ4Yys3vDAF2zKHVTKauow=w915-h609-k-no,251,APPLICATION,2026-09-15 23:52:48.955267+05:30,APPLICATION,2026-09-16 17:07:38.689871+05:30,f
ChIJuUYSN1rQXBgRNkYhD2n8OMg,Sultan's Palace Museum,Museums & galleries,museum,Unguja,Mjini,-6.1600521,39.1905176,,239,APPLICATION,2026-09-15 23:52:48.909834+05:30,,,f
ChIJz1SeuyzRXBgRxTWZbowuwrY,Princess Salme Museum,Museums & galleries,museum,Unguja,Mjini,-6.1611378,39.1912644,,244,APPLICATION,2026-09-15 23:52:48.929727+05:30,,,f
ChIJ79Ev7DXRXBgRoyFe-BD0LGM,Mikumi,Nature & parks,park,Unguja,Mjini,-6.165193,39.1989144,,246,APPLICATION,2026-09-15 23:52:48.936837+05:30,,,f
ChIJT3OAu_nRXBgRBwyt2TvQdeE,Cosmo Tour & Safari (Residential),Sights & landmarks,tourist_attraction,Unguja,Mjini,-6.1708906,39.1989623,,248,APPLICATION,2026-09-15 23:52:48.943698+05:30,,,f
ChIJTRTQQRrRXBgR5SdFFKp1jZM,The Palace Museum,Museums & galleries,museum,Unguja,Mjini,-6.165193,39.1989144,,249,APPLICATION,2026-09-15 23:52:48.947445+05:30,,,f
ChIJ2VeCMVnQXBgR0gzXuWYbCXM,Christ Church Cathedral,Places of worship,church,Unguja,Mjini,-6.1628419,39.1925394,https://lh3.googleusercontent.com/gps-cs-s/AHRPTWk_8K1dUMjoPYP2kLHDRFmQ9qK471UAYPEFJu7p6keFC3gTlweLnJV45Ar5lI6UuxwiEDy3JQbxW3FQQVjgYmziL1ASR9sDazVxBv26A9p5iSDkYbCAUNCQxjpD2j1B8Q-nvVkx=w915-h915-k-no,236,APPLICATION,2026-09-15 23:52:48.895936+05:30,APPLICATION,2026-09-16 00:06:01.10406+05:30,f
ChIJ5Z6_TFrQXBgRG5J7QJtrhnA,Old Fort,Sights & landmarks,,Unguja,Mjini,-6.161349899999999,39.1890572,https://lh3.googleusercontent.com/gps-cs-s/AHRPTWkCMP-EL_VjHn8YCxWSaW90x_nggJt9iIa5d0Ste--GK740joMdCB-_i1Pf5d2CqDCiiQ5hCF06hiNOnr_adOvDAXXPrVt06UjV1wOHbQFTrNPqtLW_As3xWSMIUeSHClj96wHD=w915-h686-k-no,226,APPLICATION,2026-09-15 23:52:48.855182+05:30,APPLICATION,2026-09-16 00:25:34.427069+05:30,f
ChIJ6_jXCQDRXBgRAnd_9aJ6CkA,Kariakoo Amusement Park,Nature & parks,park,Unguja,Mjini,-6.1661033,39.2037735,https://lh3.googleusercontent.com/gps-cs-s/AHRPTWki5d40TOgAo2csg6Kx5mETwdZXIotwb_yvC2iIgd1G2qOGhMoYN2AC2pgGaEiMBiluiyXgeJA-7CKdyXfV_uEsv7z-O2D6p3bao-PGA_eUwO-ZkZmRAhGlVxOhuAa5qLJp7fWX4DIkf410=w915-h1222-k-no,250,APPLICATION,2026-09-15 23:52:48.951712+05:30,APPLICATION,2026-09-16 00:35:16.284791+05:30,f
ChIJBWrg21jQXBgRniOG7o4OaqU,Zanzibar Spice Community Shop,Sights & landmarks,service,Unguja,Mjini,-6.1620089,39.1938054,https://lh3.googleusercontent.com/gps-cs-s/AHRPTWk7pPDVcp9Tt9Vy15eujEvPQw3a47_kKsyF10-prj_rvBafHChdEPb-L-JbUaubBCO9lSPzysk5OVBjZhN8Q2bTpnRGi0qibgvRhdC1kBC9BR87vOtWjBVr4sJIKoJilEkyQQ5XNw=w915-h514-k-no,232,APPLICATION,2026-09-15 23:52:48.879679+05:30,APPLICATION,2026-09-16 15:06:13.37917+05:30,f
ChIJCf_4RgDRXBgRLaCU1nhmF-c,Livingstone House,Sights & landmarks,tourist_attraction,Unguja,Mjini,-6.1583441,39.2022925,https://lh3.googleusercontent.com/gps-cs-s/AHRPTWmpET5KtZXY_cyzGi2wPtzrBL3TxC4RQjzjYFICz3KXAGtWQoKbPHjTJ3QZpgopa09X5Uj9GcMEd2cYq0XhPR9JAEImzvFvBQcxp807bkDoS5g0tkhD1oXdb12eLPRZI9PT5tZ_TVViTxTW=w915-h1220-k-no,247,APPLICATION,2026-09-15 23:52:48.940392+05:30,APPLICATION,2026-09-16 15:14:07.056511+05:30,f
ChIJedMGXAXRXBgR2bdQrEEHc_4,Shangani Public Beach,Sights & landmarks,tourist_attraction,Unguja,Mjini,-6.1622143,39.1860679,https://lh3.googleusercontent.com/gps-cs-s/AHRPTWlR7nRwtMiEpONlgcHEoxbQNsuSOLlvH4rxeTHPdJgCsWps5L5r3LikcHVVPos7qnlF8RCyckmmvFCKNh-BesxGasQ1rsHY3xYQVvWpy3mL_LWdN82sRqaxV4fpl75VWdGyzj96Tg=w915-h514-k-no,240,APPLICATION,2026-09-15 23:52:48.913741+05:30,APPLICATION,2026-09-16 15:34:11.39936+05:30,f
ChIJofrCf0LRXBgRY1T3HrE_WSo,Michenzani Flats,Sights & landmarks,tourist_attraction,Unguja,Mjini,-6.1648146,39.1977523,,252,APPLICATION,2026-09-15 23:52:48.95873+05:30,,,f
ChIJQeVh1WvRXBgRL6dvLGBY4m4,ZanRaha tours & Safaris,Sights & landmarks,tourist_attraction,Unguja,Mjini,-6.1603949,39.1960319,,253,APPLICATION,2026-09-15 23:52:48.9625+05:30,,,f
ChIJwxnJAZXRXBgRbOK7Rqwf3gQ,Bwawani Wetlands,Nature & parks,park,Unguja,Mjini,-6.1648464,39.1985723,,254,APPLICATION,2026-09-15 23:52:48.966099+05:30,,,f
ChIJfYKQUUfRXBgRqag1sbhqSPY,ZANZIBAR NATIONAL ARCHIVES,Museums & galleries,museum,Unguja,Mjini,-6.1764362,39.2039033,https://lh3.googleusercontent.com/gps-cs-s/AHRPTWm8aha-9AEP3nrD3VTW1lbOLkqccrgFM6CwckH2PJukSyjaKO2CI-Z96vNkx7Aqb6OX-KRcWrqVPFcdPK4cHNpQimoQP3phB5GEggvrJmwy83DyMVXgLS_CGsdRlFyMY-rL5mPlXNhE6V_3=w915-h1372-k-no,266,APPLICATION,2026-09-15 23:52:49.023269+05:30,APPLICATION,2026-09-16 15:47:23.650997+05:30,f
ChIJq6o6-_bQXBgRJHC26hGA3HU,Exotic Tours & Safaris LTD,Tour operators & agents,,Unguja,Mjini,-6.1609056,39.1991815,,256,APPLICATION,2026-09-15 23:52:48.9743+05:30,,,f
ChIJG73lYADRXBgRHO9C78UbA4s,House of Architect Ajit Singh,Sights & landmarks,historical_landmark,Unguja,Mjini,-6.167622499999999,39.1939648,https://lh3.googleusercontent.com/gps-cs-s/AHRPTWm5v7lM2H4c-yN2TrPyOPo9JP-R_Lmt1qf9IX5PV2I5EntS8QVJedZRATmZVUCRHBqd2_I3OQuWn7SbBqe7cZMtHjduy7Hrq7jo-KO2XTB8mAUfn5Nwyw8qQy4sw_Hm6LGVJR4A=w915-h610-k-no,268,APPLICATION,2026-09-15 23:52:49.032608+05:30,APPLICATION,2026-09-16 15:54:03.293531+05:30,f
ChIJWyB0O6DRXBgRUk54VnYzbzg,Rondo Portowe,Sights & landmarks,tourist_attraction,Unguja,Mjini,-6.1568735,39.1938962,,258,APPLICATION,2026-09-15 23:52:48.983295+05:30,,,f
ChIJu3x8be3RXBgREVijW0XoObE,Mwantenga river,Beaches & coast,water_park,Unguja,Mjini,-6.172746,39.2232621,,260,APPLICATION,2026-09-15 23:52:48.99286+05:30,,,f
ChIJGVdsJvTRXBgR28zR-nDMZ30,Ruha Consultancy Firm,Sights & landmarks,consultant,Unguja,Mjini,-6.1656949,39.1964603,,280,APPLICATION,2026-09-15 23:52:49.085601+05:30,APPLICATION,2026-09-16 15:58:18.773045+05:30,f
ChIJWVXSOADRXBgRgyV3wApu2eE,Bbskns,Places of worship,hindu_temple,Unguja,Mjini,-6.168696,39.2178988,,262,APPLICATION,2026-09-15 23:52:49.002725+05:30,,,f
ChIJ6bRWY9nRXBgRNqJLYnGbDmE,Omirey gateway safaris,Sights & landmarks,tourist_attraction,Unguja,Mjini,-6.166006299999999,39.2106605,,263,APPLICATION,2026-09-15 23:52:49.007669+05:30,,,f
ChIJhYJECADRXBgRm2-KjMwT4U4,Pawa,Places of worship,synagogue,Unguja,Mjini,-6.1700941,39.2115678,,264,APPLICATION,2026-09-15 23:52:49.012964+05:30,,,f
ChIJJ3499FvQXBgRSkUzX9mQb-A,Jaw's Corner,Sights & landmarks,historical_landmark,Unguja,Mjini,-6.1633182,39.1897659,https://lh3.googleusercontent.com/gps-cs-s/AHRPTWkjQdhZf8PHCBxbkJsmfhZ-ILCkdEyq1Jgl8cR0eYLyDoXfSJ4LheUmei6w9QHQ-6Sa8Z0u53deO3V5vupK98xeNf3shEZpKIdKWLGZBMX1WclTYp1O_G3opX2niSrTWpwy1bw=w915-h686-k-no,281,APPLICATION,2026-09-15 23:52:49.092433+05:30,APPLICATION,2026-09-16 16:22:45.230067+05:30,f
ChIJVXpBKNTRXBgR9cZ_fze6Irk,fishing boats,Nature & parks,park,Unguja,Mjini,-6.17321,39.1940364,,267,APPLICATION,2026-09-15 23:52:49.028542+05:30,,,f
ChIJy1_VrSLRXBgRtztZv7SIK24,Sansibar,Sights & landmarks,tourist_attraction,Unguja,Mjini,-6.1655367000000005,39.2038022,,269,APPLICATION,2026-09-15 23:52:49.036888+05:30,,,f
ChIJ62XCpY_RXBgR-kVHMA83ohU,Simai,Nature & parks,garden,Unguja,Mjini,-6.167631999999999,39.2079038,,270,APPLICATION,2026-09-15 23:52:49.040814+05:30,,,f
ChIJm2Y9_VnQXBgRgEbmobNuJdg,Zanzibar Stone Town Heritage Society (ZSTHS),Museums & galleries,museum,Unguja,Mjini,-6.1590865,39.1913926,https://lh3.googleusercontent.com/gps-cs-s/AHRPTWlOdGC5Ihlb3QgWKiF333hEZq6UquaYqckbAHLUWw59A5Tv0wIpul1_KI-M77jYiSWEmeDxsvGyWjqQVtmQj8tTSa1Ges3AhUsDIusenCeygOe9R24D8uSsEtIROnttegAPczI=w915-h686-k-no,292,APPLICATION,2026-09-15 23:52:49.146369+05:30,APPLICATION,2026-09-16 16:47:17.271156+05:30,f
ChIJw9kxYwDRXBgRDOJC3hx0Ecw,zowange safari’s,Places of worship,synagogue,Unguja,Mjini,-6.167955,39.2038221,,272,APPLICATION,2026-09-15 23:52:49.049319+05:30,,,f
ChIJ2zB4R1PRXBgR4NfHvbuliwc,IDAROUS TOURS & TRAVEL,Sights & landmarks,tourist_attraction,Unguja,Mjini,-6.1629942,39.2098471,,274,APPLICATION,2026-09-15 23:52:49.057071+05:30,,,f
ChIJT8rvJOfRXBgRn_GbF_CfyGQ,Tilionealogisticsandtours,Sights & landmarks,tourist_attraction,Unguja,Mjini,-6.160377899999999,39.1989257,,276,APPLICATION,2026-09-15 23:52:49.0647+05:30,,,f
ChIJN6j7xRHRXBgR9HGkyLT5y4s,Zanzibar Prestige Tours,Sights & landmarks,tourist_attraction,Unguja,Mjini,-6.165193,39.1989144,,278,APPLICATION,2026-09-15 23:52:49.07264+05:30,,,f
ChIJW7cQt_LRXBgRpWF0chzxAiA,The Tanzanite Museum,Museums & galleries,museum,Unguja,Mjini,-6.1638546,39.1865009,,282,APPLICATION,2026-09-15 23:52:49.097105+05:30,,,f
ChIJSwPnm1zQXBgRGkj2cwvWARk,Tippu Tip's House,Sights & landmarks,historical_landmark,Unguja,Mjini,-6.164032,39.187227,,283,APPLICATION,2026-09-15 23:52:49.102049+05:30,,,f
ChIJQ8vmPHrRXBgRdnxKJXOIZs8,Ngome Kongwe,Museums & galleries,museum,Unguja,Mjini,-6.161438599999999,39.1888708,,284,APPLICATION,2026-09-15 23:52:49.106233+05:30,,,f
ChIJVfXrp-DRXBgRkAGV8s7Ti04,The ancient door of Stone Town,Sights & landmarks,tourist_attraction,Unguja,Mjini,-6.162466299999999,39.1892431,,285,APPLICATION,2026-09-15 23:52:49.110693+05:30,,,f
ChIJuydlsVnQXBgRoVfzLwsICU8,Site of Liverpool Scoreboard (public landmark),Sights & landmarks,tourist_attraction,Unguja,Mjini,-6.1603762,39.1930175,,289,APPLICATION,2026-09-15 23:52:49.127531+05:30,,,f
ChIJC1RHwIzRXBgRCGqMs3VLtkc,Treffpunkt Guru Walk,Sights & landmarks,historical_landmark,Unguja,Mjini,-6.1632117,39.1916142,,290,APPLICATION,2026-09-15 23:52:49.13446+05:30,,,f
ChIJab42MYfRXBgRs5jHEEM-L1I,Africa House Garden,Sights & landmarks,tourist_attraction,Unguja,Mjini,-6.1645625,39.1868125,https://lh3.googleusercontent.com/gps-cs-s/AHRPTWkSviBDlzLRbWWaDMyR4NyZANqgKGU7g-pgWJwFXWo2RT6Z5SKFUUJDxOTGUlVGIN0y_PerGIM-KuePA-BEPdYnF6g8EZ-tnGLsxkD7nTla7-y9XnL14HE4An4-nDtwniQe6WIJ8pn0bdlN=w915-h686-k-no,286,APPLICATION,2026-09-15 23:52:49.114717+05:30,APPLICATION,2026-09-16 14:45:38.259342+05:30,f
ChIJ-anZKgDRXBgRGrsyXAEry2k,Zanzinbar,Sights & landmarks,tourist_attraction,Unguja,Mjini,-6.165193,39.1989144,,277,APPLICATION,2026-09-15 23:52:49.068862+05:30,APPLICATION,2026-09-16 14:48:43.65425+05:30,f
ChIJCbtBvLrRXBgRtv_VINzHyFA,Haji Zanzibar Tours,Tour operators & agents,tour_agency,Unguja,Mjini,-6.1723976,39.2227929,https://lh3.googleusercontent.com/gps-cs-s/AHRPTWk0IZvJSsebhes5pJpCVytkEWuTmfeWY-xYY1xxDHviJAkguBpHkSX7fcM9oHbVLdX_WrZS3EuXaScFI92Tj4GiHsDBHMZ70H2g8cYfdyk3LiS1T6BTdbPyA8ZFEA3fqn2P7AlGFQ=w915-h457-k-no,261,APPLICATION,2026-09-15 23:52:48.997471+05:30,APPLICATION,2026-09-16 15:12:40.066313+05:30,f
ChIJDxM7dQDRXBgRUMIkdYvWSDo,GARDEN CAVE,Sights & landmarks,tourist_attraction,Unguja,Mjini,-6.165193,39.1989144,https://lh3.googleusercontent.com/gps-cs-s/AHRPTWmwgYOne4TcO9mVbZ1YEjbvTWSAwrPFTu99yV6ZOUQdMUBrn4DkTTmXAs3h6EVBKsdte0au8bAZJa5Hpn4cwLrdCnh2J8NmPvbUYMFEoY7m6oDHuK1r4aoMAo5vC6aHuMc50kIQQ4vGjTc-=w915-h686-k-no,275,APPLICATION,2026-09-15 23:52:49.061228+05:30,APPLICATION,2026-09-16 15:27:06.70987+05:30,f
ChIJXaaTurHRXBgR-ctDJmfqQEk,Hifadhi Zanzibar Ltd,Museums & galleries,,Unguja,Mjini,-6.1594474,39.1918109,,295,APPLICATION,2026-09-15 23:52:49.160063+05:30,,,f
ChIJx_3eJYvRXBgRjUp2_WIKbN0,Emless Tours and Travel,Sights & landmarks,tourist_attraction,Unguja,Mjini,-6.159128399999999,39.1934572,,297,APPLICATION,2026-09-15 23:52:49.168239+05:30,,,f
ChIJuc1rKV3RXBgRYibbTfpXjsA,Bowse Space,Museums & galleries,cultural_center,Unguja,Mjini,-6.159046,39.1914641,,298,APPLICATION,2026-09-15 23:52:49.172924+05:30,,,f
ChIJU_lfSu3RXBgRTwnl2ZqH_r8,Zanzibar taxi services,Sights & landmarks,tourist_attraction,Unguja,Mjini,-6.162008999999999,39.1937106,,299,APPLICATION,2026-09-15 23:52:49.176857+05:30,,,f
ChIJg2Z0IgDRXBgRFGQROVTE0EY,Stone Town vieux marché,Sights & landmarks,historical_landmark,Unguja,Mjini,-6.1624231,39.1941533,,300,APPLICATION,2026-09-15 23:52:49.180504+05:30,,,f
ChIJFzYsi5PRXBgRP3VlRpo4_cU,Gos tour in #zanzibar. Get your guide for slave market & Stone town city,Museums & galleries,museum,Unguja,Mjini,-6.162839600000001,39.1925504,https://lh3.googleusercontent.com/gps-cs-s/AHRPTWn3Yii9FKHKjRNGVKBpZtAoyTiS9U9EexYFnUKInfuhkMd9z3Fnm2Gt0MHPHuGizTcifaJLnmn0-YBni_QQQaJL1IWGoJpf_kcHEjcDyWJkrhPa83ohKsD6mALCO7mu1EV7IsxcJw=w915-h609-k-no,237,APPLICATION,2026-09-15 23:52:48.899816+05:30,APPLICATION,2026-09-16 15:49:43.67993+05:30,f
ChIJi2E8_QrRXBgRQNxGVgbkZaU,Фордани Парк,Museums & galleries,museum,Unguja,Mjini,-6.1604746,39.1887239,https://lh3.googleusercontent.com/gps-cs-s/AHRPTWnwrXnifVQExaS9B9Xvsfk2TGfTH2f-t3jKEIg8U3_FrHcrOhJQ2F3On7GE73FQfRc-uVTlKEkBN75Yx_mMlNR-GoHr6drc-RCZ6AJffZoaDtbZ6JuV2ULUUdvy9khWjS-I0jB2=w915-h686-k-no,322,APPLICATION,2026-09-15 23:52:49.273635+05:30,APPLICATION,2026-09-16 16:13:42.189275+05:30,f
ChIJz27OK1fRXBgRFlJYUWZcmPE,Baba twines tours and safari,Sights & landmarks,tourist_attraction,Unguja,Mjini,-6.1616673,39.1907431,,305,APPLICATION,2026-09-15 23:52:49.201744+05:30,,,f
ChIJU9TldADRXBgRygUxjMUaCZw,‏Bet il Tani بيت الثاني,Museums & galleries,museum,Unguja,Mjini,-6.1605016,39.1905569,,306,APPLICATION,2026-09-15 23:52:49.205932+05:30,,,f
ChIJRcaxagDRXBgRXRA9vlhos6Q,Rooftop Sunset Point,Sights & landmarks,tourist_attraction,Unguja,Mjini,-6.1649036,39.1956249,,307,APPLICATION,2026-09-15 23:52:49.209893+05:30,,,f
ChIJtZWdglzQXBgROk7nRAedLdk,Awland Safaris,Tour operators & agents,travel_agency,Unguja,Mjini,-6.1636102,39.1922897,,308,APPLICATION,2026-09-15 23:52:49.214071+05:30,,,f
ChIJkyJeKxzRXBgRu5LT0GqF7Is,Travel Treasures Company,Tour operators & agents,tour_agency,Unguja,Mjini,-6.1645849,39.191416,,309,APPLICATION,2026-09-15 23:52:49.217538+05:30,,,f
ChIJR9cvYXHRXBgRN6nzf9KvSOs,ASHNY SWIMMING ACCESSORIES,Wildlife,aquarium,Unguja,Mjini,-6.165644599999999,39.1903885,,310,APPLICATION,2026-09-15 23:52:49.221253+05:30,,,f
ChIJObG9SRrRXBgRkkbBUm3WhiQ,Landscape and taking pictures,Sights & landmarks,tourist_attraction,Unguja,Mjini,-6.1609382,39.1878844,,312,APPLICATION,2026-09-15 23:52:49.230618+05:30,,,f
ChIJz7jj9ofRXBgR0ybahA9QyUM,The Reef Experience Zanzibar,Tour operators & agents,tour_agency,Unguja,Mjini,-6.1603669,39.1887372,,313,APPLICATION,2026-09-15 23:52:49.235709+05:30,,,f
ChIJ-RyiiHDRXBgRPW2zZCm4Y90,Beach,Nature & parks,park,Unguja,Mjini,-6.1646153,39.1868212,,315,APPLICATION,2026-09-15 23:52:49.243045+05:30,,,f
ChIJnVpzM8vRXBgRSg5AEKOBd_s,Chetu's Gemstones & Jewelries,Sights & landmarks,tourist_attraction,Unguja,Mjini,-6.1613712,39.1911186,https://lh3.googleusercontent.com/gps-cs-s/AHRPTWkMPoUSxE_KfGWHCnpPUs2STJRkcHSeLVtmL5sM2m1cSOqB-l-Ti97Tf5LRvc75Xp-P_x5z4zGbn05GWGdAGrwiUQj2Ak3fbNIf4v_aGIFmiMmsfhBWJ67uZxGn2SD3jJzD7TvhsQ=w915-h1220-k-no,296,APPLICATION,2026-09-15 23:52:49.16409+05:30,APPLICATION,2026-09-16 17:04:16.678174+05:30,f
ChIJUTIktlvQXBgRPCy5WmHm7yU,Arya Samaj Temple,Places of worship,hindu_temple,Unguja,Mjini,-6.1617022,39.1894536,,318,APPLICATION,2026-09-15 23:52:49.257442+05:30,,,f
ChIJZxSbSjDRXBgR-zJB4HESR7g,Swahili Food Hotel and Restaurant,Nature & parks,park,Unguja,Mjini,-6.1602235,39.1890979,,323,APPLICATION,2026-09-15 23:52:49.278155+05:30,,,f
ChIJ_y8AweTbXBgRzsJCYrHH3Cs,Safe Zanzibar Tours,Tour operators & agents,tour_agency,Unguja,Mjini,-6.1606891,39.1886585,,324,APPLICATION,2026-09-15 23:52:49.282016+05:30,,,f
ChIJy6WZPADRXBgR1bx5ulVOdPk,Dadjuzanzfadel Tours,Tour operators & agents,tour_agency,Unguja,Mjini,-6.1606948,39.1887709,,325,APPLICATION,2026-09-15 23:52:49.286175+05:30,,,f
ChIJS2HB_vLRXBgRpZXxtxCQZ-g,TILIONEASAFARISANDTOURS,Sights & landmarks,tourist_attraction,Unguja,Mjini,-6.1603321,39.1890125,,326,APPLICATION,2026-09-15 23:52:49.290187+05:30,,,f
ChIJP6tWDQzRXBgR0ZW6mqJ2W0Y,The Spice Route Museum,Museums & galleries,museum,Unguja,Mjini,-6.162380499999999,39.190159,,327,APPLICATION,2026-09-15 23:52:49.295476+05:30,,,f
ChIJZ-2r8v7RXBgR3kPuS0sursM,Dohan Tours and Safaris,Sights & landmarks,tourist_attraction,Unguja,Mjini,-6.161164599999999,39.1884118,,328,APPLICATION,2026-09-15 23:52:49.300205+05:30,,,f
ChIJuXFsOVnQXBgR0EAB_QPcN2o,Zanziplanet Tours & Travel Ltd,Tour operators & agents,travel_agency,Unguja,Mjini,-6.163625000000001,39.188151,,329,APPLICATION,2026-09-15 23:52:49.30522+05:30,,,f
ChIJ6xspQoDRXBgRHbTwbqAdNKk,Authentic Zanzibari Paintings Shop,Museums & galleries,art_gallery,Unguja,Mjini,-6.1638057,39.1887378,,331,APPLICATION,2026-09-15 23:52:49.314165+05:30,,,f
ChIJU7S15MjRXBgRM-Kl8OmatEs,Masai shop baghani street,Museums & galleries,art_gallery,Unguja,Mjini,-6.163430000000001,39.1878407,,332,APPLICATION,2026-09-15 23:52:49.318213+05:30,,,f
ChIJx9dGU0DRXBgRrnChpLeUqjw,YuanArtsGallery,Museums & galleries,art_gallery,Unguja,Mjini,-6.1642287,39.1873382,,334,APPLICATION,2026-09-15 23:52:49.325853+05:30,,,f
ChIJVVWVR1vQXBgRT2cg0BQ9tRE,Kelele Square,Nature & parks,park,Unguja,Mjini,-6.162790299999999,39.1863054,,336,APPLICATION,2026-09-15 23:52:49.333604+05:30,,,f
ChIJ2Yb6KtTRXBgR2nGXUAeoOCg,Stone Town Koi and Goldfish Farm,Sights & landmarks,tourist_attraction,Unguja,Mjini,-6.161789199999999,39.19123520000001,https://lh3.googleusercontent.com/gps-cs-s/AHRPTWm0fcU8elxxmzhtw38I8jnZz-1dSK3EWepwza_OdVq3K4erSspGpzoK4AzIO9XFJorHCeXyxV4FlYt9FJF60KDUl-xR8U37EDXKlxW-piu484oP5A75aNyOi155KAtAYlsTrptZ=w915-h686-k-no,301,APPLICATION,2026-09-15 23:52:49.18433+05:30,APPLICATION,2026-09-16 00:06:30.787212+05:30,f
ChIJ99JXPkXRXBgRyyFEsFjVSdY,Popo Tours and Safaris,Sights & landmarks,tourist_attraction,Unguja,Mjini,-6.1638354,39.1865241,https://lh3.googleusercontent.com/gps-cs-s/AHRPTWl0JP9r1WTH1QZBK9hV68zpDtkIe8-OaUH-htEWaq7Dyd0QXzTaTppKivHBzhHklTGFovjbeFK-T3Dv4WQxs2UVT4VMYz_vpUJjAltn_PlMSpGeJrkWi7SB5wzbEoDCVbmUtwn1=w915-h1372-k-no,335,APPLICATION,2026-09-15 23:52:49.32973+05:30,APPLICATION,2026-09-16 14:37:25.279402+05:30,f
ChIJAXEl-yPRXBgRTA3W2xXVu3M,Zanzibar Cannons,Museums & galleries,museum,Unguja,Mjini,-6.160083200000001,39.189192,https://lh3.googleusercontent.com/gps-cs-s/AHRPTWm51JvfZW1G2RwUMGr1WgmX3ejVOZlPIKt3VFZ196AkuU50CozW3JiFcuaC_cAQBMiq1SSchrHCNeLXW6UKdgXd0qsnYnpwxorfL4ErX6-bmBEEGtgRkd5Mk0LaRujWQdn8lv5bGBdayVhI=w915-h686-k-no,320,APPLICATION,2026-09-15 23:52:49.264741+05:30,APPLICATION,2026-09-16 14:50:15.06961+05:30,f
ChIJ4T3VRGTRXBgRSzPZomuDlBo,Ngalawa Boot Race,Activities & adventure,adventure_sports_center,Unguja,Mjini,-6.1640017,39.1863131,,337,APPLICATION,2026-09-15 23:52:49.337254+05:30,,,f
ChIJg4jpFl_QXBgRANXonJJgHiI,Karume Monument,Nature & parks,park,Unguja,Mjini,-6.1657197,39.1996743,https://lh3.googleusercontent.com/gps-cs-s/AHRPTWlxZrbApV1D7_BzBf6tUdRSP6MiK5L4Lseu3k5gkXHg00D71RPZGqzZTOastgsZrtaWO5EBZ-j3H1C4_DYEvM2GHmrXWWAS0jVChCwSbYm_7HPK7BwWzl5kJzjHSTe-loswNL5gdg=w915-h1220-k-no,273,APPLICATION,2026-09-15 23:52:49.053487+05:30,APPLICATION,2026-09-16 15:51:52.892852+05:30,f
ChIJofVqYADRXBgRFtJ8lWHGUgk,Grave of Tippu Tip,Sights & landmarks,historical_landmark,Unguja,Mjini,-6.162925899999999,39.1872289,,340,APPLICATION,2026-09-15 23:52:49.347642+05:30,,,f
ChIJgyKaUgA7XRgRE5h6kDP1jNw,Dongwe beach,Sights & landmarks,tourist_attraction,Unguja,Kusini,-6.187183699999999,39.5347031,https://lh3.googleusercontent.com/gps-cs-s/AHRPTWkViRdH1R5Dlg6x5gkxaVFvTodXp1H0ljNtSE-q4t3uSWnr_S1HYtIFDbT8WCGjSmShqhsyVX1Fgw3eZR9M-KbTWtT5NuQIXS-F-3MvxRuvRtVGzzv5k4bpea1ObZecQzAbSjcqShKva8l8=w915-h515-k-no,369,APPLICATION,2026-09-15 23:52:49.476177+05:30,APPLICATION,2026-09-16 15:59:03.038887+05:30,f
ChIJVVVVwl3QXBgRoYyHWlNj9dk,Victoria Garden,Nature & parks,garden,Unguja,Mjini,-6.1665267,39.1899613,,343,APPLICATION,2026-09-15 23:52:49.359658+05:30,,,f
ChIJZdDwJ9zRXBgRS5dozOag_Ag,Zanzibar,Sights & landmarks,tourist_attraction,Unguja,Mjini,-6.1692257,39.1966646,,345,APPLICATION,2026-09-15 23:52:49.36647+05:30,,,f
ChIJVVVV5WDQXBgR99d5kUlCHJk,Mnazi Mmoja Grounds,Nature & parks,park,Unguja,Mjini,-6.1690779,39.1927234,,346,APPLICATION,2026-09-15 23:52:49.370321+05:30,,,f
ChIJyZ3iw3rRXBgRkvonMe6VKDk,Karibu Tours and Travel co. LTD,Sights & landmarks,tourist_attraction,Unguja,Mjini,-6.1744601,39.1956903,,347,APPLICATION,2026-09-15 23:52:49.374513+05:30,,,f
ChIJx4YIUQDRXBgRiIPYsCWe3S4,Techmaxtoursandsafaris and car rental,Sights & landmarks,tourist_attraction,Unguja,Mjini,-6.178177,39.203581,,349,APPLICATION,2026-09-15 23:52:49.381556+05:30,,,f
ChIJIwBmIgDRXBgRPYPTjp10UMw,Zanzibar Milestone,Sights & landmarks,tourist_attraction,Unguja,Mjini,-6.1672173,39.1899432,,344,APPLICATION,2026-09-15 23:52:49.363011+05:30,APPLICATION,2026-09-16 16:18:02.070483+05:30,f
ChIJjRYdBgA7XRgR-EQ98SzOgk8,Blue Lagoon Snorkeling & Starfish,Sights & landmarks,tourist_attraction,Unguja,Kati,-6.155853500000001,39.5276418,https://lh3.googleusercontent.com/gps-cs-s/AHRPTWlFGCvK3oI5yS_VO8WMFJgrp87L4Z_WqHbWF7m-_9Eqwdk9wln6_RtEV11LAb7iWggzNSRON_rPsR1W6saxf4vmMqGcG4-hJVZ2fexag2uExaGgfFA3md-hXGWXDqPC4zbxJyqHxxMzNCi0=w915-h610-k-no,370,APPLICATION,2026-09-15 23:52:49.480767+05:30,APPLICATION,2026-09-16 16:29:02.922307+05:30,f
ChIJGd5nFQDXXBgRy_ETtKGQ3FE,Maskani miami,Nature & parks,garden,Unguja,Mjini,-6.157115800000001,39.2432757,,352,APPLICATION,2026-09-15 23:52:49.394178+05:30,,,f
ChIJhaXlKZXXXBgRO9AAVxXO2VI,Sspoiler _47,Museums & galleries,,Unguja,Magharibi,-6.148553700000001,39.2522953,,353,APPLICATION,2026-09-15 23:52:49.398399+05:30,,,f
ChIJvT44EwDRXBgRxiRuzQIUmnc,Azam Marine Znz Ferry 승선장,Beaches & coast,marina,Unguja,Mjini,-6.1571128,39.1915889,,354,APPLICATION,2026-09-15 23:52:49.402425+05:30,,,f
ChIJl3jXG8LRXBgRcWQ4WAxvwkE,Azam watersports & Marina,Beaches & coast,service,Unguja,Mjini,-6.137143000000001,39.21387070000001,https://lh3.googleusercontent.com/gps-cs-s/AHRPTWkTD_c4Vw-Rb0SoQ8DEOv9VYiu9jdUa9BfT7q3HCGgdlq5u_fT1dNsQZnvvGK2T_UMn3htqM8rOK_npWocsmOpa361iqqZY2AvxS0Uo9IKQOWrBgMsN0NQ7tNlpBk7N1X8qxIoNJA=w915-h513-k-no,374,APPLICATION,2026-09-15 23:52:49.500139+05:30,APPLICATION,2026-09-16 16:38:48.655167+05:30,f
ChIJxTaJGADRXBgR8mtc_sY42IQ,Prison Island,Sights & landmarks,historical_landmark,Unguja,Mjini,-6.16613,39.20043,,357,APPLICATION,2026-09-15 23:52:49.416278+05:30,,,f
ChIJD1LGWVXRXBgR3MJfaB895pI,Heavenly Laugh Adventure,Tour operators & agents,tour_agency,Unguja,Mjini,-6.1593244,39.1912117,,358,APPLICATION,2026-09-15 23:52:49.420194+05:30,,,f
ChIJh8mVQADRXBgRfalJiS5qERs,House of wonder,Museums & galleries,museum,Unguja,Mjini,-6.1620921,39.1921047,,359,APPLICATION,2026-09-15 23:52:49.423563+05:30,,,f
ChIJBQ_2XADRXBgR6c0YcyQKI4A,Hansing & Co House شركة هانسنج,Museums & galleries,museum,Unguja,Mjini,-6.1617922,39.1884363,,360,APPLICATION,2026-09-15 23:52:49.427834+05:30,,,f
ChIJ-cQrbQDRXBgROQBl6TpWRxk,Sultanate of Zanzibar Castle,Sights & landmarks,castle,Unguja,Mjini,-6.1612436,39.1887142,,361,APPLICATION,2026-09-15 23:52:49.431864+05:30,,,f
ChIJQT6TeQDRXBgR7jGtUKVU76g,Abdul Aziz tours and information,Sights & landmarks,tourist_attraction,Unguja,Mjini,-6.1637079,39.1859009,,363,APPLICATION,2026-09-15 23:52:49.440471+05:30,,,f
ChIJweNJWN_XXBgRap3Vr4IvjLo,Mohamed Tours,Museums & galleries,history_museum,Unguja,Magharibi,-6.1610636,39.2776258,,365,APPLICATION,2026-09-15 23:52:49.449991+05:30,,,f
ChIJ_dEXFgAnXRgRv7eR8ZQ2TK4,Michael,Sights & landmarks,historical_landmark,Unguja,Kusini,-6.1800744,39.3722625,,366,APPLICATION,2026-09-15 23:52:49.45513+05:30,,,f
ChIJEbAtIAAlXRgRxWn4S97hOYM,"Charawe, Tanzania",Nature & parks,nature_preserve,Unguja,Kati,-6.1753966,39.4401884,,367,APPLICATION,2026-09-15 23:52:49.459764+05:30,,,f
ChIJSdVNhcjRXBgRU-_c4Y2jt1w,Karibu azam water park,Beaches & coast,water_park,Unguja,Mjini,-6.1364135,39.2125705,,375,APPLICATION,2026-09-15 23:52:49.505363+05:30,,,f
ChIJo2lLORHTXBgRtBSyVagRM14,Kibweni Palace Museum,Museums & galleries,museum,Unguja,Mjini,-6.112222999999999,39.2131404,,376,APPLICATION,2026-09-15 23:52:49.510228+05:30,,,f
ChIJWyLLXS_RXBgREXy7-66nFeU,BEIT-EL-RAAS MOSQUE Sharifumsa,Sights & landmarks,historical_landmark,Unguja,Mjini,-6.1188058,39.2113423,,377,APPLICATION,2026-09-15 23:52:49.513932+05:30,,,f
ChIJbTx8JHLTXBgRXgWUB3rl190,Sultan´s Palast,Sights & landmarks,castle,Unguja,Mjini,-6.1123162,39.2130318,,378,APPLICATION,2026-09-15 23:52:49.51795+05:30,,,f
ChIJ4a1TBADRXBgRY66qtxthuaw,Baiya Garden,Nature & parks,garden,Unguja,Mjini,-6.1681276,39.1914236,https://lh3.googleusercontent.com/gps-cs-s/AHRPTWmSZXTiYrI-tJuDkkGqYzCYGbNWo-2MNvhYuRsYGTk_0uS9PeHcKi3LPVqfDBYlLR221Jpzb-FHQpKNqzQSLWLXshxUbqSTUJiADHg4TmSheRBpVKwqdRCb7VuIUCqJ-ZO3iLtF=w915-h686-k-no,364,APPLICATION,2026-09-15 23:52:49.445278+05:30,APPLICATION,2026-09-16 00:12:15.77882+05:30,f
ChIJB_PW4CnRXBgRYig3qi_B8ow,Island Prime Tours,Tour operators & agents,tour_agency,Unguja,Mjini,-6.158567000000001,39.1920016,https://lh3.googleusercontent.com/gps-cs-s/AHRPTWnVEIfSM5Dp_9KlKmBp7J4OnjKnp9w1Tq2Wh82MUCDquGOCbMsOUnX1DhZrlNI61csRC8yccPgI6G0Sp9eoOvQAj7qLgyPjA-HC57kUlulBHE8aEIQ8SvExYQyTd8u_Nphsc8THTA=w915-h1220-k-no,356,APPLICATION,2026-09-15 23:52:49.411273+05:30,APPLICATION,2026-09-16 14:56:16.240617+05:30,f
ChIJe1rDSBnRXBgRQIbh7sm8dTQ,Maruhubi Historical Sites,Sights & landmarks,historical_landmark,Unguja,Mjini,-6.1441466,39.2089448,https://lh3.googleusercontent.com/gps-cs-s/AHRPTWmWH9qqYnt6pLhyocNefBeVEczIdpveM3ps7rUO9OebaobF7JwbW1cn9Y3-makcC9DhKBv--LCQ9X4hOV5AJHsOVkwvkQmrphuQFb4MMjO_6IcuSVC80mb7ugPOb3P4LwLp7_4-sg=w915-h686-k-no,372,APPLICATION,2026-09-15 23:52:49.489854+05:30,APPLICATION,2026-09-16 15:28:50.333213+05:30,f
ChIJeTnBJADRXBgRnDAuQaAOAE4,Mnazi Moja Hospital Garden,Nature & parks,park,Unguja,Mjini,-6.167417,39.1903594,,341,APPLICATION,2026-09-15 23:52:49.35179+05:30,APPLICATION,2026-09-16 15:37:32.808064+05:30,f
ChIJy_FY0_fRXBgRQ0MxCn44-_U,Tortoise Sanctuary,Wildlife,zoo,Unguja,Mjini,-6.1195385,39.1665957,,380,APPLICATION,2026-09-15 23:52:49.524486+05:30,,,f
ChIJO8jDBwDRXBgRMUxX6fffBOw,Dikdik,Sights & landmarks,tourist_attraction,Unguja,Mjini,-6.119239500000001,39.1670778,,382,APPLICATION,2026-09-15 23:52:49.531185+05:30,,,f
ChIJFxUeS-7RXBgRq2s4MV4PMHE,Turtles Park,Sights & landmarks,tourist_attraction,Unguja,Mjini,-6.1206156,39.1681816,https://lh3.googleusercontent.com/gps-cs-s/AHRPTWkZ6HAyzblYuO_YU96EYIU_50vs7tAByzHfLHiuHUirMRPIEKZvL8X6cWszv3ct4oIfoLpoq83w6_fQxA8U15RYiYcWv5mjj06bhcHQ8dLNhIaHB_QuswUPsGXqm_rLNKHDEwqT_HNozehH=w915-h686-k-no,381,APPLICATION,2026-09-15 23:52:49.527905+05:30,APPLICATION,2026-09-16 15:47:02.50952+05:30,f
ChIJO4xdHgDRXBgRVEWXEK4wr4I,Wangazija holl,Sights & landmarks,tourist_attraction,Unguja,Mjini,-6.1595422,39.1916521,,385,APPLICATION,2026-09-15 23:52:49.542603+05:30,,,f
ChIJx28kVQDRXBgRP_NY9Y0xoxI,Zote sanaa Art Gallery,Museums & galleries,art_gallery,Unguja,Mjini,-6.1594465,39.1917509,,386,APPLICATION,2026-09-15 23:52:49.546541+05:30,,,f
ChIJcVU1eznRXBgRLRlqLe51SNI,makachufundiver,Sights & landmarks,tourist_attraction,Unguja,Mjini,-6.1599546,39.1895636,,387,APPLICATION,2026-09-15 23:52:49.550781+05:30,,,f
ChIJh2u6RgApXRgRjzc8xKfn8pU,Hindu temple,Places of worship,hindu_temple,Unguja,Kati,-6.135729500000001,39.3621196,,418,APPLICATION,2026-09-15 23:52:49.667097+05:30,APPLICATION,2026-09-16 16:01:12.064886+05:30,f
ChIJ3T_C41vRXBgR8Q7njSIzock,FREE WALKING TOUR,Sights & landmarks,tourist_attraction,Unguja,Mjini,-6.1606155,39.1891489,,389,APPLICATION,2026-09-15 23:52:49.558434+05:30,,,f
ChIJIZPaF5vRXBgR4UJczNBdXko,WASANII ART,Museums & galleries,art_gallery,Unguja,Mjini,-6.1622878,39.1888007,https://lh3.googleusercontent.com/gps-cs-s/AHRPTWlyWWCDTVRvQxWXx_Z5SRlZ7ovtZE8YzDHRXrAYxHVSkf_fYQj3Lb6bXtqqhgABKlKkM9X_Rmos-THBOX-ZVyjvHEuCNVUOSeZFxs-FH8J7zMeTLrT80dG07puwv6nFEQhOQc5fEQ=w915-h515-k-no,405,APPLICATION,2026-09-15 23:52:49.619239+05:30,APPLICATION,2026-09-16 16:21:02.555408+05:30,f
ChIJJWqsiLDRXBgR5QzlAuS54y8,Small garden,Nature & parks,park,Unguja,Mjini,-6.1646153,39.1868212,https://lh3.googleusercontent.com/gps-cs-s/AHRPTWliXd4QaPc-ALsADOlHwHvoapc2UedVsL8cZ5i9e68m55SsSJNRod8VMwAgZn0JhBtDhTd_S60Di4M0JyWy0hnzVT3pPZeZ_qJnZ0Qc5kxUGXx4qhtas5S8kduc-7W7fkaQdOX3=w915-h686-k-no,391,APPLICATION,2026-09-15 23:52:49.565685+05:30,APPLICATION,2026-09-16 16:29:55.583487+05:30,f
ChIJUxRxYobRXBgRKgFFoXK14Kw,Turkey's Diapers Shop,Sights & landmarks,service,Unguja,Mjini,-6.1163845,39.242746,,394,APPLICATION,2026-09-15 23:52:49.57685+05:30,,,f
ChIJVfVnJ3XVXBgRi9_OpSF8c08,Dau Zanzibar Tours and Safaris,Sights & landmarks,tourist_attraction,Unguja,Magharibi,-6.1106975,39.2525919,,395,APPLICATION,2026-09-15 23:52:49.58074+05:30,,,f
ChIJqw1PP8XXXBgRaPMSR3s_Dzg,JIBa tours and safari zanzibar,Sights & landmarks,tourist_attraction,Unguja,Magharibi,-6.1286041,39.2538231,,396,APPLICATION,2026-09-15 23:52:49.584335+05:30,,,f
ChIJVVVVVanWXBgRhuiFVbdIFx0,Masingini Forest,Nature & parks,national_park,Unguja,Mjini,-6.1163845,39.242746,,397,APPLICATION,2026-09-15 23:52:49.58847+05:30,,,f
ChIJw0uoAQDRXBgR8M_pZGROEWM,Verde Marina,Beaches & coast,marina,Unguja,Mjini,-6.1359198,39.210315,,398,APPLICATION,2026-09-15 23:52:49.592514+05:30,,,f
ChIJt_IjXPLRXBgRmYgK4J1v2sk,Happiest tour and safaris,Sights & landmarks,tourist_attraction,Unguja,Mjini,-6.162222,39.192074,,400,APPLICATION,2026-09-15 23:52:49.600663+05:30,,,f
ChIJnS4dqcjRXBgRUI4NW8d3Iwg,ROCK THE YACHT ZANZIBAR,Beaches & coast,marina,Unguja,Mjini,-6.1385625,39.2126875,https://lh3.googleusercontent.com/gps-cs-s/AHRPTWlNneQ5bFwudTBGYI4QVwQ4vxKwQQwkXTD3fZ0Ho2YEv8gfnApXA2yQSWJOgF0YCsnzcLIbjsZgsz5RtboXWTq62JbiyXW8Ve8wEkYTGPBuyrY6hO5pmzNuzqISG5rXeV-9Yr07qD6g-Auv=w915-h610-k-no,399,APPLICATION,2026-09-15 23:52:49.596924+05:30,APPLICATION,2026-09-16 17:02:47.421917+05:30,f
ChIJMQ-q_ofRXBgRFJU9TNCDaLI,Kijeda Tours & Safaris,Sights & landmarks,tourist_attraction,Unguja,Mjini,-6.162222,39.1920735,,403,APPLICATION,2026-09-15 23:52:49.611768+05:30,,,f
ChIJs8nlfY7RXBgR9cpXFzH2R8A,Lookmanjis Galleria Zanzibar,Museums & galleries,art_gallery,Unguja,Mjini,-6.1622647,39.1888364,,406,APPLICATION,2026-09-15 23:52:49.622621+05:30,,,f
ChIJsVbFJwDRXBgRDb3Dl1d6654,Zanzibar,Nature & parks,garden,Unguja,Mjini,-6.1606155,39.1891489,,407,APPLICATION,2026-09-15 23:52:49.626164+05:30,,,f
ChIJTT6VHgDXXBgRMhWywNi4YZU,Mwera mkahawajane,Nature & parks,garden,Unguja,Magharibi,-6.1420615,39.2759849,,408,APPLICATION,2026-09-15 23:52:49.629633+05:30,,,f
ChIJP56XPV3XXBgRLfUG6iSUqEE,Tofali,Museums & galleries,museum,Unguja,Magharibi,-6.1547907,39.2657481,,409,APPLICATION,2026-09-15 23:52:49.634143+05:30,,,f
ChIJb5A7XOvXXBgRZG3um9cnQUA,Rukaiya othman zaid,Nature & parks,park,Unguja,Magharibi,-6.1460563,39.2681243,,410,APPLICATION,2026-09-15 23:52:49.638175+05:30,,,f
ChIJJR5gPFHXXBgRdpUZy888uxs,Tandika Ulale Spice farm Kidimni Village,Sights & landmarks,tourist_attraction,Unguja,Magharibi,-6.1195432,39.3009721,,412,APPLICATION,2026-09-15 23:52:49.645702+05:30,,,f
ChIJtWXlVQDRXBgRDgiY_8kZhBM,The Pinnacle,Sights & landmarks,tourist_attraction,Unguja,Mjini,-6.134084,39.2331323,,413,APPLICATION,2026-09-15 23:52:49.649175+05:30,,,f
ChIJtxvY1YkpXRgRr3t_YSHhVtI,Mwinyi Mkuu Palace,Sights & landmarks,historical_landmark,Unguja,Kati,-6.140094700000001,39.3259524,,414,APPLICATION,2026-09-15 23:52:49.652797+05:30,,,f
ChIJzfWyjWgpXRgRAh8h6WiomT8,PAJE build,Nature & parks,garden,Unguja,Kati,-6.135729500000001,39.3621196,,415,APPLICATION,2026-09-15 23:52:49.656297+05:30,,,f
ChIJsyCi-skpXRgRTh9QbsRayWU,Giu Garden Village & School,Nature & parks,park,Unguja,Kati,-6.1348926,39.3441009,,416,APPLICATION,2026-09-15 23:52:49.66034+05:30,,,f
ChIJTYq4c7MpXRgROU0xkCkd0GI,Zanzi eco tours and ziplining,Sights & landmarks,tourist_attraction,Unguja,Kati,-6.1394341,39.3664855,,417,APPLICATION,2026-09-15 23:52:49.663609+05:30,,,f
ChIJbRfGIwApXRgRlJmo3g5eE38,Zanzibar,Sights & landmarks,tourist_attraction,Unguja,Kati,-6.135729500000001,39.3621196,,419,APPLICATION,2026-09-15 23:52:49.670728+05:30,,,f
ChIJp3mcpLIpXRgRgc3ZciFJaVY,ABDILLAHI ZAHOR ALI,Activities & adventure,hiking_area,Unguja,Kati,-6.135729500000001,39.3621196,,420,APPLICATION,2026-09-15 23:52:49.674504+05:30,,,f
ChIJZd--_NkpXRgRCxrVLokIpPI,Stream Tour Zanzibar,Sights & landmarks,tourist_attraction,Unguja,Kati,-6.135729500000001,39.3621196,,421,APPLICATION,2026-09-15 23:52:49.679087+05:30,,,f
ChIJayoTNQDXXBgR7PweyHfNIr8,Ziplining Zanzibar,Nature & parks,park,Unguja,Mjini,-6.1163845,39.242746,https://lh3.googleusercontent.com/gps-cs-s/AHRPTWnYu5Sd5_wdWN9bLYVVB3T02-k8NHXzSm9tP0dQknfICxvJ_uGtdcoeBC0aWVcAb76BI39jxTpRsAdADfAHbzuhpAFt6XcRQPNNEaT5LxUm5nEhdIoAcJMMxKfVF2cyu6jn1CLbX8t3ZAXk=w915-h688-k-no,392,APPLICATION,2026-09-15 23:52:49.569432+05:30,APPLICATION,2026-09-16 14:51:46.285076+05:30,f
ChIJE-6AcADRXBgROn3oYtPEGNY,Mizingani,Sights & landmarks,tourist_attraction,Unguja,Mjini,-6.159793199999999,39.1900785,https://lh3.googleusercontent.com/gps-cs-s/AHRPTWn6C_VTtpwp_HYNfM7kQ4fFkrnFT5y59XAQ4LJfpB5B8g-rrxHWIOYdo_wBMdDRHSswgjF3Iz6jUZjFDojjP41r6grXNEwV8-sVQHPD71vJv8VyKCMBgEBCn4JuTBp9pWEydra5FgFOlHvp=w915-h686-k-no,384,APPLICATION,2026-09-15 23:52:49.539051+05:30,APPLICATION,2026-09-16 15:29:41.131408+05:30,f
ChIJh4U2D4DTXBgRLMNTtP-kPB8,Chuini Sultan Palace & Garden,Sights & landmarks,historical_landmark,Unguja,Magharibi,-6.0758072,39.2122069,https://lh3.googleusercontent.com/gps-cs-s/AHRPTWmt4rE-m_HbrPp7sKp8P4XzzqXHPSeNkIhtwVzYTD6CfBYsLb00t7vg_Bnoi33qvP9F4j-uYMspX3H2mIGjpp9ti_TK6YhhCx7uIeSIFN-Z7RkRe7GcZbcFqvM9GufasXTqKJoxnF1b-GQ=w915-h514-k-no,462,APPLICATION,2026-09-15 23:52:49.843727+05:30,APPLICATION,2026-09-16 16:02:12.246833+05:30,f
ChIJ__8_Zx8vXRgR3X0aEbScAkc,Baharini Project,Nature & parks,park,Unguja,Kati,-6.1333819,39.424716,,425,APPLICATION,2026-09-15 23:52:49.695737+05:30,,,f
ChIJh-ZlnHbUXBgROyZa0FhZ-CI,SISO SPICE FARM,Sights & landmarks,tourist_attraction,Unguja,Magharibi,-6.0907828,39.2413538,https://lh3.googleusercontent.com/gps-cs-s/AHRPTWm6XVWTMKx9pvW_8VtR5OfEZB7t0dDY-B26WTrdMyH-3t_ISayIHjYi53bNZJzSkXoJFn5TA22FdicTu0HP81Cd0T35IFw55vQehIk8qHLFM2zUgJI3WHdKW8YRPWF_crfbrHTk=w915-h915-k-no,441,APPLICATION,2026-09-15 23:52:49.759389+05:30,APPLICATION,2026-09-16 16:12:03.184043+05:30,f
ChIJu8KvHJIxXRgRHZPl59oiC94,Pingwe Beach,Sights & landmarks,tourist_attraction,Unguja,Kati,-6.1510149,39.5183601,,427,APPLICATION,2026-09-15 23:52:49.70459+05:30,,,f
ChIJX85gVKkxXRgRKVbdRG5CKpE,Starfish,Activities & adventure,hiking_area,Unguja,Kati,-6.129653299999999,39.5158713,,429,APPLICATION,2026-09-15 23:52:49.71261+05:30,,,f
ChIJT7Zlmx0xXRgRBmJRcwD02NM,Mangroves,Activities & adventure,hiking_area,Unguja,Kati,-6.1480625,39.4943125,,430,APPLICATION,2026-09-15 23:52:49.716564+05:30,,,f
ChIJVyOmBQ0xXRgR-5iOP54Cw08,Plage,Nature & parks,park,Unguja,Kati,-6.1447902,39.4948497,,431,APPLICATION,2026-09-15 23:52:49.721223+05:30,,,f
ChIJubA2cQAxXRgRrfXpmrQP1x8,Attraction excursions eddy,Sights & landmarks,tourist_attraction,Unguja,Kati,-6.147956499999999,39.5173643,,433,APPLICATION,2026-09-15 23:52:49.728852+05:30,,,f
ChIJYVrkGwgxXRgRGFk9o5hdb9A,Abdul Tours zenjibar & Safari Tz,Sights & landmarks,tourist_attraction,Unguja,Kati,-6.1445875,39.4953721,,434,APPLICATION,2026-09-15 23:52:49.732416+05:30,,,f
ChIJz99qbyEwXRgRgB0b22RhxOw,Michamvi Sunset Beach,Beaches & coast,beach,Unguja,Kati,-6.138592,39.4908929,,435,APPLICATION,2026-09-15 23:52:49.736166+05:30,,,f
ChIJk6clcJwxXRgRun5SDlhgq1s,Matlai Mchanga Island,Sights & landmarks,tourist_attraction,Unguja,Kati,-6.1431985,39.5202313,https://lh3.googleusercontent.com/gps-cs-s/AHRPTWmCRqVMHt0mv-2r1ZNKRTKHh1YTyi_WmG5oVBG8OLjqZWmEMsGJj40q4raHPJY2iUalJxfhd4K0_4nLsZnTHbBUperP7X_GYSPRxgChIl1D1dW3u6cZ5PZrAWEkrsQmAj7y4BOWrpMd9egZ=w915-h686-k-no,438,APPLICATION,2026-09-15 23:52:49.747415+05:30,APPLICATION,2026-09-16 16:31:43.560217+05:30,f
ChIJBU31SwAxXRgR1dfpHTURp1M,Starfish area,Sights & landmarks,tourist_attraction,Unguja,Kati,-6.142966599999999,39.5127204,,437,APPLICATION,2026-09-15 23:52:49.744146+05:30,,,f
ChIJpWHRGZoxXRgRc3wIMvEwaoQ,Captain banana,Sights & landmarks,tourist_attraction,Unguja,Kati,-6.1474212,39.5172189,,439,APPLICATION,2026-09-15 23:52:49.751524+05:30,,,f
ChIJTz0nIykxXRgRrvCdOjG2BHA,Seesternebucht,Sights & landmarks,tourist_attraction,Unguja,Kati,-6.126369,39.513812,,440,APPLICATION,2026-09-15 23:52:49.755227+05:30,,,f
ChIJL1Zq7-HMIicR7uWSvBuQ12o,SurpriseTour & Safari's,Sights & landmarks,tourist_attraction,Unguja,Kati,-6.135027,39.4255205,https://lh3.googleusercontent.com/gps-cs-s/AHRPTWlPTePYI-c8KureYUATzhFoVdhEC3XYfgsg1Wdig32BJwffeOkq7NuOEH_iA9yQnLIHdTP1ZUB4_LngxEg08YitnJOynh0MqlgoJOpPM2fihRstgXGzU_3inJjHMlB1Ua9MazzU=w915-h514-k-no,424,APPLICATION,2026-09-15 23:52:49.691716+05:30,APPLICATION,2026-09-16 16:37:57.166103+05:30,f
ChIJNWpSTAAxXRgR4lExbgkh-78,Start Kae Funk Beach,Sights & landmarks,tourist_attraction,Unguja,Kati,-6.1432743,39.4894318,https://lh3.googleusercontent.com/gps-cs-s/AHRPTWkccW-2g_y22QYIlJQliKKgjEW1OCFIugr060NTZe8-RhygH7ZEYCG8f4pj8td6DybIrkcW2MkIIOtUpzpmrlyVRkQUpiIJG8T2d6DN1WHH4XXoreAPiORrdAiFq_eiP8nnuMtUuwix0531=w915-h1220-k-no,432,APPLICATION,2026-09-15 23:52:49.725145+05:30,APPLICATION,2026-09-16 17:05:51.200895+05:30,f
ChIJYbpV92_VXBgRKV3YpyvQH7w,Kidichi Butterfly Spice Farm,Sights & landmarks,tourist_attraction,Unguja,Magharibi,-6.0878397,39.2404886,,447,APPLICATION,2026-09-15 23:52:49.785025+05:30,,,f
ChIJSfKMpeTTXBgRUAh8532oMXE,Swahili Family Tours Zanzibar,Tour operators & agents,tourist_information_center,Unguja,Magharibi,-6.0968543,39.2209514,,449,APPLICATION,2026-09-15 23:52:49.794315+05:30,,,f
ChIJoYGqDlnVXBgRnc5Q1XhuiV8,Big Body Spice Farm,Sights & landmarks,tourist_attraction,Unguja,Magharibi,-6.086318200000001,39.2485452,,451,APPLICATION,2026-09-15 23:52:49.802973+05:30,,,f
ChIJZa1gNwDVXBgRquY-vHp8-4I,Zanzibar mtausa spice farm& Mtausatours,Sights & landmarks,,Unguja,Magharibi,-6.086020500000001,39.2617923,,454,APPLICATION,2026-09-15 23:52:49.81367+05:30,,,f
ChIJXfmxIwDVXBgRsyg8ebisMtM,"Mndo , Mwembe Hambe",Sights & landmarks,tourist_attraction,Unguja,Magharibi,-6.084760999999999,39.248745,,455,APPLICATION,2026-09-15 23:52:49.817426+05:30,,,f
ChIJE9tpt_HVXBgRfw7VtVhx-c0,Znz D,Nature & parks,park,Unguja,Magharibi,-6.0867627,39.2557855,,456,APPLICATION,2026-09-15 23:52:49.821513+05:30,,,f
ChIJyQhGcgDVXBgRYONCiUzLePg,Ylang ylang Spice Farm,Sights & landmarks,tourist_attraction,Unguja,Magharibi,-6.083620499999999,39.2583561,,458,APPLICATION,2026-09-15 23:52:49.828908+05:30,,,f
ChIJuYSlikLXXBgRlGI-xHTSofc,Martin Tour & Safaris,Tour operators & agents,tour_agency,Unguja,Magharibi,-6.0844406,39.2523788,,459,APPLICATION,2026-09-15 23:52:49.832269+05:30,,,f
ChIJt-LIIwDVXBgRtHnuB1AIVNs,Al mando spice farm kizimbani zanzibar,Sights & landmarks,tourist_attraction,Unguja,Magharibi,-6.0803689,39.2649322,,460,APPLICATION,2026-09-15 23:52:49.836181+05:30,,,f
ChIJ3z81DgDZQhgRfxQ-htTa0tA,kilio cave,Sights & landmarks,tourist_attraction,Unguja,Kaskazini A,-5.855138,39.328105,,586,APPLICATION,2026-09-15 23:52:50.333218+05:30,,,f
ChIJ-7Mq1A7UXBgRFb4AybbaWas,Masingini Nature Forest Reserve,Nature & parks,national_park,Unguja,Magharibi,-6.101361,39.243067,https://lh3.googleusercontent.com/gps-cs-s/AHRPTWmqB1krNxLoKJjxaTgAi8TjqjSzXJzzF8NW-pW7rX3LGrHQfguV-EH76DLgaLw89QqTOzp1JermLFjkS4vK_Ll6dEASdURqH7t1iMHo4orPlYItStcpsMpPUBwLdYrSbepYaCrc=w915-h686-k-no,444,APPLICATION,2026-09-15 23:52:49.770077+05:30,APPLICATION,2026-09-16 14:28:25.701428+05:30,f
ChIJa1JhCwApXRgRAi5FxH3rur4,ALI WA ALI FARMING CENTER,Sights & landmarks,tourist_attraction,Unguja,Kati,-6.156183,39.4021448,,423,APPLICATION,2026-09-15 23:52:49.68776+05:30,APPLICATION,2026-09-16 14:42:25.081444+05:30,f
ChIJBToIBSLTXBgRthLQmlYdwHY,TO THE HILL KIDICHI SPICE FARM,Sights & landmarks,tourist_attraction,Unguja,Magharibi,-6.089764499999999,39.2370015,https://lh3.googleusercontent.com/grass-cs/ACvplmMnZVfGadXNeSqY44KmXBeCsAdg-CZ3KUapeBGh4JSIgYGrA-EZAqnmQUkEEDDY_obQutbbYkJMKCT41Psw7vNRRNO4ptr_G1OgNC7GBxN_QKq2WXZY5csSvCtlzQNbkfdCZ5UFdg=w915-h915-k-no,442,APPLICATION,2026-09-15 23:52:49.762982+05:30,APPLICATION,2026-09-16 14:58:14.308976+05:30,f
ChIJe_mXT_zVXBgRtIUA3R8cVMo,UNION SPICE FARM,Sights & landmarks,tourist_attraction,Unguja,Magharibi,-6.098098299999999,39.2420058,https://lh3.googleusercontent.com/gps-cs-s/AHRPTWkqrcYNFKeV4ZdEJPxpK4AHCPxaNn3uWp0-5GoxVSgSNk-f_LT7iZE7vn1zJqiA9LS3MXVKfeaSO0VGUIVbJNDHUFnbjtWdzE8_Bmlq12i2afQx_f_AeAMWg0XkHnN6UJCpOHTe6w=w915-h1371-k-no,446,APPLICATION,2026-09-15 23:52:49.778992+05:30,APPLICATION,2026-09-16 15:35:42.171592+05:30,f
ChIJEZoaJhLVXBgRaiz2_vTRD-I,Zanzibar Olympafrica Center,Nature & parks,park,Unguja,Magharibi,-6.1028913,39.2606071,,461,APPLICATION,2026-09-15 23:52:49.839875+05:30,APPLICATION,2026-09-16 15:39:13.873463+05:30,f
ChIJSUNfPwDVXBgRzJfHm-nB4RI,Kinumoshi (Magic Tower),Sights & landmarks,tourist_attraction,Unguja,Magharibi,-6.0897621,39.2765495,,464,APPLICATION,2026-09-15 23:52:49.850867+05:30,,,f
ChIJAxETFgDXXBgRccqEu3CtAfU,Manyame,Activities & adventure,hiking_area,Unguja,Magharibi,-6.1105806,39.3032449,,465,APPLICATION,2026-09-15 23:52:49.854327+05:30,,,f
ChIJPTj-VoArXRgRohwcGx2Dk4w,Bambi maweni,Sights & landmarks,historical_landmark,Unguja,Kati,-6.0917398,39.376073,,466,APPLICATION,2026-09-15 23:52:49.857897+05:30,,,f
ChIJhdRU_xItQxgR_trICLGVK3A,Fujoni Adventure,Sights & landmarks,tourist_attraction,Unguja,Magharibi,-6.0270416,39.1984063,https://lh3.googleusercontent.com/gps-cs-s/AHRPTWlSq40eKYo4r9a9KNcKluPTn7FBKhm9Glc-A6VaUjXZ3pZfv9AkkAgJ-83_k85evN4z2Z3jusd8S1HmblY5HEGAFWLHhUl0m7lGrN2kvlBTJ_krwJ7XKGMXmPEh-o3jetXtbtn-Fw=w915-h610-k-no,489,APPLICATION,2026-09-15 23:52:49.946461+05:30,APPLICATION,2026-09-16 16:04:48.759124+05:30,f
ChIJVYm2JwAzQxgRKKrd7a-YmlI,YMOD ISLAND,Sights & landmarks,tourist_attraction,Unguja,Magharibi,-6.0479178,39.1123343,,470,APPLICATION,2026-09-15 23:52:49.874544+05:30,,,f
ChIJI1Mrn03ZQhgRhyHUiWsH468,Zanzibar village experience tours,Sights & landmarks,tourist_attraction,Unguja,Kaskazini A,-5.9796114,39.3079633,https://lh3.googleusercontent.com/gps-cs-s/AHRPTWmLBN-L4PBF5_J1jH_FuWEYknui1dI8_yV-hgraVnuzr_M7XoeEApjBPe6jHBk8icW06EZK4WWw95hUPUlvtcoqKNdzYsk4LANBYFNg9iCR84snn9Py2IRZvcN4Wb_0PVReaF5o=w915-h686-k-no,502,APPLICATION,2026-09-15 23:52:49.995801+05:30,APPLICATION,2026-09-16 16:13:21.6959+05:30,f
ChIJQyDELh_TXBgRTYRbV15QzYM,Selem Beach,Sights & landmarks,tourist_attraction,Unguja,Magharibi,-6.0645707,39.2064567,,472,APPLICATION,2026-09-15 23:52:49.882826+05:30,,,f
ChIJ_Z1EXADTXBgR6wgJfu_8Lg8,Kama white sand,Sights & landmarks,tourist_attraction,Unguja,Magharibi,-6.059634,39.2055846,,473,APPLICATION,2026-09-15 23:52:49.886432+05:30,,,f
ChIJR2uNIBrVXBgRBbUioK3qBXI,NUTMEG SPICE FARM,Sights & landmarks,tourist_attraction,Unguja,Magharibi,-6.0677586,39.2492463,,475,APPLICATION,2026-09-15 23:52:49.893447+05:30,,,f
ChIJv7ap393VXBgRVSXSD6I3D9g,Villicon Spice Farm,Nature & parks,garden,Unguja,Magharibi,-6.0609417,39.252572,,476,APPLICATION,2026-09-15 23:52:49.897155+05:30,,,f
ChIJobnvTQAtQxgR2p35VzeVvp4,"Selem,zanzibar",Sights & landmarks,tourist_attraction,Unguja,Magharibi,-6.0426429,39.2041825,,477,APPLICATION,2026-09-15 23:52:49.901396+05:30,,,f
ChIJJctsCgArXRgRqV0yw10cF6E,Mitakawani,Museums & galleries,cultural_center,Unguja,Kati,-6.0629627,39.3335659,,484,APPLICATION,2026-09-15 23:52:49.92757+05:30,APPLICATION,2026-09-16 16:26:32.503489+05:30,f
ChIJhX7CQVfVXBgRkDb6jEp1Of0,Bota Spice Farm,Sights & landmarks,tourist_attraction,Unguja,Magharibi,-6.0645813,39.3041205,,479,APPLICATION,2026-09-15 23:52:49.908795+05:30,,,f
ChIJTSFrz8MrXRgRNVPssXfYU7Y,Village Green spice farm zanzibar,Sights & landmarks,tourist_attraction,Unguja,Kati,-6.067840500000001,39.3320876,,480,APPLICATION,2026-09-15 23:52:49.912273+05:30,,,f
ChIJR-znAgArXRgRY-9b2RRit2I,Nakupenda spice farm,Sights & landmarks,tourist_attraction,Unguja,Kati,-6.0627163,39.3332746,,481,APPLICATION,2026-09-15 23:52:49.915669+05:30,,,f
ChIJxVMzdxkrXRgR4zZGqMVY6do,Mchangani village,Sights & landmarks,tourist_attraction,Unguja,Kati,-6.049474099999999,39.3318495,,482,APPLICATION,2026-09-15 23:52:49.919992+05:30,,,f
ChIJJZs2mRcrQxgRg6C8Ejrmv-s,Spice Solutions Farm,Nature & parks,farm,Unguja,Magharibi,-6.0518697,39.2467689,https://lh3.googleusercontent.com/gps-cs-s/AHRPTWnS69Q2qf-XdTWG95TX6ZQB_Ira6lef3R_jNPkuA0hIivN8V0bY6H-4FbxU8HVu_e3RAZRNStHT3_wRNbVdiHbzcdw8PKxKq3f_FtB2PnFZIvPmxf93cdk2Y2X_G8zfl1KKhL8TJnn9Nqs=w915-h915-k-no,474,APPLICATION,2026-09-15 23:52:49.8897+05:30,APPLICATION,2026-09-16 16:31:07.658071+05:30,f
ChIJtSJrB2QtXRgRjWhEWOY8i2M,Pongwe Beach,Sights & landmarks,tourist_attraction,Unguja,Kati,-6.050757099999999,39.4094034,,486,APPLICATION,2026-09-15 23:52:49.934744+05:30,,,f
ChIJvYLkwIAtXRgR31btLsqXZy0,Pongwe,Nature & parks,park,Unguja,Kati,-6.0577273,39.4150776,,487,APPLICATION,2026-09-15 23:52:49.938389+05:30,,,f
ChIJzYHjH18tQxgRYsG1GmliFyM,VANILLA SPICE FARM,Sights & landmarks,tourist_attraction,Unguja,Kaskazini B,-6.0076827,39.1991826,,488,APPLICATION,2026-09-15 23:52:49.942792+05:30,,,f
ChIJq6qqqtoqQxgRXWOLjim94wE,Kichwele Forest Reserve,Nature & parks,nature_preserve,Unguja,Magharibi,-6.0317643,39.2894844,,491,APPLICATION,2026-09-15 23:52:49.953698+05:30,,,f
ChIJc78EcQDVQhgRhNWZFq2NnoM,Kiwengwa Forest Reserve,Nature & parks,national_park,Unguja,Kati,-6.030484200000001,39.3751666,,492,APPLICATION,2026-09-15 23:52:49.957044+05:30,,,f
ChIJwSnVRAAtXRgRn6yv5PWA0UM,Secca,Sights & landmarks,tourist_attraction,Unguja,Kati,-6.0381051,39.4136959,,493,APPLICATION,2026-09-15 23:52:49.961713+05:30,,,f
ChIJp4tTKlotQxgR_09mGODiHHU,Second World War Bunkers,Sights & landmarks,tourist_attraction,Unguja,Kaskazini B,-5.9953715,39.1856696,,496,APPLICATION,2026-09-15 23:52:49.973121+05:30,,,f
ChIJqw2efsUtQxgRcAL1d4WnzuY,Mangapwani,Beaches & coast,beach,Unguja,Kaskazini B,-5.992362399999999,39.1851679,,498,APPLICATION,2026-09-15 23:52:49.981388+05:30,,,f
ChIJdYNXdwAtQxgRSyxrPCeVTT8,Parc,Nature & parks,park,Unguja,Kaskazini B,-6.0041953,39.2056909,,499,APPLICATION,2026-09-15 23:52:49.985541+05:30,,,f
ChIJ9U6FBrQtQxgRFy7Opuot_1s,Mangapwani Coral Cave,Sights & landmarks,tourist_attraction,Unguja,Kaskazini B,-6.00175,39.1912222,https://lh3.googleusercontent.com/gps-cs-s/AHRPTWkfrlMQMONgGVC1rlSH3peS4htpv1bjTc4wX2OSGmqYKHUE3jc8rrbxAEWUlaYckrL60NfcYKOGjBa_fOqw-b9S-8fkkOSYHuFtqKlWpyetpVI8sOgKYSts56IbIST7269jMWI=w915-h686-k-no,494,APPLICATION,2026-09-15 23:52:49.96562+05:30,APPLICATION,2026-09-16 14:40:30.378669+05:30,f
ChIJAx8Xb4snXRgR8zByEvv1-ms,Bookings Central Tours & Safari,Museums & galleries,,Unguja,Magharibi,-6.0173203,39.2388145,https://lh3.googleusercontent.com/grass-cs/ACvplmOs44Aun0TLAMZQ7OA7X-5xPjOU9L0qLnDvoYB4WONzKsoFKnxG5KknDbOPWwVV01OwV1ifLiC0VCZ35h0RaMsB2XrOXgeLcJYe1pY_vVqrLiptdAuhiiF-IMW3moGdd2i2grax=w915-h610-k-no,490,APPLICATION,2026-09-15 23:52:49.950299+05:30,APPLICATION,2026-09-16 14:49:47.414843+05:30,f
ChIJBRHebGwtXRgRKjeLk_L_WMg,The Uroa Beach,Nature & parks,nature_preserve,Unguja,Kati,-6.0871514,39.4263465,https://lh3.googleusercontent.com/gps-cs-s/AHRPTWm2UZA9l7lO8w2BabFsFqzr9rWfXagLKHm7DI4tz1c898m-z4Or6-xNkPAfbX0IOFA25rfSx3mGOdSbIuqcErvnG0ZbF-M7f-eZQ4VMPAgd6v_fdkYyZ4Bil3EqzF3tcP2d__cx=w915-h686-k-no,467,APPLICATION,2026-09-15 23:52:49.862068+05:30,APPLICATION,2026-09-16 14:56:58.691876+05:30,f
ChIJeepycWwtQxgRBJA01tc9Fxs,Slave cave,Museums & galleries,museum,Unguja,Kaskazini B,-6.001613799999999,39.1911595,https://lh3.googleusercontent.com/gps-cs-s/AHRPTWlIlwITsFqa8x6ZGplSr5LjGsEiuWQOkxsQ4n41Jxz0wyZ2CPqnki5MSVVMCJ0K0xIVsgUUdrvkQ4crUpGcHIuw5HhS-nzPOotikTNgck--LkbnIzuqjhIJDLA2FHqPWAPg3pyOHw=w915-h1882-k-no,497,APPLICATION,2026-09-15 23:52:49.977425+05:30,APPLICATION,2026-09-16 15:34:39.364627+05:30,f
ChIJFQxQKN4rXRgR0To5IowRLU0,Furaha Spice Farm,Sights & landmarks,tourist_attraction,Unguja,Kati,-6.0784514,39.3287343,https://lh3.googleusercontent.com/gps-cs-s/AHRPTWlu40__PRH9xWVG4p6KspyHmbXbDVn4dRHZKhaAxGEFhyVR5QFqL9wC46TVMbCzynCkAb5N4-edoaCUQWmvqaDRfp1GZU3c1GQpNaMeQVgLrCj9YTKjIVdVMzdwb6cysQ1iVJk6zH0xNH3j=w915-h1220-k-no,483,APPLICATION,2026-09-15 23:52:49.92384+05:30,APPLICATION,2026-09-16 15:42:56.978358+05:30,f
ChIJG57pV5cXXRgRPk_zesv4JTk,The Cave,Sights & landmarks,tourist_attraction,Unguja,Kusini,-6.2970872,39.5320702,https://lh3.googleusercontent.com/gps-cs-s/AHRPTWkuAU6oihK7YXM2mLizdav8KC-Sl64UPN509b3jeAhsTGfEWs4iZd26mgNhyF9eXDfMv5UscrBPzQViNncrZ2qf-oC-D5VoD0Ns5mcyzRgsTd9UTImzeXF3jNn9hDFYeGHUI2oSZ5hJciMj=w915-h610-k-no,105,APPLICATION,2026-09-15 23:52:48.321505+05:30,APPLICATION,2026-09-16 15:52:35.201922+05:30,f
ChIJYUgtpB3VQhgRH-S8IwEMm6A,Kiwengwa Beach,Sights & landmarks,tourist_attraction,Unguja,Kaskazini A,-5.9876559,39.3784259,,508,APPLICATION,2026-09-15 23:52:50.018859+05:30,,,f
ChIJoc6Hm2TVQhgReuGben7p9zQ,Quad Zanzibar Tours,Sights & landmarks,tourist_attraction,Unguja,Kaskazini A,-5.986838199999999,39.3757293,,511,APPLICATION,2026-09-15 23:52:50.033196+05:30,,,f
ChIJh1jncwDXQhgRqwk0i8Wg_E4,"Pwani mchangani, Zanzibar Tanzania",Sights & landmarks,tourist_attraction,Unguja,Kaskazini A,-5.9391946,39.359994,https://lh3.googleusercontent.com/grass-cs/ACvplmNMTy7yyPgrBge9lM-TH-oNmUZtr9EbLxylTPvvq0KVYYqvAlb6JkvOna_5OIy9u-ZHuJklScpwdlYFU5oiN80mbihgARDbsniyNVs3Ls_Orb5EOOxrztCTdkFsfB3fDZ5niNC9Zr0sN2I=w915-h1220-k-no,528,APPLICATION,2026-09-15 23:52:50.112766+05:30,APPLICATION,2026-09-16 16:00:19.551966+05:30,f
ChIJy1-sk8XVQhgRnqn55aCLaoI,Kiwengwa,Sights & landmarks,tourist_attraction,Unguja,Kaskazini A,-5.9855625,39.3818163,,513,APPLICATION,2026-09-15 23:52:50.042994+05:30,,,f
ChIJzRj-9X_VQhgRaS_aUPcsjEc,Kiwengwa Honeybee Cottage,Sights & landmarks,tourist_attraction,Unguja,Kaskazini A,-6.0002613,39.3816516,,517,APPLICATION,2026-09-15 23:52:50.061475+05:30,,,f
ChIJ--IELa3VQhgRptLHcEkztPA,Zanzibar Swing by Zanzibella,Sights & landmarks,tourist_attraction,Unguja,Kaskazini A,-6.002837,39.3837947,https://lh3.googleusercontent.com/gps-cs-s/AHRPTWknW5zsz2-uLGSyAwUo2SCfAm8PeIyrqiZCEEn1AUNPCwa_oOyhp2cd1se-Z5meLPudgnojAx1Y8zB3ANZciSbWjfYVoLIb6CcdQan9zI6dkS9mKXyqOaExaqQvSNM1ejnqmg8RUSCqm5r2=w915-h1220-k-no,516,APPLICATION,2026-09-15 23:52:50.055996+05:30,APPLICATION,2026-09-16 16:16:59.522102+05:30,f
ChIJYZ-QhIHVQhgRRRRQ_IHJx8A,Destiny Corporation Limited,Sights & landmarks,tourist_attraction,Unguja,Kaskazini A,-5.986629300000001,39.3726531,,519,APPLICATION,2026-09-15 23:52:50.070145+05:30,,,f
ChIJizCiOgDXQhgRC9MPhKZDcvM,Sandbank Riff,Activities & adventure,hiking_area,Unguja,Kaskazini A,-5.9378291,39.3717997,https://lh3.googleusercontent.com/gps-cs-s/AHRPTWm_UFIMr4u0xv4PJfbPazDHfXEQrf_rxVt_eQq2mXsgoUoNyq49XW9W5KSo7lxVjuqBdfNfAbT0eQs3Z0kLpTAt7CAFcTr1ZtAx580p3A4NSI84zRMuHsvWihHFDTkNhEF-vTc=w915-h514-k-no,531,APPLICATION,2026-09-15 23:52:50.124705+05:30,APPLICATION,2026-09-16 16:20:36.752389+05:30,f
ChIJK1a2gmbXQhgR5CDdyA_59WY,Zanzijambo Tours & Safaris,Sights & landmarks,tourist_attraction,Unguja,Kaskazini A,-5.9325854,39.3614713,https://lh3.googleusercontent.com/gps-cs-s/AHRPTWmHwhKx3legm8NTZ1HArQkKaRA6nUvzWDAwwlOI4CKi6yPMc3QK33G6Lw2jGnr5-He8b7g7djSD6wyzsrN2LAQY5N7fwT1SY6NpRR4OSkwpmfLifgC82JeXtK7s8kwCSRhmg_U=w915-h554-k-no,541,APPLICATION,2026-09-15 23:52:50.165206+05:30,APPLICATION,2026-09-16 16:31:18.804532+05:30,f
ChIJOzi3XQDXQhgRdtAxIz2Cirk,water cave,Sights & landmarks,tourist_attraction,Unguja,Kaskazini A,-5.9560961,39.360187,,522,APPLICATION,2026-09-15 23:52:50.082596+05:30,,,f
ChIJL4cZgqTXQhgRcbHfFa2WriI,Omar Tours & Travel,Sights & landmarks,tourist_attraction,Unguja,Kaskazini A,-5.939323099999999,39.3627523,https://lh3.googleusercontent.com/gps-cs-s/AHRPTWmbxFX2rfgGSwFL8zdRDWainfdFU2is5UZKQQDXi-1TctcRktT0pqMJEj87KIOvK37tpDl9tLJhrDQJrLQofHlmbBtxtltPrZY0RcTFxVtYGVGH_5tODOKlGYY8SSE4XusiHV-B=w915-h686-k-no,526,APPLICATION,2026-09-15 23:52:50.103301+05:30,APPLICATION,2026-09-16 16:39:19.360613+05:30,f
ChIJrWbJRqTXQhgR1AM0dvyLzAs,alibaba snorkeling & fishing,Sights & landmarks,tourist_attraction,Unguja,Kaskazini A,-5.9396317,39.3634222,,525,APPLICATION,2026-09-15 23:52:50.096952+05:30,,,f
ChIJ09o47fDXQhgRM1oBFwuxdKc,Kijiji Paintball Zanzibar,Nature & parks,park,Unguja,Kaskazini A,-5.942618899999999,39.358582,,527,APPLICATION,2026-09-15 23:52:50.109026+05:30,,,f
ChIJvdBIbwDXQhgRcsiAcTVf_bw,Starfish Tour,Activities & adventure,hiking_area,Unguja,Kaskazini A,-5.939035199999999,39.3635818,,530,APPLICATION,2026-09-15 23:52:50.12093+05:30,,,f
ChIJlQ6vdFLVQhgRap_iQBtLO24,Kiwengwa,Nature & parks,park,Unguja,Kaskazini A,-5.9931287,39.3805413,https://lh3.googleusercontent.com/gps-cs-s/AHRPTWk61ILr61J6JWQBbf8Lgf1A9GKyLN-nKd3WvGbK1-ppk7MwhD2vDFK0Pj_vImbfL5KSA0iHEgLmRFn_kXCfdFD2UbApO_lGyE2UzU19N64Q2pPuZyh2nDLjqmo5QZIWv5JV5AYeNr1VGZQ1=w915-h1220-k-no,509,APPLICATION,2026-09-15 23:52:50.023335+05:30,APPLICATION,2026-09-16 16:41:57.700989+05:30,f
ChIJmaY7UErVQhgR3ZrHGIkCduo,Case di Zanzibar in fango e makuti,Sights & landmarks,tourist_attraction,Unguja,Kaskazini A,-5.9925095,39.3508212,https://lh3.googleusercontent.com/gps-cs-s/AHRPTWnCodnr54qSeObe8lvbTnl4RlDvgoGKJ0sGVI0qDZfXKIPMUJTjaFHXoOSRrx9gYY2UGq8Q4uRmapLRec9hCyWlCPpxCRktH4jYJ5uIrCsaDFbdNMMalE9xNjUT8nz0nD8jkswg=w915-h1220-k-no,506,APPLICATION,2026-09-15 23:52:50.010711+05:30,APPLICATION,2026-09-16 16:51:47.436908+05:30,f
ChIJTYT7t_LXQhgReD2eklhCXxc,Pwani Mchangani,Activities & adventure,hiking_area,Unguja,Kaskazini A,-5.9237961,39.3619946,,539,APPLICATION,2026-09-15 23:52:50.156037+05:30,,,f
ChIJ6bc0oAPVQhgRKSwJ9jJ5LDk,Sasha Zanzibar Tour,Sights & landmarks,tourist_attraction,Unguja,Kaskazini A,-5.9731439,39.3706251,https://lh3.googleusercontent.com/gps-cs-s/AHRPTWlUh9jgT4UZ2z6hFyD89Sjcfk3vLN1GUqB7RoD1pu7ODbfKVKl0tAfvCGNj39BOKbPTW1bqNTF7nIt1D_AZDXEydcJF5khEPndldjOrm6u1uo5BD6-XvweLvSW6eC2Knh2L8u1fUQPaO1cq=w915-h610-k-no,521,APPLICATION,2026-09-15 23:52:50.077992+05:30,APPLICATION,2026-09-16 00:29:04.398606+05:30,f
ChIJ90qZ7GrXQhgRJVM14RBnMHE,"MATEMWE BEACH, Zanzibar",Sights & landmarks,tourist_attraction,Unguja,Kaskazini A,-5.931032,39.3609063,https://lh3.googleusercontent.com/gps-cs-s/AHRPTWnLJ1-dxgsOf9FrgxLtyl6KJllKefpitK-FmMA2YdsUR0BDHRv_72goQtrsdU7j94viPgmiOkAVPRgVjHYezu6RkWObUyZktr3I7f2OP8ZNMXhagvXhlDjz90bUMXeUCcipX6k9IFCDCCry=w915-h1220-k-no,537,APPLICATION,2026-09-15 23:52:50.148257+05:30,APPLICATION,2026-09-16 14:35:02.943684+05:30,f
ChIJc0zHbgDXQhgRgpL-IR2GBLc,"Edward Massai, Guided Reef Tours",Sights & landmarks,tourist_attraction,Unguja,Kaskazini A,-5.9367962,39.3627514,https://lh3.googleusercontent.com/gps-cs-s/AHRPTWm1i9sCJS36b34lhbHUuJ2W8yuxNudzaoLmoLi_Lf_kwFDSOt4UUTjsGjZPqWls90yRcTbJafETuVWk_OjwJbTf66laonkBe7iNYMik_b0IKK7ENsZlC9ZfsWYsQegz4IpPMtCz86-QSsUd=w915-h1626-k-no,534,APPLICATION,2026-09-15 23:52:50.135748+05:30,APPLICATION,2026-09-16 15:07:27.841874+05:30,f
ChIJDRGVsDzZQhgRUxK9IXowOQY,zanzibar Matemwe tours,Sights & landmarks,tourist_attraction,Unguja,Kaskazini A,-5.9098047,39.3534157,https://lh3.googleusercontent.com/gps-cs-s/AHRPTWkBuY-SaLYOhDIZqpQJePRreIeSxieihslUkJBPfdjmlrpBoOgOisunT-AylEML8VvGG0Jrtv5d4zEKM-IStzpVLB-FpOFUz8ZSLkB6Kglk7MiccIFkXokxie2j8FNi9_-uymd9=w915-h686-k-no,540,APPLICATION,2026-09-15 23:52:50.160602+05:30,APPLICATION,2026-09-16 15:26:06.651183+05:30,f
ChIJE23EIz_VQhgRcZyUZGS2Xww,Rama Gamefishing,Sights & landmarks,tourist_attraction,Unguja,Kaskazini A,-5.9826022,39.376722,https://lh3.googleusercontent.com/gps-cs-s/AHRPTWnaaK9FkCn-MteVmkDh2vOFPbUa_TTf0whkkAshiCFoQ3tSHG506XmGIEJB0PryXP9PV2NakLRZQEW6l-bzpDzI4-HVInz9R1JSiMy8CiqddRHY8mkLxCWntvIAg1EimcgDlxOg=w915-h1959-k-no,518,APPLICATION,2026-09-15 23:52:50.066325+05:30,APPLICATION,2026-09-16 15:29:00.402247+05:30,f
ChIJg5MBfwApQxgRRSokZ1IXkjg,Makuburini,Sights & landmarks,historical_landmark,Unguja,Kaskazini A,-5.96399,39.3114444,,523,APPLICATION,2026-09-15 23:52:50.087534+05:30,APPLICATION,2026-09-16 15:52:57.288529+05:30,f
ChIJHR_xminZQhgRVE9r6bu64Aw,Faki Zanzibar Tours,Sights & landmarks,tourist_attraction,Unguja,Kaskazini A,-5.850746099999999,39.3609673,,580,APPLICATION,2026-09-15 23:52:50.312109+05:30,APPLICATION,2026-09-16 16:07:40.007738+05:30,f
ChIJHyBOVffZQhgReRO6YVLZbm0,Hotel Ekipy Zanzibar,Sights & landmarks,tourist_attraction,Unguja,Kaskazini A,-5.8685848,39.3535976,https://lh3.googleusercontent.com/gps-cs-s/AHRPTWlMVQBw9a0T4Zx6CEEGCHMDSJ6gbJ8DqzlOefiZPjb9ppgodyhzdeKMVE6i_5kOz0LXJYPq9uUgoNKUHbae5149U3VYUdw2OxKQVHiEse9vmArYHlUdlYPv_JHNalzsplhJXeEETQ=w915-h514-k-no,577,APPLICATION,2026-09-15 23:52:50.30055+05:30,APPLICATION,2026-09-16 16:10:01.673074+05:30,f
ChIJJxOgGsXZQhgRvSUrcFEfOQY,Magozanzibar Tours,Sights & landmarks,tourist_attraction,Unguja,Kaskazini A,-5.8818915,39.3533591,https://lh3.googleusercontent.com/gps-cs-s/AHRPTWn_wfr2hCYJqU2VDlkTnXLiuQ3r_4nNIwPpp38tIIa3Rikpfv6Uqg_3xNBmzUxcQePo6kbq0yUHrQmw1659uo2thfPLHnYYDUUfpD_2VfSEZYD-I0_hZyUBKdsnLsB2T0xQUfEzPg=w915-h1220-k-no,559,APPLICATION,2026-09-15 23:52:50.232809+05:30,APPLICATION,2026-09-16 16:30:41.556911+05:30,f
ChIJ_-KiQwAlQxgRHiT59clipdY,​Jongowe Makutani Settlement & Palace Ruins,Sights & landmarks,historical_landmark,Unguja,Kaskazini B,-5.857253699999999,39.2320832,https://lh3.googleusercontent.com/gps-cs-s/AHRPTWne3AbWRGnXuZyMqZmGxvsO824QYBQkTYMy7CMa7oKuBlyW58NyYMW4SpBho9xCU3uO2sKjonasKTK6TyZbTzbJWv01FSbhFHbPHMDm_RYIzvwkUV71I8Wi_3lGvAsJzzS0lOFASR3KUBeX=w915-h515-k-no,560,APPLICATION,2026-09-15 23:52:50.236348+05:30,APPLICATION,2026-09-16 16:35:51.181699+05:30,f
ChIJf1TnUQDZQhgR9keemFLmbM4,Matemwe kilimajuu,Sights & landmarks,tourist_attraction,Unguja,Kaskazini A,-5.896796,39.353693,,552,APPLICATION,2026-09-15 23:52:50.207555+05:30,,,f
ChIJs5ePQwDZQhgR4djgMMcJDz8,Zanz.ibardreamtoursbyAli,Sights & landmarks,tourist_attraction,Unguja,Kaskazini A,-5.8902091,39.3541747,,554,APPLICATION,2026-09-15 23:52:50.214604+05:30,,,f
ChIJyfFJ40DXQhgRL-LQH4tzfNA,Kabil Tour,Sights & landmarks,tourist_attraction,Unguja,Kaskazini A,-5.9035843,39.3555693,,555,APPLICATION,2026-09-15 23:52:50.218175+05:30,,,f
ChIJ8bgv5dPXQhgRVicIBudBbiM,Isco Tours,Sights & landmarks,tourist_attraction,Unguja,Kaskazini A,-5.932247299999999,39.3614111,,556,APPLICATION,2026-09-15 23:52:50.222168+05:30,,,f
ChIJKWnrTADXQhgR7ax1HGBY-a8,Holiday destination,Sights & landmarks,tourist_attraction,Unguja,Kaskazini A,-5.924372399999999,39.3567053,,557,APPLICATION,2026-09-15 23:52:50.225953+05:30,,,f
ChIJzb4SfQDXQhgRw2BRnyR6Azs,Tom Cruise Tours Zanzibar,Sights & landmarks,tourist_attraction,Unguja,Kaskazini A,-5.924372399999999,39.3567053,,558,APPLICATION,2026-09-15 23:52:50.229362+05:30,,,f
ChIJidXtCgAnQxgRZ87OAY_VQMw,Abdalla abdi suleiman,Sights & landmarks,tourist_attraction,Unguja,Kaskazini B,-5.878703300000001,39.2682055,,562,APPLICATION,2026-09-15 23:52:50.244417+05:30,,,f
ChIJG2QjCgAnQxgRbCKYvuZQBzY,The Pit,Nature & parks,garden,Unguja,Kaskazini B,-5.8874336,39.2856741,,563,APPLICATION,2026-09-15 23:52:50.24784+05:30,,,f
ChIJw8wXCwAnQxgRYJ7fLSGeq7M,The Great Pit,Sights & landmarks,tourist_attraction,Unguja,Kaskazini B,-5.88754,39.28565,,564,APPLICATION,2026-09-15 23:52:50.251843+05:30,,,f
ChIJu5AWHQAnQxgRjRfPVLO7j9o,וואג'וני,Activities & adventure,hiking_area,Unguja,Kaskazini B,-5.8880696,39.2916711,,565,APPLICATION,2026-09-15 23:52:50.255622+05:30,,,f
ChIJvY09_mLZQhgRXypRc1uK8E0,Chris Zanzibar Explorer,Sights & landmarks,tourist_attraction,Unguja,Kaskazini A,-5.8754896,39.3534655,,567,APPLICATION,2026-09-15 23:52:50.263833+05:30,,,f
ChIJJUOxXATZQhgRQdAMNVS4QTA,Metembe,Sights & landmarks,tourist_attraction,Unguja,Kaskazini A,-5.8747628,39.3522498,,569,APPLICATION,2026-09-15 23:52:50.271178+05:30,,,f
ChIJVUCzlI_ZQhgR30vJzqX_BdI,Cheichei Zanzibar Tours and Safari,Tour operators & agents,tour_agency,Unguja,Kaskazini A,-5.8795229,39.3515171,,573,APPLICATION,2026-09-15 23:52:50.286381+05:30,,,f
ChIJY0DSdwDZQhgR9R4-BINf_LM,aliyzanzibar local tour guide,Sights & landmarks,tourist_attraction,Unguja,Kaskazini A,-5.8748021,39.3509898,,576,APPLICATION,2026-09-15 23:52:50.296665+05:30,,,f
ChIJN1tUcgDZQhgRVJIvj85mllY,Gonzule's Garden,Nature & parks,garden,Unguja,Kaskazini A,-5.8751767,39.352341,,578,APPLICATION,2026-09-15 23:52:50.304866+05:30,,,f
ChIJOW2faZ3ZQhgRWNr6zku-a78,Himibra Tour Guide Zanzibar,Sights & landmarks,tourist_attraction,Unguja,Kaskazini A,-5.854486,39.3549895,,581,APPLICATION,2026-09-15 23:52:50.315537+05:30,,,f
ChIJ-YMDIPrZQhgRnrmV2x-azy0,Jaku Zanzibar Tours,Sights & landmarks,tourist_attraction,Unguja,Kaskazini A,-5.862179299999999,39.3549463,,582,APPLICATION,2026-09-15 23:52:50.318767+05:30,,,f
ChIJOWkSCInZQhgRPoH5mG0t0mw,Najim Local Tours,Sights & landmarks,tourist_attraction,Unguja,Kaskazini A,-5.8450543,39.3578531,,584,APPLICATION,2026-09-15 23:52:50.326254+05:30,,,f
ChIJWYNktEnfQhgRk8dJSuE_3tU,Bobo zanzibar tour,Sights & landmarks,tourist_attraction,Unguja,Kaskazini A,-5.8427772,39.356574,,585,APPLICATION,2026-09-15 23:52:50.329491+05:30,,,f
ChIJ2-gux9HZQhgRnz4jMKYfd34,Zanzibar Bella Vista tours,Sights & landmarks,tourist_attraction,Unguja,Kaskazini A,-5.8504169,39.3565087,https://lh3.googleusercontent.com/gps-cs-s/AHRPTWlUP_4o6HSfWpqFm8yoQp5sCjmDSYx4Qen36XFYvs9HnLJdXzMRFrVgYoSZNChH7IFxduqf5oGRkaHaHX2e5TVDGyEIYd40ysq8H85XrEFIGIaYwKfmeOvt8Zx6gnkXUIViLaTNoA=w915-h686-k-no,579,APPLICATION,2026-09-15 23:52:50.30866+05:30,APPLICATION,2026-09-16 00:03:35.377436+05:30,f
ChIJ36T_mDrXQhgR_wYOlRuabrM,Mouhamad Ali Excutions Pwani Mchangani,Sights & landmarks,tourist_attraction,Unguja,Kaskazini A,-5.9305603,39.3607063,https://lh3.googleusercontent.com/gps-cs-s/AHRPTWkG_UjJSjZ4OVSnYEsSZzTMcNFZmndUoTXGufsy86qSMM8m-WdB-QuPqfRntPy5cvgPA_4I29IC-0zbrvUslWbRk9HV5D6yWdOrSRX-bBu-kSP2CHMDo_jpqYCqP5cTSjkiEEVK=w915-h1220-k-no,548,APPLICATION,2026-09-15 23:52:50.19312+05:30,APPLICATION,2026-09-16 00:07:36.1478+05:30,f
ChIJ9bjLLXPZQhgRJPjRxYQNEXY,Sinajambo Kite School,Sights & landmarks,,Unguja,Kaskazini A,-5.8660625,39.3543125,https://lh3.googleusercontent.com/gps-cs-s/AHRPTWlv_A5Zzr9DImnIiKthMRiXqwekMesIi81X9Z8X0vcNYi2zG2L3aihAaidQf9Uh0Re6g0VOgMz5wf8n9Lvxz1zPVTq2aFyvRmDRoYSYioh7eG5rTJJyieQtyeGupSrN1LhdIBs=w915-h1220-k-no,570,APPLICATION,2026-09-15 23:52:50.274686+05:30,APPLICATION,2026-09-16 14:37:53.094455+05:30,f
ChIJbXz89HzZQhgR20gtYaSZSXE,Omar Tour Zanzibar,Sights & landmarks,tourist_attraction,Unguja,Kaskazini A,-5.849950199999999,39.3567362,https://lh3.googleusercontent.com/gps-cs-s/AHRPTWnPIZZ0jjqbuEwgaCA9NdemkIP5otP3_xghRsyAw3B14S21p8NDSinfOyk0xSgWsCDlAmA27Dd4jfy18bK-AbGKwUf8zazReudRCsfyCL02l3Gs7vdpqaKXvTOGgS3BJz52UkI21cjFFlEn=w915-h1626-k-no,583,APPLICATION,2026-09-15 23:52:50.322288+05:30,APPLICATION,2026-09-16 15:06:44.447119+05:30,f
ChIJE__rSonXQhgRQfzRIfEMCMk,mickari tours zanzibar,Sights & landmarks,tourist_attraction,Unguja,Kaskazini A,-5.9221315,39.3575172,https://lh3.googleusercontent.com/gps-cs-s/AHRPTWn1f0I9tk9RL2sLxuvM5m3rOxgJUl4GBWN_Tkw-qJAXt5Cq8-4nVp1gTZDtyXzffMHo9HIa7rpcNkuQPmlaXZr0fdtnUe3_rBaDWL_G_GK_Wf8KbQW8p9rctdW5uEWeXyfjTA7QS72KzuY=w915-h686-k-no,549,APPLICATION,2026-09-15 23:52:50.196239+05:30,APPLICATION,2026-09-16 15:36:31.030193+05:30,f
ChIJg5Xp7soRXRgRoSJ9aP2EaqE,Kuumbi Cave,Sights & landmarks,tourist_attraction,Unguja,Kusini,-6.361668,39.542553600000005,https://lh3.googleusercontent.com/gps-cs-s/AHRPTWk2oWLCkxCR7ziBu2jKdb_brvGBxfOW7RUQDewiFKfRtFrKw488te1GLlpnIH38MeEA40mzJcza9TBkyMrHjqBhcHbQ5jbQ_D2NPSX1uOhMrxq5pS7_tIt6A0KtuOI5gOQUQrK9Pg=w915-h2042-k-no,81,APPLICATION,2026-09-15 23:52:48.220127+05:30,APPLICATION,2026-09-16 15:53:42.897353+05:30,f
ChIJldn4JQDZQhgRljuo_prY-Ao,Abdi,Sights & landmarks,tourist_attraction,Unguja,Kaskazini A,-5.8745825,39.3534391,,590,APPLICATION,2026-09-15 23:52:50.347888+05:30,,,f
ChIJHzjiGwDfQhgRdqgNqog4cF0,Kibandakili,Nature & parks,garden,Unguja,Kaskazini A,-5.7832254,39.3250378,,622,APPLICATION,2026-09-15 23:52:50.4855+05:30,APPLICATION,2026-09-16 16:11:10.74073+05:30,f
ChIJKyN9PgAhQxgRULV69RgBuIc,Tazari Butterfly Farm,Sights & landmarks,tourist_attraction,Unguja,Kaskazini A,-5.7782656,39.3063408,https://lh3.googleusercontent.com/gps-cs-s/AHRPTWkWz5GKCHszpd8gOCzOyDhLm8SqckBeY8F964L5-5Mtl9kASp7o0n9BbIt9SMH7kcH1aE9DZRcQ0aats8HgkQGO1AxcuJmsLIpmuFOu__XWZO9LjCWgAfPXmDNTyQzBlHNgaEvnLNeCUpDx=w915-h1220-k-no,609,APPLICATION,2026-09-15 23:52:50.429315+05:30,APPLICATION,2026-09-16 16:36:56.473881+05:30,f
ChIJQ4Bqp6khQxgRfzVn65gs7uM,Fukuchani Aquarium,Sights & landmarks,tourist_attraction,Unguja,Kaskazini A,-5.8361911,39.2885159,,593,APPLICATION,2026-09-15 23:52:50.359468+05:30,,,f
ChIJuS4lzLshQxgRwJxXB5GoYMQ,Fucuchani Natural Aquarium and Zoo,Nature & parks,park,Unguja,Kaskazini A,-5.835878,39.286453,,594,APPLICATION,2026-09-15 23:52:50.363511+05:30,,,f
ChIJM5RwYgDZQhgRG6-iobRuRoA,Friendly Beach Dogs,Sights & landmarks,tourist_attraction,Unguja,Kaskazini A,-5.875066299999999,39.35346150000001,,588,APPLICATION,2026-09-15 23:52:50.340518+05:30,APPLICATION,2026-09-16 16:48:18.398259+05:30,f
ChIJSzZLToTZQhgROS0olGZcSxM,Sharlife zanzibar guia,Sights & landmarks,tourist_attraction,Unguja,Kaskazini A,-5.8369041,39.3568474,,601,APPLICATION,2026-09-15 23:52:50.390766+05:30,,,f
ChIJwxY45WbZQhgRgvYXL3YEBnI,Snorkeling zone,Sights & landmarks,tourist_attraction,Unguja,Kaskazini A,-5.8380506,39.39208500000001,,602,APPLICATION,2026-09-15 23:52:50.39473+05:30,,,f
ChIJrymW_PbZQhgR30dy9KzOOJI,Place A,Activities & adventure,hiking_area,Unguja,Kaskazini A,-5.8378862,39.3918178,,603,APPLICATION,2026-09-15 23:52:50.398215+05:30,,,f
ChIJPdJ6VwAhQxgR68EwfYSBPc4,Starfish Island,Sights & landmarks,tourist_attraction,Unguja,Kaskazini A,-5.7850871,39.2693008,,606,APPLICATION,2026-09-15 23:52:50.417257+05:30,,,f
ChIJsYBEPAAhQxgRVg7BblKnCzo,Sunset View,Sights & landmarks,tourist_attraction,Unguja,Kaskazini A,-5.783551999999999,39.2942501,,610,APPLICATION,2026-09-15 23:52:50.433533+05:30,,,f
ChIJY6nwUsPfQhgREyAJkcpWfmY,Muyuni Beach,Sights & landmarks,tourist_attraction,Unguja,Kaskazini A,-5.808846,39.3587076,,611,APPLICATION,2026-09-15 23:52:50.437682+05:30,,,f
ChIJQ8Mhv5DRXBgRybcyKxTwKck,"The Mnemba Island, Zanzibar",Tour operators & agents,tour_agency,Unguja,Kaskazini A,-5.8144654,39.355232,,613,APPLICATION,2026-09-15 23:52:50.446889+05:30,,,f
ChIJs9ykgOXfQhgRZ2LtNuz-cjc,Fischmarkt,Sights & landmarks,tourist_attraction,Unguja,Kaskazini A,-5.808846,39.3587076,,617,APPLICATION,2026-09-15 23:52:50.464465+05:30,,,f
ChIJXdoNTADfQhgR28ymMyzZkfo,Farma Leo Leo,Sights & landmarks,tourist_attraction,Unguja,Kaskazini A,-5.8120739,39.346451,,618,APPLICATION,2026-09-15 23:52:50.469109+05:30,,,f
ChIJy1HAeADfQhgRee0JLNMVDB4,Muyuni,Sights & landmarks,tourist_attraction,Unguja,Kaskazini A,-5.8110496,39.357538,,619,APPLICATION,2026-09-15 23:52:50.473079+05:30,,,f
ChIJxQa4Q6XfQhgRUo4LGU_YvCU,Jeptana zanzibar tour and safari,Sights & landmarks,tourist_attraction,Unguja,Kaskazini A,-5.8125885,39.3585215,,621,APPLICATION,2026-09-15 23:52:50.480709+05:30,,,f
ChIJR0LZfADfQhgRxM-OceGekXk,Mnemba Sandbank,Sights & landmarks,tourist_attraction,Unguja,Kaskazini A,-5.7971351,39.3896214,,623,APPLICATION,2026-09-15 23:52:50.489871+05:30,,,f
ChIJU-N2YgDfQhgR3giZ6LC5Zp8,haut fond mnemba island,Sights & landmarks,tourist_attraction,Unguja,Kaskazini A,-5.816010599999999,39.3951277,,624,APPLICATION,2026-09-15 23:52:50.493919+05:30,,,f
ChIJW9OnKQAZQxgRJGK6dyzo_HE,Tumbatu Coral Reef Snorkeling,Sights & landmarks,tourist_attraction,Unguja,Kaskazini A,-5.7627412,39.2312152,,626,APPLICATION,2026-09-15 23:52:50.501107+05:30,,,f
ChIJ5YRZzh0hQxgRhL-jWQMJ7H8,Maasai World,Museums & galleries,cultural_center,Unguja,Kaskazini A,-5.8224157,39.3010917,https://lh3.googleusercontent.com/gps-cs-s/AHRPTWmG0OCiWJCM3WNmK5z1jruINT3SmjpGOoNFmbGekp3BNx5iNmBQMu_rzOhBZN90Sqmh_vIvTilGeD4Y82oULs_kbqNQHZ60zk7Z0OOVKw2I5u-555CqnL9XGft9PeLZKRLyckA=w915-h686-k-no,597,APPLICATION,2026-09-15 23:52:50.374736+05:30,APPLICATION,2026-09-16 00:17:34.468732+05:30,f
ChIJ945HJQDZQhgRH4Ua-Ao3Wxk,Abu Tours Zanzibar,Sights & landmarks,tourist_attraction,Unguja,Kaskazini A,-5.8726767,39.3534381,https://lh3.googleusercontent.com/gps-cs-s/AHRPTWlF6YLJTb4vaEiZimrQNDkc2Q4ukAo8mo__XlHA33KuklnoTqcdcG1NUM5Cx0x-CnlSh-Oense7rTM3Vl0AmgAMQNTx8L-4Df6inMf8GHHJsJXxRmY5us6OGFB5WKqJkNeITx8wsA=w915-h1220-k-no,592,APPLICATION,2026-09-15 23:52:50.355611+05:30,APPLICATION,2026-09-16 14:36:30.221563+05:30,f
ChIJaxrspywhQxgR8goSCJWmJmo,Tazari chameleon reserve,Sights & landmarks,tourist_attraction,Unguja,Kaskazini A,-5.7764036,39.30418160000001,https://lh3.googleusercontent.com/gps-cs-s/AHRPTWl0lJmQU1O1HDCm0OBu5AQ3i_2uRwgZ1B2Rht126tsQsgJAhLUhhdB7CEh6CTbpOWMnmeqF7BPujnH-xtOIw7u8Ii6SpBJzV5Xqdo1fYqtLgMZTx2ZJMOKK2Pg-rPTslDWyxLU=w915-h1220-k-no,607,APPLICATION,2026-09-15 23:52:50.420666+05:30,APPLICATION,2026-09-16 14:51:13.519445+05:30,f
ChIJc22JMXjfQhgRKvTK5u50WZc,Machano Zanzibar Tours,Sights & landmarks,tourist_attraction,Unguja,Kaskazini A,-5.807276,39.3584612,https://lh3.googleusercontent.com/gps-cs-s/AHRPTWmgkpE8EGMa32FuqBl6pi9wV5cg18r0zOTEzaNFxf2m34bMx2PkNpJO2LhEBNn1xDJFpR_uOuhHlB9kyZMWAVbBJL9Q4vkq6lDZR0G3bIpv-awc6Cv4vgMZMRv4iebMxqOxNjKEd_raLEUf=w915-h1220-k-no,615,APPLICATION,2026-09-15 23:52:50.455425+05:30,APPLICATION,2026-09-16 15:08:16.809583+05:30,f
ChIJCwitZqwhQxgRceSH0OrPeA0,Mvuleni Local Village Tours,Sights & landmarks,tourist_attraction,Unguja,Kaskazini A,-5.8291037,39.2945255,https://lh3.googleusercontent.com/gps-cs-s/AHRPTWlS1upfVPeTBC90Xo6EZWcNy2ZBEL11vIrSUfBrasSGWfmyxwUyxWGdQPS07VmW9mQYUkeEbliL1pWGtlOip2VItZfY9wiT06Q5ZwmV94COkdL1NPxBJkoaijvnySXQaOc7zBxL=w915-h1220-k-no,598,APPLICATION,2026-09-15 23:52:50.378431+05:30,APPLICATION,2026-09-16 15:18:18.405583+05:30,f
ChIJCYKMEADZQhgRCxNQJOsuqWo,ABUU REEF TOUR,Sights & landmarks,tourist_attraction,Unguja,Kaskazini A,-5.875054,39.3532852,,591,APPLICATION,2026-09-15 23:52:50.352086+05:30,APPLICATION,2026-09-16 15:18:46.751547+05:30,f
ChIJfbfaDgAnQxgRKezEkbETNXk,Kirwa,Nature & parks,garden,Unguja,Kaskazini B,-5.8500555,39.29872,,599,APPLICATION,2026-09-15 23:52:50.382304+05:30,APPLICATION,2026-09-16 15:40:56.284883+05:30,f
ChIJFUbTEczZQhgRrqYFWinjy84,Tour Guide Momba Zanzibar,Sights & landmarks,tourist_attraction,Unguja,Kaskazini A,-5.8111557000000005,39.3551877,https://lh3.googleusercontent.com/gps-cs-s/AHRPTWmBfpHjvEC8zFrCYRhTp7pv903MROUx872GJw_5v-5rTCQy1DmGVBI6_WNnIqqZN0_omIcd8iDYGGqKfLKlQoFjcbxvoS0GanduJcFsciiepxeu9aoQNoFD-_38gsk_UtsuWzKIQQ=w915-h595-k-no,616,APPLICATION,2026-09-15 23:52:50.459778+05:30,APPLICATION,2026-09-16 15:43:42.675743+05:30,f
ChIJs1PaFt0fQxgR4ZIIrN_ns1U,Splash Paradise,Beaches & coast,water_park,Unguja,Kaskazini A,-5.7538086,39.2875132,,628,APPLICATION,2026-09-15 23:52:50.509473+05:30,,,f
ChIJPQVQaqkfQxgRb3TUNPg0Iv4,Kendwa Beach Market,Museums & galleries,art_gallery,Unguja,Kaskazini A,-5.7538962,39.287546600000006,,631,APPLICATION,2026-09-15 23:52:50.520671+05:30,,,f
ChIJH4Fd-g7PJEoRNfDlAML1JUM,Comexplore Tours and Safari,Sights & landmarks,tourist_attraction,Unguja,Kaskazini A,-5.7538953,39.2880243,https://lh3.googleusercontent.com/gps-cs-s/AHRPTWkuZY5Xb3s9WnyAvO6vLKvoRK4WrfPIcIv-wVfxKEHABzm-CAoSxVTweqRiZSfYfGt1Ze731aG9PecKb0TxnXIOeLa57P7-DcWjuwdsNhw9mp7va6cW1ltXoDpfIX2ogwS2NG-i=w915-h516-k-no,634,APPLICATION,2026-09-15 23:52:50.533013+05:30,APPLICATION,2026-09-16 16:02:03.780152+05:30,f
ChIJVTvThFUfQxgRWpqCPDUQFvo,NENGO WATER SPORTS,Sights & landmarks,service,Unguja,Kaskazini A,-5.7577921,39.2881696,,635,APPLICATION,2026-09-15 23:52:50.537207+05:30,,,f
ChIJhXqtlEYeQxgRPTFEAyy8jWk,Zanzibar Yacht Charter,Beaches & coast,marina,Unguja,Kaskazini A,-5.7360628,39.2928148,https://lh3.googleusercontent.com/gps-cs-s/AHRPTWmJsTEcSrxRnvHI5kewxpt7RSdE8Ky62eSDaEnO86XInRKuGsQNyexslXk0wwg_df3Khi5fkRXobWccBC2KbglKq9cEfudwMkHW-y8rCcUGVp8Sy_iMjoX0pAtAs7AopJZ2I7g=w915-h686-k-no,657,APPLICATION,2026-09-15 23:52:50.626788+05:30,APPLICATION,2026-09-16 16:09:53.930902+05:30,f
ChIJV_1tIAAfQxgRrVU0kljJi7o,Zanzibar Watersports Beach Office,Sights & landmarks,tourist_attraction,Unguja,Kaskazini A,-5.7537715,39.2877876,,637,APPLICATION,2026-09-15 23:52:50.545102+05:30,,,f
ChIJrcgGSgArQxgR5Vmm_NXf6DI,Village tour zanzibar,Sights & landmarks,tourist_attraction,Unguja,Kaskazini A,-5.7530791,39.2876974,,638,APPLICATION,2026-09-15 23:52:50.549422+05:30,,,f
ChIJB2ONZgAfQxgRoXyf8M1pCEM,Loueur jet ski,Sights & landmarks,tourist_attraction,Unguja,Kaskazini A,-5.7536147,39.2880934,,639,APPLICATION,2026-09-15 23:52:50.553598+05:30,,,f
ChIJ_eVhon8fQxgR7ifsWsKhAJA,TRADITIONELLES RESTAURANT + Kiosk,Museums & galleries,museum,Unguja,Kaskazini A,-5.7549667,39.2895477,,640,APPLICATION,2026-09-15 23:52:50.557694+05:30,,,f
ChIJS0a6GCkfQxgRNtTlUFfhv4w,Chic me Zanzibar,Sights & landmarks,tourist_attraction,Unguja,Kaskazini A,-5.7504158,39.2880835,,641,APPLICATION,2026-09-15 23:52:50.561674+05:30,,,f
ChIJLQRUGw4fQxgRSgLridfsHps,Tamasha Dhow,Sights & landmarks,tourist_attraction,Unguja,Kaskazini A,-5.7565037,39.2879336,https://lh3.googleusercontent.com/gps-cs-s/AHRPTWmpByEp-KQMD5EEtHXmFGoF-vyeAhZkk5enF27ERtUjvQ0WpihP4EjA731JQlGNP_hc_lBAQkevVt1NhuTgQL_vCjTGJeeteu8OkP-YQmS1B_8gs-lAG_pOmTQAaLHKuwoX6ytM=w915-h1220-k-no,632,APPLICATION,2026-09-15 23:52:50.52505+05:30,APPLICATION,2026-09-16 16:42:07.247652+05:30,f
ChIJLZbepngfQxgRRHvhB_hRyc0,Rasco Tours Zanzibar,Sights & landmarks,tourist_attraction,Unguja,Kaskazini A,-5.7308125,39.2913125,https://lh3.googleusercontent.com/gps-cs-s/AHRPTWmYARsDX_nXCG40DHAL1mmabcPQJj2i8tvFNKyVcQuHtaoWLiMEdqyV7-Qao8fU4EBhL3ZA9U7J3byuv11OUE5Pam1AqMV8CkuBiECRhsux4Grruvrcg_WOZu3CrV4s3UJM-eaF=w915-h686-k-no,653,APPLICATION,2026-09-15 23:52:50.609397+05:30,APPLICATION,2026-09-16 16:44:00.629636+05:30,f
ChIJp7qMtqsfQxgRZe3juZxwHRM,Zanzibar Watersports,Activities & adventure,sports_activity_location,Unguja,Kaskazini A,-5.7540348,39.2908949,,644,APPLICATION,2026-09-15 23:52:50.573581+05:30,,,f
ChIJm1OcSkkfQxgRFqqnHxkSIvM,Lubaacris tours & Safaris,Sights & landmarks,tourist_attraction,Unguja,Kaskazini A,-5.754374599999999,39.2871087,https://lh3.googleusercontent.com/gps-cs-s/AHRPTWmK2u4Hf9BD6tbfvvA99EtsVE6tuZhS7bmaC5AJgsD7XzVtm68f-hw1rwNT7wXk2k5A59H-yKX6K8Bxb16b8OShDvEED8kaAyL5aEzSQmH4W5SOJyu00M48H-JuBvfLjweLk5Y=w915-h1626-k-no,627,APPLICATION,2026-09-15 23:52:50.505276+05:30,APPLICATION,2026-09-16 16:46:42.439475+05:30,f
ChIJQ6qIATsfQxgRx2YHTwxnR68,Zanzibar Info Tours,Sights & landmarks,tourist_attraction,Unguja,Kaskazini A,-5.758121500000001,39.2928331,,646,APPLICATION,2026-09-15 23:52:50.580703+05:30,,,f
ChIJMZYGKQAfQxgRNVfVnva-JQI,Kendwa Fishing village,Sights & landmarks,tourist_attraction,Unguja,Kaskazini A,-5.7600232,39.2881682,https://lh3.googleusercontent.com/gps-cs-s/AHRPTWmpzU84vG9XF55lfPzuHrawBK5HswWo0fk2iiWxBvhuEkki-27fvmxMgaLot7XRu-0t5tSPvuxx8N9FLkQh5392PqCFFjfztsw7P2WUtEgaGugd6bzkTTAdXWFwo0B_OgCcWrhj8rKphThs=w915-h686-k-no,630,APPLICATION,2026-09-15 23:52:50.517038+05:30,APPLICATION,2026-09-16 16:57:57.521135+05:30,f
ChIJxZvcHADhQhgRJW8-J8jyWnU,Белая коса,Activities & adventure,hiking_area,Unguja,Kaskazini A,-5.745337,39.3235361,,648,APPLICATION,2026-09-15 23:52:50.588797+05:30,,,f
ChIJNZG5RCUfQxgRX7UZfK_vkLE,Dreams Boat Tour,Sights & landmarks,tourist_attraction,Unguja,Kaskazini A,-5.7316024,39.2911139,https://lh3.googleusercontent.com/gps-cs-s/AHRPTWlcUcC9Dm5ME9_YuTw4giwG7ixytVJANCDYbOt7uv1aJ8A7za6rAuAXozOPBvJFESgN2VicN2plajfv-R-JSF5W9b1OyA265yz1slYzR_ob1EDkk954_7mwgXqykQtYyCAEWu5Z5uTzeKJ0=w915-h686-k-no,663,APPLICATION,2026-09-15 23:52:50.650851+05:30,APPLICATION,2026-09-16 17:07:08.171089+05:30,f
ChIJpaxMA8sfQxgRiirzi1mXDjA,Zanzibar Seawalk,Activities & adventure,adventure_sports_center,Unguja,Kaskazini A,-5.725573700000001,39.2927006,,658,APPLICATION,2026-09-15 23:52:50.631139+05:30,,,f
ChIJxTmAv88fQxgRSa9a4RjxaBE,Nungwi Beach,Sights & landmarks,tourist_attraction,Unguja,Kaskazini A,-5.7245801,39.2950484,,660,APPLICATION,2026-09-15 23:52:50.638992+05:30,,,f
ChIJy4csRAAfQxgR39jGLTA76vE,Nungwi fish market,Sights & landmarks,tourist_attraction,Unguja,Kaskazini A,-5.723166,39.2989879,,661,APPLICATION,2026-09-15 23:52:50.642916+05:30,,,f
ChIJsbriLDkeQxgRIalb3Mf_qTY,Nungwi Mnarani Aquarium,Wildlife,aquarium,Unguja,Kaskazini A,-5.722141,39.3031603,,665,APPLICATION,2026-09-15 23:52:50.658066+05:30,,,f
ChIJYW307ksfQxgRhmlRCH9QI78,Swim with turtles sanctuary Zanzibar,Sights & landmarks,tourist_attraction,Unguja,Kaskazini A,-5.7239319,39.303829,,666,APPLICATION,2026-09-15 23:52:50.661696+05:30,,,f
ChIJ5VkSAbAfQxgRkO9p1kANRMc,Nungwi public Beach,Sights & landmarks,tourist_attraction,Unguja,Kaskazini A,-5.7312014,39.2910283,https://lh3.googleusercontent.com/gps-cs-s/AHRPTWmrka_lxBtvzvXz9NFZi41ax2NiBsJefoQNJxvlSs1at20hExO0-8QkWNWd4bYPCIqErkiiCkRHFNxGDkY_0eFXckGjf-BGsGB8l2YV-fC_7AOr5VRLQY2Agxv8oWFjggpSG70=w915-h686-k-no,651,APPLICATION,2026-09-15 23:52:50.60036+05:30,APPLICATION,2026-09-16 00:16:36.184308+05:30,f
ChIJA54xlUYeQxgR1nSUJPy3ucE,Fishing Zanzibar Co Ltd,Beaches & coast,fishing_charter,Unguja,Kaskazini A,-5.736057499999999,39.2928283,https://lh3.googleusercontent.com/gps-cs-s/AHRPTWn8CwB07y1jlV-XJeqMOimcpvCIqOt-UIMOfKemGFTOCGA9QscVaCWkt2E_23-Sp2dm-PMeYp-Lpy-RTvX14mi-XpMMNKGIEMl2b2xLtSDaTPAPNlKW1RLuGWsgdTgP7sYdJrCgJw=w915-h608-k-no,656,APPLICATION,2026-09-15 23:52:50.622276+05:30,APPLICATION,2026-09-16 14:43:20.570695+05:30,f
ChIJb0FKPwAfQxgR8pqQCs3lwog,Lingua di sabbia,Activities & adventure,hiking_area,Unguja,Kaskazini A,-5.7342739,39.3195914,https://lh3.googleusercontent.com/gps-cs-s/AHRPTWnZB--qdgd3dQ-r0rJnmdf5VICirpZgoPDJstl1daJXeYzRuBfJkK_AW8m5tYmrib6p6i5WaJ-jHuzOHMCcH0JdUc44oHjTCvktDVAlkQ6qy5OAsnEfCCln_ZCFDo86e-HgN5dAWpaTX8g=w915-h514-k-no,647,APPLICATION,2026-09-15 23:52:50.58439+05:30,APPLICATION,2026-09-16 14:51:57.233581+05:30,f
ChIJEdcpNgDfQhgRnAEVh53Led8,zanzibar lion park,Wildlife,zoo,Unguja,Kaskazini A,-5.7688751,39.3261198,https://lh3.googleusercontent.com/gps-cs-s/AHRPTWkr3543K7vRA6ccDoo0xTObqBgSHQvoUIsS7BYEa3XRUDIA-ArrjWflhnDDdd4oM1nAxQpLfwJRi0VYiuM95_nTzSO5OE0khwrvR2aEiDdCu31vp_BelwjdFPLPU0RETw6NKUA=w915-h1626-k-no,645,APPLICATION,2026-09-15 23:52:50.577146+05:30,APPLICATION,2026-09-16 15:33:30.021466+05:30,f
ChIJObE_UwAfQxgR4gTbb8-ZZRg,Baraka Natural Aquarium,Wildlife,aquarium,Unguja,Kaskazini A,-5.7240788,39.3037559,,667,APPLICATION,2026-09-15 23:52:50.666058+05:30,,,f
ChIJSzT9LDkeQxgRRfXsIZMFp7c,Nungwi Marine Turtles Mnarani,Museums & galleries,museum,Unguja,Kaskazini A,-5.7223964,39.302697,,668,APPLICATION,2026-09-15 23:52:50.670607+05:30,,,f
ChIJX8AtSQAfQxgRtwE1e69Wsns,Happy life,Sights & landmarks,tourist_attraction,Unguja,Kaskazini A,-5.721915999999999,39.3027755,,671,APPLICATION,2026-09-15 23:52:50.683315+05:30,,,f
ChIJs5cmiLYfQxgRtd1Z0YSKAgQ,nungwi aquarium and bangallows,Wildlife,aquarium,Unguja,Kaskazini A,-5.7252015,39.3030519,,672,APPLICATION,2026-09-15 23:52:50.687152+05:30,,,f
ChIJX-MRw1MfQxgRSsFt0AIQ8Fo,African art gallery,Museums & galleries,art_gallery,Unguja,Kaskazini A,-5.7258584,39.2985905,,673,APPLICATION,2026-09-15 23:52:50.692125+05:30,,,f
ChIJ1wTjLcUfQxgROS3OZhQV1SU,Simba Dhow Yard,Museums & galleries,art_museum,Unguja,Kaskazini A,-5.7226127,39.2986113,,674,APPLICATION,2026-09-15 23:52:50.695699+05:30,,,f
ChIJH_O_zh8fQxgRBa9Ofx9EW-U,Glass kayak Nungwi (Experience by Moh),Sights & landmarks,tourist_attraction,Unguja,Kaskazini A,-5.727858899999999,39.2921899,https://lh3.googleusercontent.com/gps-cs-s/AHRPTWl0Z4OJhkTLGLsTl2oX0BI1GW7XlzMVZOaEIDU--GKRWGtzc8wM4F84q3_sEisNWudwxiIxeZmu7iD28paCYKZOePBlmWMaC_ZKuVGJH-hMf2wlthKbgwWeaQ5ovI0fTuA0j6-7e93TWZ0V=w915-h1626-k-no,692,APPLICATION,2026-09-15 23:52:50.776686+05:30,APPLICATION,2026-09-16 16:07:10.938959+05:30,f
ChIJKwTjQQAfQxgRHyIb8KYcRiQ,Zanzibar Glass Boat,Sights & landmarks,tourist_attraction,Unguja,Kaskazini A,-5.7546824,39.2912267,https://lh3.googleusercontent.com/gps-cs-s/AHRPTWmNFLe0LU-Kosa-RC4DzV-o5RC417pYDfTS7Yaz_kJbGA5pZIQMHRqF7ScYjB2ipLtA1X6ppQZNqIawUNLO9xL6r0NVDNpO3SBDAgW-6ndS1yJuO1eYl5Zbw0FU3snJO6Ria-nC1gG8Vw6T=w915-h1626-k-no,696,APPLICATION,2026-09-15 23:52:50.791141+05:30,APPLICATION,2026-09-16 16:36:18.791435+05:30,f
ChIJl-6Xs0kfQxgRFyWpZozlsLs,Zanzibar Aquarium,Wildlife,aquarium,Unguja,Kaskazini A,-5.723261600000001,39.3033216,https://lh3.googleusercontent.com/gps-cs-s/AHRPTWkZ1uxhx_QqOS7rjXNVekkbVBWF2QXV4WGR9vUNM9IB9Ks3Ms4OI7oIpXlxnEvpyAhJ9NSsVbx4yVWvvjem1zZQLi6BrOJyRXTeZgh2jeBfzbzNZmDUJinNR7jSmbgcvl1Qfm0b=w915-h1220-k-no,669,APPLICATION,2026-09-15 23:52:50.675034+05:30,APPLICATION,2026-09-16 16:39:44.832664+05:30,f
ChIJfyNEWAAfQxgRW3Y95-oeDMk,East Beach Nungwi reef,Sights & landmarks,tourist_attraction,Unguja,Kaskazini A,-5.7211875,39.3049375,,678,APPLICATION,2026-09-15 23:52:50.712827+05:30,,,f
ChIJPVXbvuUfQxgRvUeElzYXuoQ,Save the Habitats,Nature & parks,nature_preserve,Unguja,Kaskazini A,-5.729203999999999,39.297962,,679,APPLICATION,2026-09-15 23:52:50.717041+05:30,,,f
ChIJlcEFdQAfQxgR4_oI2OOKlOo,ZanziJet,Sights & landmarks,tourist_attraction,Unguja,Kaskazini A,-5.7274872,39.2916524,https://lh3.googleusercontent.com/gps-cs-s/AHRPTWngJNhfYeXhABIJ_Kk9_ayk3MOTkZlkmKJITGbYLRWXQLxQSCbi8vsrYv4lQfVxQMwX8YFRHJSu1CBJ6LInh4FjXE1IOQlxzcFLfYuMJXg6R_GGkvtmPhbudc9xmw4RcF6sPcejKKSOp32z=w915-h1143-k-no,690,APPLICATION,2026-09-15 23:52:50.768757+05:30,APPLICATION,2026-09-16 16:40:33.255522+05:30,f
ChIJwUB2QWsfQxgRH30HnLhb-d0,Dhow Experience Zanzibar,Tour operators & agents,visitor_center,Unguja,Kaskazini A,-5.729203999999999,39.297962,,681,APPLICATION,2026-09-15 23:52:50.72443+05:30,,,f
ChIJ77sL3TQfQxgRi3emZ2i8n4c,Anelis Boatride,Sights & landmarks,tourist_attraction,Unguja,Kaskazini A,-5.729203999999999,39.297962,,682,APPLICATION,2026-09-15 23:52:50.729244+05:30,,,f
ChIJ_Uq-J88fQxgR2f7Ze6FCic8,Andiamo Zenj Tours,Sights & landmarks,tourist_attraction,Unguja,Kaskazini A,-5.729203999999999,39.297962,,683,APPLICATION,2026-09-15 23:52:50.736489+05:30,,,f
ChIJdxsEXgkfQxgRIYF1nKb3vzg,tour operator,Sights & landmarks,tourist_attraction,Unguja,Kaskazini A,-5.729203999999999,39.297962,,684,APPLICATION,2026-09-15 23:52:50.743165+05:30,,,f
ChIJd6SZQGgfQxgRk1YVjs4M6YU,Travel with Qwevo,Sights & landmarks,tourist_attraction,Unguja,Kaskazini A,-5.729203999999999,39.297962,,685,APPLICATION,2026-09-15 23:52:50.748111+05:30,,,f
ChIJg5pRkw8fQxgRZAiNfpklBeI,znz_ukutani,Museums & galleries,art_gallery,Unguja,Kaskazini A,-5.729203999999999,39.297962,,687,APPLICATION,2026-09-15 23:52:50.756956+05:30,,,f
ChIJs7qYP2kfQxgR8vedZGMKnu4,Kessly Travel Zanzibar,Tour operators & agents,travel_agency,Unguja,Kaskazini A,-5.7279198,39.2920385,,689,APPLICATION,2026-09-15 23:52:50.76466+05:30,,,f
ChIJCUS0aSMfQxgRne2cem-yCg8,Amour Classic Art Gallery,Museums & galleries,art_gallery,Unguja,Kaskazini A,-5.727401599999999,39.2924558,,691,APPLICATION,2026-09-15 23:52:50.772935+05:30,,,f
ChIJtaV7MGYfQxgRdYovQLpGB2A,Green Shine Tours,Sights & landmarks,tourist_attraction,Unguja,Kaskazini A,-5.7358246,39.2896781,,693,APPLICATION,2026-09-15 23:52:50.779992+05:30,,,f
ChIJpT5_-J8fQxgRxkvusuJX9fM,Cave Panga Magaye,Nature & parks,park,Unguja,Kaskazini A,-5.7538633,39.2907822,,694,APPLICATION,2026-09-15 23:52:50.783616+05:30,,,f
ChIJCddnITgfQxgRvAnkaD9Qwuo,Masai Dating House,Activities & adventure,hiking_area,Unguja,Kaskazini A,-5.7525449,39.2912588,,695,APPLICATION,2026-09-15 23:52:50.787163+05:30,,,f
ChIJs6jpIQAfQxgR3UR6xXT-CiI,Samir Escursioni a Zanzibar,Sights & landmarks,tourist_attraction,Unguja,Kaskazini A,-5.7547335,39.2911045,,697,APPLICATION,2026-09-15 23:52:50.794707+05:30,,,f
ChIJE3HMEAAfQxgRtFhnlBZLfDY,Land left corner,Nature & parks,park,Unguja,Kaskazini A,-5.751988,39.2989697,,699,APPLICATION,2026-09-15 23:52:50.802075+05:30,,,f
ChIJScsQjN_XQhgR5JqOlin-rHg,Abdul Tours & Safari's,Sights & landmarks,tourist_attraction,Unguja,Kaskazini A,-5.7456387,39.2887678,,700,APPLICATION,2026-09-15 23:52:50.805873+05:30,,,f
ChIJJ7sQJlUfQxgR8oKL5-_4B-c,Kendwa paradise,Sights & landmarks,tourist_attraction,Unguja,Kaskazini A,-5.7537934,39.2906564,,701,APPLICATION,2026-09-15 23:52:50.810388+05:30,,,f
ChIJu8ntPkQfQxgRlicUopjlH8U,Seacode Zanzibar tours & safaris,Tour operators & agents,tour_agency,Unguja,Kaskazini A,-5.731813,39.291063,,702,APPLICATION,2026-09-15 23:52:50.815064+05:30,,,f
ChIJVxrflzgfQxgRz60oF51HJik,Zanzibar Beach Dream Tours & Safaris,Tour operators & agents,tourist_information_center,Unguja,Kaskazini A,-5.7238999,39.2956029,,703,APPLICATION,2026-09-15 23:52:50.819531+05:30,,,f
ChIJzTfA3kEfQxgRmwom5qPKMiM,I Love Zanzibar sign at Nungwi Beach Resort,Sights & landmarks,tourist_attraction,Unguja,Kaskazini A,-5.7243125,39.29506250000001,,704,APPLICATION,2026-09-15 23:52:50.823642+05:30,,,f
ChIJX4ol8WcfQxgRV_84fzIxt80,ZANZIBAR UNFORGETTABLE XR,Sights & landmarks,tourist_attraction,Unguja,Kaskazini A,-5.7243493,39.2950936,,706,APPLICATION,2026-09-15 23:52:50.834541+05:30,,,f
ChIJC8QFYSsfQxgROWH-hMajq1Q,Zan Moyo Wangu Tours and Safari,Sights & landmarks,tourist_attraction,Unguja,Kaskazini A,-5.729203999999999,39.297962,https://lh3.googleusercontent.com/gps-cs-s/AHRPTWnl9CUZWpbaOBHSTwrPlfnvkbC5RxsNB2gX3PDDUaDba2a3NReL5nrbuH2seNjlpPLmT68TMmAx_H4n11PY-wlkf8hBReBP0VUn0a7qISIdvjh1tq6smma3qOKeJBHCnZei5LT5pqe63oCX=w915-h686-k-no,680,APPLICATION,2026-09-15 23:52:50.720337+05:30,APPLICATION,2026-09-16 15:10:24.578886+05:30,f
ChIJeeYRIwAfQxgRyZQLN0D8cfo,Zanzibar Sunset By Nungwi,Nature & parks,national_park,Unguja,Kaskazini A,-5.723749499999999,39.2956505,https://lh3.googleusercontent.com/gps-cs-s/AHRPTWmt-xkEE7UEFJjR27OMVNYtcwSPYcpWcbmeUMcKSWPQPJ9Q8cCM2Pls7xn2tt7wuR1ZKSwjbtC-eGBu8iQk0yeDCV2QOE3MyhXAdBhmCp3lSeJnq1kG3CSB6rqVS1K_80qvz4F_EU7tYQqO=w915-h514-k-no,705,APPLICATION,2026-09-15 23:52:50.830121+05:30,APPLICATION,2026-09-16 15:35:00.855095+05:30,f
ChIJgRc5_13QXBgRO1mXb9V4P5M,공원,Nature & parks,park,Unguja,Mjini,-6.167599,39.190504,https://lh3.googleusercontent.com/gps-cs-s/AHRPTWmZn8ouu59LPJcjSlGDxS2_GXevfkUMCqJWOiXTWkSxn00bB9CrRwRkAfI1HUKkngeJfpeduLnc6viCO8ynBhP6DzfK47J1r8WyE7Fw0E_MlLN0fbRZjnv5LxPRAP5iJIDJc9Lg=w915-h915-k-no,342,APPLICATION,2026-09-15 23:52:49.356022+05:30,APPLICATION,2026-09-16 15:57:09.562283+05:30,f
ChIJR-6YpIkfQxgRQXDlqAEGZL4,Changachangaznz.com,Transport,transportation_service,Unguja,Kaskazini A,-5.7274197,39.2934343,,709,APPLICATION,2026-09-15 23:52:50.845766+05:30,,,f
ChIJR3AnH0gfQxgRBC9DG8rRYXQ,Swahili palette,Museums & galleries,art_gallery,Unguja,Kaskazini A,-5.7265722,39.2934979,,710,APPLICATION,2026-09-15 23:52:50.849987+05:30,,,f
ChIJb4K2s5XRXBgRd4yJoLchsBE,Zanzibarbest Tour & Safaris,Sights & landmarks,tourist_attraction,Unguja,Kaskazini A,-5.743639099999999,39.2917344,,711,APPLICATION,2026-09-15 23:52:50.853313+05:30,,,f
ChIJyWJ7eyQfQxgRhr7rjwqhO5I,Zanzibar Gallery,Museums & galleries,art_gallery,Unguja,Kaskazini A,-5.7537153,39.2916212,,712,APPLICATION,2026-09-15 23:52:50.856743+05:30,,,f
ChIJHV85EwCLQhgRGLF5GMum2Hg,Mwinzi,Nature & parks,park,Pemba,Mkoani,-5.4818175,39.6703045,,713,APPLICATION,2026-09-15 23:52:50.860422+05:30,,,f
ChIJu4bTcQCLQhgRdHujCZ0CEGM,Nduani Islets,Nature & parks,park,Pemba,Mkoani,-5.4742576,39.7019566,,714,APPLICATION,2026-09-15 23:52:50.863895+05:30,,,f
ChIJoxhJAgBhQhgRGpBY2hvbVxs,Kiwen snorling with sandbank,Sights & landmarks,tourist_attraction,Pemba,Mkoani,-5.4644108,39.710064900000006,,715,APPLICATION,2026-09-15 23:52:50.867929+05:30,,,f
ChIJ8XE5YgBhQhgRMKorqe4elfk,Kiweni Mosque ruins,Sights & landmarks,historical_landmark,Pemba,Mkoani,-5.4376208,39.7330509,,716,APPLICATION,2026-09-15 23:52:50.872622+05:30,,,f
ChIJJRTOkLtlQhgRdUwk267TtzU,Msengele,Sights & landmarks,tourist_attraction,Pemba,Chake Chake,-5.3643171,39.7478763,https://lh3.googleusercontent.com/gps-cs-s/AHRPTWm8GQlcrWPqUMbMVgaf8tpC7yyOJRrdFV_B9YLAWl_5jgzb4rFmVw9QPMHQoxf6JkhIg_SKYrnUZyXlStuOytUEtfNh9S-5tUjWhH1ZEQrLblg4-piwPgb24ZG1ztjMS_9CWEZGyDa-iXI_=w915-h2033-k-no,723,APPLICATION,2026-09-15 23:52:50.900449+05:30,APPLICATION,2026-09-16 16:28:54.045357+05:30,f
ChIJ3VqpegBdQhgRBER-O4Rv6Q8,Vijiwe Vitatu,Nature & parks,park,Pemba,Chake Chake,-5.386222699999999,39.5777893,,718,APPLICATION,2026-09-15 23:52:50.87994+05:30,,,f
ChIJg2Q2RABlQhgRXUGbqKIA2yE,Mtangani beach,Sights & landmarks,tourist_attraction,Pemba,Chake Chake,-5.390757799999999,39.7917318,,719,APPLICATION,2026-09-15 23:52:50.883838+05:30,,,f
ChIJb2C4TQBnQhgRfbnKD_dPtlw,Mlima wa Mizemiumbi,Activities & adventure,hiking_area,Pemba,Chake Chake,-5.3785782,39.6896577,,721,APPLICATION,2026-09-15 23:52:50.892208+05:30,,,f
ChIJx7ppaABnQhgRpuFxj-PA29o,Mnara w Kichunjuu,Sights & landmarks,historical_landmark,Pemba,Chake Chake,-5.3789915,39.6897123,,722,APPLICATION,2026-09-15 23:52:50.895997+05:30,,,f
ChIJN63_YgBnQhgRsJE5SelvKZY,Kisima cha Saraya,Sights & landmarks,tourist_attraction,Pemba,Chake Chake,-5.37243,39.72698,,724,APPLICATION,2026-09-15 23:52:50.904428+05:30,,,f
ChIJe96_895nQhgRP2hEJDm_E7c,Pemba Spice farm & Village tour,Sights & landmarks,tourist_attraction,Pemba,Chake Chake,-5.3682348,39.7188929,,725,APPLICATION,2026-09-15 23:52:50.909301+05:30,,,f
ChIJiXHdPABnQhgRZbebwz3oaD0,Jambangome,Sights & landmarks,historical_landmark,Pemba,Chake Chake,-5.3442451,39.6911299,,727,APPLICATION,2026-09-15 23:52:50.917691+05:30,,,f
ChIJS2FEp5ZvQhgRvxxUgq7l0A8,Ziwa la ukutani,Nature & parks,garden,Pemba,Chake Chake,-5.307674,39.8086535,,728,APPLICATION,2026-09-15 23:52:50.921192+05:30,,,f
ChIJL8xVNQBxQhgRIMh_T3XjliE,Kisiwa cha mvumoni,Sights & landmarks,tourist_attraction,Pemba,Chake Chake,-5.2712789,39.8337821,,729,APPLICATION,2026-09-15 23:52:50.924683+05:30,,,f
ChIJufHeW1xBQhgRZvwI91zTwOo,East island,Sights & landmarks,tourist_attraction,Pemba,Wete,-5.2401241,39.6099783,,733,APPLICATION,2026-09-15 23:52:50.939689+05:30,,,f
ChIJq_muewBBQhgROBzqylE7LpE,The enchanting sand beach of Misali Island,Sights & landmarks,tourist_attraction,Pemba,Wete,-5.2346806,39.6067962,,738,APPLICATION,2026-09-15 23:52:50.957971+05:30,,,f
ChIJN2yHLwBrQhgR6d86vGmAd9Q,Tundawa beach,Sights & landmarks,tourist_attraction,Pemba,Chake Chake,-5.255370800000001,39.6960258,,739,APPLICATION,2026-09-15 23:52:50.961204+05:30,,,f
ChIJpf6YcABrQhgR9WDoA1HyJSQ,Wesha Port,Sights & landmarks,tourist_attraction,Pemba,Wete,-5.237561299999999,39.7317076,,740,APPLICATION,2026-09-15 23:52:50.96449+05:30,,,f
ChIJQ0x6agBtQhgRCphLEzLo-3w,Kichungwani crub farm,Sights & landmarks,tourist_attraction,Pemba,Wete,-5.249117,39.7505813,,741,APPLICATION,2026-09-15 23:52:50.968586+05:30,,,f
ChIJ6X1ltK5tQhgRKBJEh-FUpDs,Furaha Crab Farm & Marine Conservation – Pemba,Sights & landmarks,tourist_attraction,Pemba,Wete,-5.249453,39.7517186,,742,APPLICATION,2026-09-15 23:52:50.972493+05:30,,,f
ChIJOytVWkNsQhgR9u1xLgh992w,"New Umoja Amusement Park, Pemba Island",Activities & adventure,amusement_park,Pemba,Wete,-5.2387986,39.7595543,,746,APPLICATION,2026-09-15 23:52:50.986717+05:30,,,f
ChIJ56YcHgBtQhgR-cbrSzSqW84,Tree with a flying fox population,Sights & landmarks,tourist_attraction,Pemba,Wete,-5.2397031,39.78078,,747,APPLICATION,2026-09-15 23:52:50.990782+05:30,,,f
ChIJ-0K53uNBQhgREe8W90NC_Mo,Tamarind beach,Sights & landmarks,tourist_attraction,Pemba,Wete,-5.2426829,39.6040915,,731,APPLICATION,2026-09-15 23:52:50.932397+05:30,APPLICATION,2026-09-15 23:56:58.882748+05:30,f
ChIJ3R2FUpUVQhgROV9Jie3x9FA,Ras Mkumbuu Ruins,Sights & landmarks,historical_landmark,Pemba,Wete,-5.195516,39.653697,,749,APPLICATION,2026-09-15 23:52:50.999498+05:30,APPLICATION,2026-09-16 00:08:40.976503+05:30,f
ChIJ3WOL_jdsQhgRl0Lh0TSafVg,Ruins of Old Fort and Museum Swahili Divers,Sights & landmarks,tourist_attraction,Pemba,Wete,-5.2477538,39.7654964,https://lh3.googleusercontent.com/gps-cs-s/AHRPTWmgk8hRjyl5nFS2Sog258XhWYiqPe_jg22STs-V3JgXroHPwtdLYTtE9lgqfaH2u4J99QIRYoNvxzJuEFK1aRpdMKRLTuqtde5L74uQSK87OoKsLMbv_3lHQyBfZACxNYk-Pg5AZLHdJjs2=w915-h688-k-no,743,APPLICATION,2026-09-15 23:52:50.976144+05:30,APPLICATION,2026-09-16 00:10:15.565673+05:30,f
ChIJ97TmU1UfQxgRFu7qvkt_xS8,Ochu Talent Studio,Museums & galleries,art_gallery,Unguja,Kaskazini A,-5.7282899,39.2928268,https://lh3.googleusercontent.com/gps-cs-s/AHRPTWlBHB_wqcyVs6WmKHVofU-6FFdGeWZ-NvGB_0CmQ9s97YI3jHfknKUUDBQyshNl6xcMqxB7hf3V_2gWT-yi7Q_CazZP-qmkxWyzm_poLHMblytcueairv2ZiouVRO8MBrF-hb_2RQ=w915-h686-k-no,708,APPLICATION,2026-09-15 23:52:50.842345+05:30,APPLICATION,2026-09-16 14:37:14.721359+05:30,f
ChIJBa46YgBBQhgR_NMbz4-Bf74,Bendera Cave,Activities & adventure,hiking_area,Pemba,Wete,-5.2366,39.6089,https://lh3.googleusercontent.com/gps-cs-s/AHRPTWmPfglU7BaYdwio3gp-cUdGhs4xfSeL1S912KPwoh85y204TH373cc25slPuV1PZAXjWYLW1-R4dmi_VewWWDg7EXaJLQlLesz8J6di0d4sKj91iTVajz2SsVWN0k_KR0BZQRF7=w915-h688-k-no,736,APPLICATION,2026-09-15 23:52:50.950777+05:30,APPLICATION,2026-09-16 14:55:10.761989+05:30,f
ChIJebHXOGdBQhgR8pvF-zx-EAU,People of Pemba beach / Tiwani,Sights & landmarks,tourist_attraction,Pemba,Wete,-5.2433871,39.601307,,732,APPLICATION,2026-09-15 23:52:50.936174+05:30,APPLICATION,2026-09-16 15:33:06.443136+05:30,f
ChIJxa2wbgAVQhgRFcalmqJp0ak,Sagafu,Sights & landmarks,tourist_attraction,Pemba,Wete,-5.2009423,39.6626146,,750,APPLICATION,2026-09-15 23:52:51.003195+05:30,,,f
ChIJIfxo0zL1QRgRMUi9AYNLva0,Pemba Insights Tour,Sights & landmarks,tourist_attraction,Pemba,Wete,-5.142823,39.8131701,https://lh3.googleusercontent.com/gps-cs-s/AHRPTWmHT1SB2NBcL9Gtp5Jgh8Gnm8mb1OKXD2cSAiZxP7lNaBAKDFt-gLm24xrJ_S5Ukw-IUvONwpbabfKdWt8uk2JdxUBOqHe7SToLBKMNJu3x0Y7xTWHWRqxbJs3kIVPBer0epoQ320YDalE=w915-h916-k-no,764,APPLICATION,2026-09-15 23:52:51.065748+05:30,APPLICATION,2026-09-16 16:17:20.015942+05:30,f
ChIJKc6xYgAPQhgR2_CuXKyxSLk,Kichokochwe ruins,Sights & landmarks,tourist_attraction,Pemba,Wete,-5.1244802,39.8274028,https://lh3.googleusercontent.com/gps-cs-s/AHRPTWmYc1C9WG2-4_yF3_og1IwbIfm6WwMOgwJmnF8vOYMCqy4WeR2LFmbowV1D45Cojpv16M03X9FSYPVJegXvcKDZ0zmG1FaEHz51m8oGdHVbGOAvCVyG8JDtDdBEfncXJovi7rczsQ=w915-h411-k-no,765,APPLICATION,2026-09-15 23:52:51.070827+05:30,APPLICATION,2026-09-16 16:33:47.741552+05:30,f
ChIJpxuQIQA_QhgRDzFy5QdsesU,Mapanya,Sights & landmarks,tourist_attraction,Pemba,Wete,-5.1601456,39.6364238,,755,APPLICATION,2026-09-15 23:52:51.021207+05:30,,,f
ChIJ0wb-TgAVQhgRspsoPrUhS0Q,Ras mkumbuo long bar,Sights & landmarks,tourist_attraction,Pemba,Wete,-5.1938176,39.6752887,,756,APPLICATION,2026-09-15 23:52:51.024782+05:30,,,f
ChIJQWsGfAATQhgRk8MVTGSdG3o,الجزيرة الخضراء,Sights & landmarks,tourist_attraction,Pemba,Wete,-5.157678799999999,39.7647862,,757,APPLICATION,2026-09-15 23:52:51.028062+05:30,,,f
ChIJz1O2ZwANQhgRIlxDUR4FAEQ,Kidike Flying Fox Sanctuary,Activities & adventure,hiking_area,Pemba,Wete,-5.17216,39.83098,,759,APPLICATION,2026-09-15 23:52:51.036889+05:30,,,f
ChIJobh2PAAXQhgRF9BrF_mKsqw,PEMBE,Sights & landmarks,tourist_attraction,Pemba,Wete,-5.1374859,39.6759539,,761,APPLICATION,2026-09-15 23:52:51.049057+05:30,,,f
ChIJH4xs-ioNQhgRoA5AFBmTyJs,Pemba coral island retreat by furaha,Sights & landmarks,tourist_attraction,Pemba,Wete,-5.1498197,39.8582794,,766,APPLICATION,2026-09-15 23:52:51.075181+05:30,,,f
ChIJccs_NwANQhgRmXFVfB8epCk,Pemba roc island retreats by furaha,Sights & landmarks,tourist_attraction,Pemba,Wete,-5.1569163,39.8579592,,767,APPLICATION,2026-09-15 23:52:51.079539+05:30,,,f
ChIJf_HqZgAPQhgRNUnhH1eUOvE,Kinyuji,Sights & landmarks,tourist_attraction,Pemba,Wete,-5.1050182,39.8446672,,769,APPLICATION,2026-09-15 23:52:51.087056+05:30,,,f
ChIJ2VYPbgAPQhgRp2pQjN4Kgjs,Ongwani,Sights & landmarks,historical_landmark,Pemba,Wete,-5.0980981,39.8414033,,770,APPLICATION,2026-09-15 23:52:51.090977+05:30,,,f
ChIJqWsNWwAPQhgRkZ6N1BDh-Is,Nguuni,Sights & landmarks,tourist_attraction,Pemba,Wete,-5.0959441,39.8655412,,771,APPLICATION,2026-09-15 23:52:51.095047+05:30,,,f
ChIJAUGwnvUZQhgRKsB2aCcUd6I,Wete Bay,Nature & parks,park,Pemba,Wete,-5.0713916,39.6741451,,772,APPLICATION,2026-09-15 23:52:51.09948+05:30,,,f
ChIJ_RGDJhMZQhgR2UeBuzhLb3c,4way Wete City Centre,Nature & parks,city_park,Pemba,Wete,-5.0572153,39.7284501,,773,APPLICATION,2026-09-15 23:52:51.103464+05:30,,,f
ChIJW0tG_9EVQhgRt2Xb5uA7cDw,Maalim Seif Sharif Hamad Grave,Sights & landmarks,historical_landmark,Pemba,Wete,-5.0770985,39.719527,,774,APPLICATION,2026-09-15 23:52:51.106958+05:30,,,f
ChIJWc0tDx4ZQhgRMd4Fm4H8RoA,Babnaa Video Library Kizimbani,Museums & galleries,museum,Pemba,Wete,-5.0546105,39.7318834,,776,APPLICATION,2026-09-15 23:52:51.114914+05:30,,,f
ChIJ89tCLAAZQhgRts8wzvpXyE4,Chem chem ya bubujiko,Sights & landmarks,tourist_attraction,Pemba,Wete,-5.063187,39.7238555,,777,APPLICATION,2026-09-15 23:52:51.118449+05:30,,,f
ChIJp0z2FgAZQhgRUKDy3hjY5Eg,Kisauni,Nature & parks,garden,Pemba,Wete,-5.0537467,39.7182996,,778,APPLICATION,2026-09-15 23:52:51.12193+05:30,,,f
ChIJk9IKs7EZQhgR66JQNYTmrT4,Evergreen Valley,Nature & parks,nature_preserve,Pemba,Micheweni,-5.046199199999999,39.7208796,,779,APPLICATION,2026-09-15 23:52:51.125313+05:30,,,f
ChIJi1eFTAAZQhgRjkHsCnxz4Sw,HAHU UFUGAJI,Nature & parks,park,Pemba,Micheweni,-5.030555,39.71477,,782,APPLICATION,2026-09-15 23:52:51.136235+05:30,,,f
ChIJMdZ1PwAbQhgR08ALw0Dhkec,Mama Manal Clove Field,Nature & parks,garden,Pemba,Micheweni,-5.0319352,39.7755571,,783,APPLICATION,2026-09-15 23:52:51.140122+05:30,,,f
ChIJUTPAEgAbQhgRCbblSBQQj6w,Kangagani,Sights & landmarks,tourist_attraction,Pemba,Micheweni,-5.0319352,39.7755571,,784,APPLICATION,2026-09-15 23:52:51.144008+05:30,,,f
ChIJ_____74EQhgRE9Cy875skMk,Msitu Kuu Forest,Nature & parks,nature_preserve,Pemba,Micheweni,-5.0090967,39.8347608,,785,APPLICATION,2026-09-15 23:52:51.147311+05:30,,,f
ChIJXzmqVAAdQhgRMbOwiHe2unw,Chwaka ruins,Sights & landmarks,tourist_attraction,Pemba,Micheweni,-4.9685998,39.8050724,,787,APPLICATION,2026-09-15 23:52:51.154745+05:30,,,f
ChIJUVZJfQAfQhgRgVgnYpdF-ag,Ngezi-Vumawimbi Forest Reserve entrance - Visitors Office,Nature & parks,park,Pemba,Micheweni,-4.9398952,39.7109289,,788,APPLICATION,2026-09-15 23:52:51.15824+05:30,,,f
ChIJZdgT52z1QRgRFKDro2vrBGY,Abandoned Matango Hotel,Sights & landmarks,tourist_attraction,Pemba,Micheweni,-4.8963166,39.679652100000006,,789,APPLICATION,2026-09-15 23:52:51.161364+05:30,,,f
ChIJOdYtv0f1QRgR0cBlr4Ifgks,Pango la kijiji,Sights & landmarks,historical_landmark,Pemba,Micheweni,-4.9010983,39.6887309,,790,APPLICATION,2026-09-15 23:52:51.164848+05:30,,,f
ChIJQYIMSQD1QRgRh5UkvyV5qJw,Ngezi-Vumawimbi Promotion Centre - Department of Forestry,Sights & landmarks,tourist_attraction,Pemba,Micheweni,-4.9142103,39.6976353,,791,APPLICATION,2026-09-15 23:52:51.168312+05:30,,,f
ChIJ5c6Kd_dyQhgR6GdnT0Lc7fY,mbuyu mkavu,Beaches & coast,beach,Pemba,Wete,-5.2226978,39.8469738,https://lh3.googleusercontent.com/gps-cs-s/AHRPTWk7egzVdCwhD9al-jP0G0BVL-cUXlreXObZrCn7EcRbfixR9HILVJYsKCf1E__1gNdSVA-875GkXlq6lGHYmQeschvWBMuexcNFfF_hnCPpGXRClIJlKywQqlOhImalsgFDY32BzA=w915-h686-k-no,753,APPLICATION,2026-09-15 23:52:51.014472+05:30,APPLICATION,2026-09-16 00:15:56.470544+05:30,f
ChIJbRJPSgAVQhgRsV7N3Llq-sA,Muangwi,Sights & landmarks,tourist_attraction,Pemba,Wete,-5.1587078,39.7031156,,762,APPLICATION,2026-09-15 23:52:51.055867+05:30,APPLICATION,2026-09-16 14:57:19.409544+05:30,f
ChIJ-c2FGV9yQhgRHBBjdKisHL8,Mbuyu Mkavu,Beaches & coast,beach,Pemba,Wete,-5.2269473,39.8408937,https://lh3.googleusercontent.com/gps-cs-s/AHRPTWk6Q8kaIYfG6DEDXOsRBlW-DKUJfj9EBRs-vs9ldkJDRXq9KGPZFtpwO_Hf1K-vsHSsCpBQtnG0MkfTjGAtYPHVi_ph6lOKWlRHCZ9gsW8pdCxAm04YSowtZTto83kLU0WHQvo5_A=w915-h1626-k-no,754,APPLICATION,2026-09-15 23:52:51.018084+05:30,APPLICATION,2026-09-16 15:08:37.351112+05:30,f
ChIJDdD-OwA_QhgRpb2Y67U2T8Q,Kashani,Sights & landmarks,tourist_attraction,Pemba,Wete,-5.1489399,39.6172518,https://lh3.googleusercontent.com/gps-cs-s/AHRPTWmqUagFdLC3fRr9-2-szpohtSV08LInIoTMfGPRy-q8pDQ8CkpGUPFOlCFozYNqavEZVZq0g9Uh6byzGf6FJO53iIL2aCLak-5advC1A8S59DlyPOyrlMIUtUQe83vopjKBRqVmynRTuoXY=w915-h514-k-no,760,APPLICATION,2026-09-15 23:52:51.040668+05:30,APPLICATION,2026-09-16 15:25:12.572294+05:30,f
ChIJFXggeAATQhgRkZRiwUDdQus,الجزيرة الخضراء,Sights & landmarks,tourist_attraction,Pemba,Wete,-5.1885588,39.7868789,,752,APPLICATION,2026-09-15 23:52:51.010869+05:30,APPLICATION,2026-09-16 15:45:53.72532+05:30,f
ChIJq6qqqvv4QRgRNkfTcTkjkuA,Ras Kiuyu Forest,Nature & parks,national_park,Pemba,Micheweni,-4.899995,39.8656268,,796,APPLICATION,2026-09-15 23:52:51.186987+05:30,,,f
ChIJXXnLCAD1QRgRIv-9km-0esQ,The (Coral) Museum,Nature & parks,garden,Pemba,Micheweni,-4.883918,39.674927,,797,APPLICATION,2026-09-15 23:52:51.191264+05:30,,,f
ChIJH2MVLo_0QRgR5Y4CcpYZA4E,Vumawimbi Beach,Beaches & coast,beach,Pemba,Micheweni,-4.8837537,39.6876916,https://lh3.googleusercontent.com/gps-cs-s/AHRPTWmU79xnYiwWv1qyHMF4vbLaqClwcbpDutYUqURvj-RBBEsJzlKfKzuMoCZ8zpjBx_FKL6Uf7xFoyddQ2FoOwqHW3A0csWZSYvMuv0MWJ-EDxOoZQ9by0JyMYUXDS-YxdiyER-EiQg=w915-h686-k-no,801,APPLICATION,2026-09-15 23:52:51.205658+05:30,APPLICATION,2026-09-16 16:01:00.694431+05:30,f
ChIJnV9havL1QRgRz5mZ6yv-NCo,Mwinyi Aquarium,Wildlife,aquarium,Pemba,Micheweni,-4.8744767,39.6826578,,800,APPLICATION,2026-09-15 23:52:51.202288+05:30,,,f
ChIJb8BFTQDzQRgR8rVFrdj8gH0,Pemba Makangale,Activities & adventure,hiking_area,Pemba,Micheweni,-4.8727309,39.6846419,,802,APPLICATION,2026-09-15 23:52:51.208933+05:30,,,f
ChIJZYp4VADzQRgR6CJ77Znukbo,Pemba taxi & excursions,Sights & landmarks,tourist_attraction,Pemba,Micheweni,-4.86964,39.682359,,803,APPLICATION,2026-09-15 23:52:51.21253+05:30,,,f
ChIJMcELDADzQRgRcN4T-cVabe4,Zanzibar ports corporation,Sights & landmarks,historical_landmark,Pemba,Micheweni,-4.8725211,39.6784484,,804,APPLICATION,2026-09-15 23:52:51.216101+05:30,,,f
ChIJi8hzcwD1QRgR-U5nLhOrib4,The Cool Box,Nature & parks,garden,Pemba,Micheweni,-4.885084000000001,39.678312,,805,APPLICATION,2026-09-15 23:52:51.219641+05:30,,,f
ChIJvVGPaADzQRgRamKixiFsvXs,Kigomasha Sandbank,Sights & landmarks,tourist_attraction,Pemba,Micheweni,-4.853343499999999,39.6835228,,806,APPLICATION,2026-09-15 23:52:51.223194+05:30,,,f
ChIJj4byr5T4QRgRd65MhtYMsws,Mbuyuni Beach,Beaches & coast,beach,Pemba,Micheweni,-4.9083578,39.87430510000001,https://lh3.googleusercontent.com/gps-cs-s/AHRPTWn6oPHfX2nfSmbHt750-UwJd0scAGLlLEpjoaLnU0lJO-Vf_ch80D54EF7_IrhnrWXBV7SIjgxgGzapBsJe3j-nlSn4JrxhhjadN6EOf0N8HmGrZFoZrYCIo0CiRIu18Haw0nU=w915-h686-k-no,795,APPLICATION,2026-09-15 23:52:51.183176+05:30,APPLICATION,2026-09-16 16:23:20.140969+05:30,f
ChIJi0wdGgAXXRgRXfn0gDmpdR4,Wow Quad Adventure Jambiani,Activities & adventure,hiking_area,Unguja,Kusini,-6.3252414,39.5495924,,808,APPLICATION,2026-09-15 23:52:51.23011+05:30,,,f
ChIJVYrnPQAXXRgRLBBAQwSSQrM,LiDL,Museums & galleries,art_gallery,Unguja,Kusini,-6.3335922,39.5520859,,809,APPLICATION,2026-09-15 23:52:51.23429+05:30,,,f
ChIJ_3UmSwAXXRgRS-LQAkiaOzw,Baobab 500 anni,Sights & landmarks,cultural_landmark,Unguja,Kusini,-6.337424899999999,39.5519762,,810,APPLICATION,2026-09-15 23:52:51.237737+05:30,,,f
ChIJVdD8OZIXXRgRzLwfxL4HYMk,Ortsmitte,Sights & landmarks,historical_landmark,Unguja,Kusini,-6.3155921,39.545223,,811,APPLICATION,2026-09-15 23:52:51.241364+05:30,,,f
ChIJXfORRgAXXRgRhCsRMfoJbvU,FreMaSu,Nature & parks,garden,Unguja,Kusini,-6.3155921,39.545223,,812,APPLICATION,2026-09-15 23:52:51.244485+05:30,,,f
ChIJ095uFQAXXRgRs3r6AhwcJQU,Freddie Land,Nature & parks,garden,Unguja,Kusini,-6.3155921,39.545223,,813,APPLICATION,2026-09-15 23:52:51.248046+05:30,,,f
ChIJnTJKwFnQXBgR56IJdwQ6dK0,Said Muhoud Mosque,Places of worship,mosque,Unguja,Mjini,-6.1592175,39.1923328,https://lh3.googleusercontent.com/gps-cs-s/AHRPTWkGjgmFdjs71KF0V6GNB2bOPvXP00dspWKcIc60mU3GyLRbzswFjqiCsPxwhhD_loP3PkPfxLyzpDQ0cpLdc7PO9DvtDXusxNAOPlyP8tLZnAH2mk5mnmcqoLascpDeVl96JN9D=w915-h514-k-no,823,APPLICATION,2026-09-15 23:52:51.309627+05:30,APPLICATION,2026-09-16 17:03:14.291605+05:30,f
ChIJy3ggCAA9XRgRN_nBzIIbtQ4,Atlas,Nature & parks,garden,Unguja,Kusini,-6.2491999,39.5306127,,816,APPLICATION,2026-09-15 23:52:51.272051+05:30,,,f
ChIJf2-BPgA9XRgRL6VT5MdtJRY,Paje,Sights & landmarks,tourist_attraction,Unguja,Kusini,-6.2605721,39.5314365,,817,APPLICATION,2026-09-15 23:52:51.279095+05:30,,,f
ChIJp_m5CwA9XRgRzI4JJxpU_qQ,JUNGLE ART STUDIO,Museums & galleries,art_gallery,Unguja,Kusini,-6.262853,39.5346089,,818,APPLICATION,2026-09-15 23:52:51.284007+05:30,,,f
ChIJUWK0BwA9XRgRIzVTRSI49wo,TONY JUNGLE ZANZIBAR,Museums & galleries,art_gallery,Unguja,Kusini,-6.2639939,39.5339912,,819,APPLICATION,2026-09-15 23:52:51.288531+05:30,,,f
ChIJ5Ys6IgA9XRgRWEjZ0VolSE4,Graffiti Wall,Museums & galleries,art_gallery,Unguja,Kusini,-6.2648553,39.5339656,,820,APPLICATION,2026-09-15 23:52:51.293704+05:30,,,f
ChIJNYKmEG_RXBgRRJVNbtA6FtE,Zan Duller Tours and Safaris,Sights & landmarks,tourist_attraction,Unguja,Mjini,-6.162222,39.1920735,https://lh3.googleusercontent.com/gps-cs-s/AHRPTWkISOHDE8R4Og70pTQLuCqnv_Qu7vp6wwGtkH7kfDMAD_Up2Bt2OcHnqKmzf881izvleHqC3gkvG3pWat2f77BV7wwD56-A4vjzmzpTohDLsmjpmqZ1pWWb-_hd1gwB095LzjDwr8mVyPg=w915-h610-k-no,824,APPLICATION,2026-09-15 23:52:51.315213+05:30,APPLICATION,2026-09-16 17:06:27.243637+05:30,f
ChIJz6SnPF3RXBgRLugetBq3TTA,Beyond the Island,Sights & landmarks,tourist_attraction,Unguja,Mjini,-6.162222,39.1920735,,822,APPLICATION,2026-09-15 23:52:51.304628+05:30,,,f
ChIJUdcDGwDRXBgRB0upbjAmah0,Forodhani,Sights & landmarks,tourist_attraction,Unguja,Mjini,-6.162222,39.1920735,,825,APPLICATION,2026-09-15 23:52:51.319649+05:30,,,f
ChIJa-AldwDRXBgRtfrliWk1fqs,Faudhiaajiri,Sights & landmarks,tourist_attraction,Unguja,Mjini,-6.1438356,39.231243,,826,APPLICATION,2026-09-15 23:52:51.324289+05:30,,,f
ChIJy0t6LtHRXBgR5fda-Zq7WAg,Pyramid goldsun safaristour,Sights & landmarks,tourist_attraction,Unguja,Mjini,-6.1534173,39.2086955,,827,APPLICATION,2026-09-15 23:52:51.327509+05:30,,,f
ChIJ8w-fjtnTXBgRfAswIBczChI,Tourism services,Sights & landmarks,tourist_attraction,Unguja,Magharibi,-6.0986679,39.2207368,,828,APPLICATION,2026-09-15 23:52:51.331522+05:30,,,f
ChIJOWAWY_fVQhgRpEbXyoYOILo,Mudatours&travel,Sights & landmarks,tourist_attraction,Unguja,Kaskazini A,-5.990196999999999,39.3761179,,829,APPLICATION,2026-09-15 23:52:51.335692+05:30,,,f
ChIJ3cBJYgDVQhgRC5nUz_HtzEk,Zanzibar tour and transport.,Sights & landmarks,tourist_attraction,Unguja,Kaskazini A,-5.990196999999999,39.3761179,,830,APPLICATION,2026-09-15 23:52:51.340139+05:30,,,f
ChIJ92WxCQDVQhgRzzOmtrb4lVQ,Shambala kiwangwa,Nature & parks,garden,Unguja,Kaskazini A,-5.990196999999999,39.3761179,,831,APPLICATION,2026-09-15 23:52:51.343728+05:30,,,f
ChIJl3FT-abZQhgRVfqSue3223E,Hashi tour guide in Zanziba3,Sights & landmarks,tourist_attraction,Unguja,Kaskazini A,-5.875213,39.351344,,832,APPLICATION,2026-09-15 23:52:51.347751+05:30,,,f
ChIJX5GYCwAfQxgRefsJOQSMnN4,Nungwi Sunrise Point,Sights & landmarks,tourist_attraction,Unguja,Kaskazini A,-5.726872,39.3100506,,833,APPLICATION,2026-09-15 23:52:51.351151+05:30,,,f
ChIJpdOXUk8eQxgRT67IzzIOKTE,Hakuna Matata Amour Classic Arts Gallery,Museums & galleries,art_gallery,Unguja,Kaskazini A,-5.7277173,39.2945927,,834,APPLICATION,2026-09-15 23:52:51.355733+05:30,,,f
ChIJz1yFF5kfQxgRrXYKaXDfC64,YUSUPH TOUR COMPANY,Museums & galleries,museum,Unguja,Kaskazini A,-5.7337873,39.2948832,,835,APPLICATION,2026-09-15 23:52:51.359663+05:30,,,f
ChIJFWk4O2LzQRgRsUzIGtgKNho,Kigomasha Peninsula Lighthouse,Museums & galleries,museum,Pemba,Micheweni,-4.8730215,39.6783246,https://lh3.googleusercontent.com/gps-cs-s/AHRPTWk5Y-2Y2XWfgudaaFwsjIXZoMyjkLXGhj8zJBXsceYhidWtJxznwWTwU8r8n_H0_WvT-UL_KmwCPWr7slvid8vyqLUt4dRP_AO6InhB8-EbspZwidzgvFcOJ9NnzrDKA8gfwzIj=w915-h686-k-no,799,APPLICATION,2026-09-15 23:52:51.198721+05:30,APPLICATION,2026-09-16 15:45:33.652919+05:30,f
ChIJ0bII6kvOXBgRJe_jDSkSS2A,Bawe Beach,Beaches & coast,beach,Unguja,Mjini,-6.15304,39.1278627,https://lh3.googleusercontent.com/gps-cs-s/AHRPTWk_5lr2wH8VYEDbhjLeoZLjyAjQ6uZO7wd5O9waPJ9gbdy_LNVII3tdqOT-e28B0Fewx8szhX-S_neFJxunN545dfY0ORVa9kAQpf5F-UDc0rnFv3GRYBAIg7HYkOP1OdxAXOQ=w915-h686-k-no,371,APPLICATION,2026-09-15 23:52:49.485553+05:30,APPLICATION,2026-09-15 23:56:28.342967+05:30,f
ChIJ0fFIoSxBQhgRHCSXWxZ7HSQ,Baobab beach,Sights & landmarks,tourist_attraction,Pemba,Wete,-5.2357063,39.6085678,https://lh3.googleusercontent.com/gps-cs-s/AHRPTWkgG8QcO23sOvpK1M4e8A5YCCqb33zGGdgvSWDJaqzLtZVGOFKhl6zlu2gPLmyFlUcsV7R79nEZVV519MKeCIKtj-5AM8xlwwFduaxCQQ4w2JfTKgpC6Y4DwV_59c3dNUxrKtbHMm8xFFTh=w915-h686-k-no,730,APPLICATION,2026-09-15 23:52:50.928266+05:30,APPLICATION,2026-09-15 23:56:50.06729+05:30,f
ChIJ0RDIbun3XBgRxfcL53T2GFg,Kiembeni Beach - Garden Park,Sights & landmarks,tourist_attraction,Unguja,Magharibi,-6.564190699999999,39.1059724,https://lh3.googleusercontent.com/gps-cs-s/AHRPTWk27JqYWDYUkxw2dJLzIb06iPWcBEYYMIpdEl1EnJLHx6_IhbH03Q5z1RaTiu17GA4csRIuVylsHxD4PVj9c2mdf8XiDjDCogQDocn-JEKwEcGD1r4nP1DwHa-AFc5U_XV8pRvgCw=w915-h686-k-no,19,APPLICATION,2026-09-15 23:52:47.97372+05:30,APPLICATION,2026-09-15 23:57:19.041607+05:30,f
ChIJ0TtzRwDRXBgRBl8COglWnVw,Salme's return,Museums & galleries,museum,Unguja,Mjini,-6.1647385,39.1873712,,333,APPLICATION,2026-09-15 23:52:49.322058+05:30,APPLICATION,2026-09-15 23:57:38.776822+05:30,f
ChIJ0wndagDfQhgR7oWkemIXn7c,Juma private Tours Zanzibar,Sights & landmarks,tourist_attraction,Unguja,Kaskazini A,-5.8079341,39.3585483,https://lh3.googleusercontent.com/gps-cs-s/AHRPTWnZ4J3lWXvYlb15d-bV7RPf-DJHPOcN_bB2NLPxmToVuJ3Vs2kouBXMaNpauFQbnueau7OovOOXnMXtiJ1QJ0-LRWrX5xRREHgU5TeaN-3TmN6ETmYFzu4z7zUpV5xAnUprorg-GWV5yE0k=w915-h686-k-no,614,APPLICATION,2026-09-15 23:52:50.451227+05:30,APPLICATION,2026-09-15 23:58:20.797677+05:30,f
ChIJ14mXUMoRQhgRGkB0kMGnqFM,Spice garden مزرعة التوابل,Nature & parks,garden,Pemba,Wete,-5.1055548,39.7504975,https://lh3.googleusercontent.com/gps-cs-s/AHRPTWn2eTc5EsjaJBFFS26gtkbOBvLfBFt2HDduebrpqyzREjsioNDCfnkyXiF_Q2eOLm7F-xCFTNOMWKLuM6cl5jKWQKrv32U66bm4tkBj8oUrSAyqlbgPtoWyNY7uhFo4GPnS_uA6=w915-h1220-k-no,768,APPLICATION,2026-09-15 23:52:51.083693+05:30,APPLICATION,2026-09-15 23:58:52.823218+05:30,f
ChIJ1_8d4qcfQxgRABKzr-d856w,Kendwa Beach Gallery,Museums & galleries,art_gallery,Unguja,Kaskazini A,-5.742376,39.288897,https://lh3.googleusercontent.com/gps-cs-s/AHRPTWlbmNhPe1bZgzFFTa3sETqbL81Q7uL2DHC7knaSOUUnXQGmYnWBM0iBHEyE6SQ4SxAYT1YqKpYegzuI8wy_LertSQJL31s_Edfom7YZTa1a2p9JCirFSn-jYDmqyy80ZNuQPoyE=w915-h686-k-no,643,APPLICATION,2026-09-15 23:52:50.569844+05:30,APPLICATION,2026-09-15 23:59:31.224809+05:30,f
ChIJ_19qPgDXQhgRSLj33nTAzLQ,Melia Beach,Activities & adventure,hiking_area,Unguja,Kaskazini A,-5.955401,39.3692108,https://lh3.googleusercontent.com/gps-cs-s/AHRPTWnfeLZFeXR1Etdyfa9uGb3PbNV1DgU9c7L-5RNdkX3o6IBjGA3r2AiGZEj1W8RKOXeuce91kZVnHg1T1273CR6de_DsN1nyQbHbOsdEpkLFQ9o8XXTMjn_V-RgRBpqW2qtJSk03MKJ2rzQ=w915-h686-k-no,533,APPLICATION,2026-09-15 23:52:50.132141+05:30,APPLICATION,2026-09-15 23:59:54.765074+05:30,f
ChIJ1bmPYgAfQhgRUHJ6oXbz5pU,Al-Barwani Farm,Nature & parks,park,Pemba,Micheweni,-5.002299799999999,39.7279589,https://lh3.googleusercontent.com/gps-cs-s/AHRPTWnpMctXGqvGkHlGlJ0dIkUSF_dybdEamvVQE0unEm14QPIIHiFdgImXmyNGUC2fKGSvZEdvxx977rlzDW2ogWtSIxR3nsYR641mmdG2hOj-iaQ0i-ekklbQSuS7krLY3V2zg0-b=w915-h686-k-no,786,APPLICATION,2026-09-15 23:52:51.150927+05:30,APPLICATION,2026-09-16 00:00:05.431376+05:30,f
ChIJ1cJ3EeHRXBgRNLAWOJHmifA,LITHOS AFRICA - Old British Consulate,Museums & galleries,jewelry_store,Unguja,Mjini,-6.1617871,39.1876081,https://lh3.googleusercontent.com/gps-cs-s/AHRPTWl-SYJ0S2GQke02At3MJK3iQoFEafvbMLVBplwIelS7rfx7dUhfYpyU6srVxsyJb3qznC-Wijg4yhVgZnGl_jd7vg3m_GWUawRMCPjCbEuLVIIhW_PPEb4L8xzoeH6-yf0Y0so9MA=w915-h635-k-no,316,APPLICATION,2026-09-15 23:52:49.247639+05:30,APPLICATION,2026-09-16 00:00:28.105481+05:30,f
ChIJ1WrzVmDVQhgR2W--b8Pv2gA,Vemelon Nati Tour guide in Zanzibar island,Sights & landmarks,tourist_attraction,Unguja,Kaskazini A,-5.924372,39.356705,https://lh3.googleusercontent.com/gps-cs-s/AHRPTWnqMT33x1w5qdZlXg78LoylEYYVhJ9uQHcZMjIyVpEMGkEHbCp6PQDdEv3GUQI5J7Fo10EBahL9cIacqOPjmqi7jF6mA7QdEunkCj_6Fq2oCUmMkHfhxT-0UYrYnbxpBkM1KxYc6WZvD0RD=w915-h686-k-no,546,APPLICATION,2026-09-15 23:52:50.185531+05:30,APPLICATION,2026-09-16 00:00:55.964817+05:30,f
ChIJ22Q_EGQfQxgRVqgwe1-IPPw,Travel To Zanzibar,Sights & landmarks,tourist_attraction,Unguja,Kaskazini A,-5.751067099999999,39.2885676,https://lh3.googleusercontent.com/gps-cs-s/AHRPTWkxRYqEY8Kxfh1XHOLkXbI2L1FBOAFlwPYv6jJI62aaCCGA_GUk8MeMo_9qztfn1Gfg4e_Yp5lGNZb6noc7LAgVk8rsvdb2tn10KzZaYOxNDSe4MwEAPwhsgh5X4BaHhmvCNRp_=w915-h1220-k-no,636,APPLICATION,2026-09-15 23:52:50.541231+05:30,APPLICATION,2026-09-16 00:01:26.257288+05:30,f
ChIJ23OVGq6zUAMRzXDm6RE6rE0,Nakupenda Island Beach Tours,Sights & landmarks,tourist_attraction,Unguja,Mjini,-6.161791,39.187889,https://lh3.googleusercontent.com/gps-cs-s/AHRPTWl-mEJMCFkPoNTgyP7r9wJaCLyWhmPN8T8Rmpt3QF-L_HSJNvrPDhagyUsGc4PkRbIr4WVHyvjFUzyaasigIPlEZn38KI6IgSOJOqbATYGUsCG_T7SOlA1sq7tJ1H4fKfDcLVD1=w915-h515-k-no,235,APPLICATION,2026-09-15 23:52:48.891926+05:30,APPLICATION,2026-09-16 00:02:02.934611+05:30,f
ChIJ23OzHyVBQhgR-X2tlWoCoac,Mpapaini Cave,Sights & landmarks,tourist_attraction,Pemba,Wete,-5.234960699999999,39.6049464,https://lh3.googleusercontent.com/gps-cs-s/AHRPTWnYmGedRwK1tFz1M_2KfmYP8k5jv1clPJJKSk5fAS0VMcmvO95d9UOy63wasMitk1_Ddc9zf4wGHbBZMqHg1whWYE-IXK0296TvvmMP0fcELi4ae9qqkSIE06-MG7p3wo1ZHU8CzeZLUXJ-=w915-h514-k-no,735,APPLICATION,2026-09-15 23:52:50.946576+05:30,APPLICATION,2026-09-16 00:02:13.033433+05:30,f
ChIJ28o-_AohXRgRCddn2O5ZLB4,Historic House of Bi Khole (1850’s Arabic Museum),Museums & galleries,museum,Unguja,Kusini,-6.2628494,39.3345636,https://lh3.googleusercontent.com/gps-cs-s/AHRPTWlWjh4d5z_sSW5AsTul7o4vgcIBGdwBcAraqr6qX9h0bJzdR58blZU1vtXdbfmpu_LwfH4XoZm5VFqFM8AQb-JmiA7lN109AN7M0uFhHN-gNs9cRQiQ7rd0u9_tVRrHkWpgz0MAnvX86yFh=w915-h686-k-no,164,APPLICATION,2026-09-15 23:52:48.5797+05:30,APPLICATION,2026-09-16 00:02:33.875866+05:30,f
ChIJ2cMpD_TZQhgRPmJarsrapk0,J Bizo Zanzibar Tours,Sights & landmarks,tourist_attraction,Unguja,Kaskazini A,-5.8572319,39.355793,https://lh3.googleusercontent.com/gps-cs-s/AHRPTWkr5ka57FHnZj_RhvSRBOCGr2W5tocMEqbeB0OUd77eaCwQ63O0kScOVT3sffJyoZGeMQaN38JqqRf0hMpLlOixopUCwAZ7ts5NEOp-tiQS7sk-tlmVu8h9hhiMGrOCQAXszowSOw=w915-h1220-k-no,568,APPLICATION,2026-09-15 23:52:50.267724+05:30,APPLICATION,2026-09-16 00:02:55.935135+05:30,f
ChIJ2cPZMAAjXRgRTt2U6AEoCSA,Zakir Wildlife & Resort,Sights & landmarks,tourist_attraction,Unguja,Kusini,-6.2806726,39.4620152,https://lh3.googleusercontent.com/gps-cs-s/AHRPTWlRhLdNVmgcxmWsoTDLkv9HvtDJ7vhQ6SDW3_KDqOf0Swsk-TB68UESEExJXjfSrwwQ9RrNRhA2L4Kcst4jgJCfCRFa7ySE3GCThvW5Acwp-3BG4ZC0sMvoov8enHjECppVVz0p4HFffAd5=w915-h1375-k-no,144,APPLICATION,2026-09-15 23:52:48.494901+05:30,APPLICATION,2026-09-16 00:03:15.624873+05:30,f
ChIJ2e6r6_TQXBgRCTXh_Y6gyjU,Zanzibar Revolution Memorial Tower,Museums & galleries,museum,Unguja,Mjini,-6.1656583,39.1996168,https://lh3.googleusercontent.com/gps-cs-s/AHRPTWlAatSs5dCNjnCRLCtDMUCut9h9E5AnwsKcZdjOBmjiLiVoTL9G2VfqZ-8ekqDwCFTAsVevyiGH1NpcGAg6PsENuBS2gwCYs2RcfSXu4r8eJZ4vF_mrN2lLM_R5y6xuAJkX83Jmjg=w915-h514-k-no,279,APPLICATION,2026-09-15 23:52:49.076748+05:30,APPLICATION,2026-09-16 00:03:25.472271+05:30,f
ChIJ2___P1nQXBgRkq_K0mey0GA,Tanzania Safaris Tours,Sights & landmarks,tourist_attraction,Unguja,Mjini,-6.162222,39.192074,https://lh3.googleusercontent.com/gps-cs-s/AHRPTWknrvQkgvKD8GtzC6KPhX1HTVG_2_rBiKIztvt6QtUB1crcoOrf7eegm-HB55gEoaujFlvpMIJBKKBM7pu_m8RVQobPmCbPfup9NtDqoRaYAs8q16h_5asOeK3AfhRHDTlx8SVt=w915-h515-k-no,821,APPLICATION,2026-09-15 23:52:51.299275+05:30,APPLICATION,2026-09-16 00:03:45.487435+05:30,f
ChIJ2QpSYVzRXBgR6sJA5ES7LXU,Sunset jump spot,Sights & landmarks,tourist_attraction,Unguja,Mjini,-6.1598942,39.1894468,https://lh3.googleusercontent.com/gps-cs-s/AHRPTWmsWsjw7uK7BWLRFkP_zyI02IZiwZ__0GAV2I6JpjuiHNCmcWEwgbPxOPT4-wgftjrIZKVsWmiD1T9LspeIG9s3VgwttR0vDNCHt860vU_g1beAJTF_TORIBHF-xsUEQ_ZtzH2f=w915-h610-k-no,243,APPLICATION,2026-09-15 23:52:48.925115+05:30,APPLICATION,2026-09-16 00:04:06.424465+05:30,f
ChIJ2SaXrhopXRgRsfrbdCgvqhE,Safari Tanzania,Nature & parks,national_park,Unguja,Kaskazini A,-5.7235109,39.3021326,https://lh3.googleusercontent.com/gps-cs-s/AHRPTWn4UGCp2vXr2ES8qcKtgevOCTX1ldHBxaM3KY4MDyfMh0ALbJnfXuNwwGFDPX4ghhftFA9z200Uqx8x72jNwGQAxFkQCsircrlRdxf1tVhoYq37neJsAX9TlTelhh9esvQm0rbjy-Qv-stA=w915-h514-k-no,675,APPLICATION,2026-09-15 23:52:50.700067+05:30,APPLICATION,2026-09-16 00:04:28.230933+05:30,f
ChIJ2UACxcjZQhgR-Lk1Pdt2Zxw,Abdillah excursions zanzibar,Sights & landmarks,tourist_attraction,Unguja,Kaskazini A,-5.875013999999999,39.3533459,https://lh3.googleusercontent.com/gps-cs-s/AHRPTWlmf1e0wwLrkTr7yZtKvKzlNSOtmdUa75R7E6kqMVYgn7O-bpLM2XbW4UCoY1ypyfwXX79GncuyDCfa2eJk7OuWZBneFpklfw4C2Aq2qv4NwvtJYwjN-m5rch8JV7ZOj08jy5Rd=w915-h514-k-no,566,APPLICATION,2026-09-15 23:52:50.259714+05:30,APPLICATION,2026-09-16 00:05:12.048692+05:30,f
ChIJ2XXilPdbQhgR5Ovl03L8_9g,Matumbi Lighthouse,Sights & landmarks,tourist_attraction,Pemba,Chake Chake,-5.4041685,39.5645598,https://lh3.googleusercontent.com/gps-cs-s/AHRPTWm5N3I_ZH3-hFlT63HuKDRuNlH42eG2tIr_I5VZejw1P-l3bNhniu9Z217FLJ5fztDJ3AGe51HaGfXRjEGKxXbjk_Tw4vIsJWBinCqzZWNMAlPAcqYSVRkSPgOkAu-mc0QYFa4J=w915-h686-k-no,717,APPLICATION,2026-09-15 23:52:50.876465+05:30,APPLICATION,2026-09-16 00:06:21.730333+05:30,f
ChIJ_30LEgDRXBgR1zreAHWjJ1g,بيت العجائب,Sights & landmarks,tourist_attraction,Unguja,Mjini,-6.1607539,39.1895993,,319,APPLICATION,2026-09-15 23:52:49.261254+05:30,APPLICATION,2026-09-16 00:07:12.414046+05:30,f
ChIJ37CbRzQFXRgRNklvEUq-9jQ,Kizimkazi Historic Mosque,Places of worship,mosque,Unguja,Kusini,-6.4361234,39.4623535,https://lh3.googleusercontent.com/gps-cs-s/AHRPTWntv_EYXtbB4fm5USCleldc8Xuh5-I6rjXRZcA41WWC043Baua8ss2_EAT0uSKMlBFyQB9t-Nb8DsBEFHjG_d8t3o3c5_0exXqtj2ZtDPCv1rgVfdgGqxVe1ww2YfEEPr1cSal3=w915-h686-k-no,807,APPLICATION,2026-09-15 23:52:51.226781+05:30,APPLICATION,2026-09-16 00:08:02.522106+05:30,f
ChIJ37JAHyAFXRgRh6jNUF47B6c,Captain Isac and Captain Mawimbi Dolphin and Blue Safari boat tour,Sights & landmarks,tourist_attraction,Unguja,Kusini,-6.4540386,39.4717714,https://lh3.googleusercontent.com/gps-cs-s/AHRPTWlunvEGCEdl9oLI7k4SttPkr5hMaCa5BDdX9aA3t8XwBk50wqINJaCIsfd3eV7Hq7UNUzKmO3ZkXkA_dn9_gPUHbhaMRfU2_A0EE7nKHqV1Bti2L75TVQle7x4BaeJqkghW-gxUTg=w915-h1626-k-no,43,APPLICATION,2026-09-15 23:52:48.066801+05:30,APPLICATION,2026-09-16 00:08:24.18516+05:30,f
ChIJ3RTE5yM9XRgRSt1mzLteBIQ,BWECODEO,Nature & parks,garden,Unguja,Kusini,-6.224298699999999,39.528454,https://lh3.googleusercontent.com/gps-cs-s/AHRPTWklnHWic75FLegS41lO2DtV38FSHcnuEhM5C8AOaeFeAMzgJcPKRBzyy1MBAM6Ju88Ih4DsigVaRGiRKhaGZjFZKeDWCGdoEeGE3MP4RepJLXLCV1ljZD4R3JeD0EJlW1DSvOURDg=w915-h1220-k-no,220,APPLICATION,2026-09-15 23:52:48.829724+05:30,APPLICATION,2026-09-16 00:09:03.05108+05:30,f
ChIJ3WouygrRXBgRTf1xmmQXtPs,Mtoni Palace Ruins,Sights & landmarks,historical_landmark,Unguja,Mjini,-6.135494,39.213507,https://lh3.googleusercontent.com/gps-cs-s/AHRPTWlaivNAxoTy7Y9IzcwuZcCsjrRapOQfeNWM8kH_sYd0y4wPmr2fzWSciJ5uQU7VujQ0H7OXCdCdgqrJ4qloKxbYrUmfuiuSH-EJs8deXijIS-MClepJnTAZUAGpAUo1EQnbwq_Z_g=w915-h686-k-no,373,APPLICATION,2026-09-15 23:52:49.494338+05:30,APPLICATION,2026-09-16 00:10:27.670346+05:30,f
ChIJ3Y6ljL_TXBgRoZlq7QlrgKI,Fuji Beach,Beaches & coast,beach,Unguja,Magharibi,-6.0972222,39.2154237,https://lh3.googleusercontent.com/gps-cs-s/AHRPTWkkK5iRnry5RtAykIJAA_e2DZf3isMGwHfdMpKkMrWZb9U-qTpicY57milP_QoB5ZlyJhNDdNmDHdWQgyNwZFKcJPmLThWHuzwAesxak73XUntOAlEtszXlIQZbPFtgok614xMWCQ=w915-h686-k-no,463,APPLICATION,2026-09-15 23:52:49.847071+05:30,APPLICATION,2026-09-16 00:10:53.506526+05:30,f
ChIJ3ZsCaVw8XRgRQ6GPPAeP97c,Coconuts Kite Zanzibar,Activities & adventure,service,Unguja,Kusini,-6.300850199999999,39.5426663,https://lh3.googleusercontent.com/gps-cs-s/AHRPTWnjdw4nkYbISD8H8Xa6kiIQSNUcCT8o_5y0xRBwnaDDv0vxN5mZOEfiEzVa3Y7JMTGtyDtiQvvG1pXqQrJhEOSNaO40f5puBrlYORyy7PeNoeeoIl-AdAF5sZwuZBmBi0P3kUyFNjUWOdt5=w915-h915-k-no,101,APPLICATION,2026-09-15 23:52:48.305516+05:30,APPLICATION,2026-09-16 00:11:57.936834+05:30,f
ChIJ479pvYwfQxgRaekmHfh3Ghg,True Zanzibar Tours,Sights & landmarks,tourist_attraction,Unguja,Kaskazini A,-5.7297896,39.2981337,https://lh3.googleusercontent.com/gps-cs-s/AHRPTWmM6CXl978St_bjGvmHo64BLTcMM4-bhbH-1II6JqyRQbgSwutrhD50ITcReSq3egkulrcYkCGEjZlBLPr5Euyks2LKG6-MOZzbkhhreBWvZwoKgEL-oj01XDVynd23hQdwyzeq5vldpZg=w915-h1375-k-no,688,APPLICATION,2026-09-15 23:52:50.760987+05:30,APPLICATION,2026-09-16 00:12:06.3784+05:30,f
ChIJ4c5nn4xtQhgRefEU0NQZu7w,Sterling Mess Pemba,Nature & parks,park,Pemba,Wete,-5.2398854,39.7808849,https://lh3.googleusercontent.com/gps-cs-s/AHRPTWkZowfkcrNZOoIEJ_u3zDkafF_CWU5pT9HcZAsm6GqkpFu8vqDWTLlIaQzItFeteWkwWpwsPLBUz_pQIr9t9NyEpyAj84MMJn8e51CrddlPPyMQEs5Y7fed3TwQfkB83-T-rpAPkg=w915-h1625-k-no,744,APPLICATION,2026-09-15 23:52:50.979501+05:30,APPLICATION,2026-09-16 00:12:31.131037+05:30,f
ChIJ4dgAbA0XXRgRABHcFYGGyZw,Captain Aly,Sights & landmarks,tourist_attraction,Unguja,Kusini,-6.3223177,39.549103,https://lh3.googleusercontent.com/gps-cs-s/AHRPTWlaRB4nX0i1RSxXkqPIiTDHUBsnOxPYfH5NUheuU7wvKzWlXwLP17Wb7Uda0GdN0hpVtT8TeNTRG6UToGKrG0C3Z9gVJB_Lu_5Z3K0Y4x5UNG9iQTnSXsgz7Mzni53Ks-6aDKPKCbdw4Zri=w915-h1220-k-no,96,APPLICATION,2026-09-15 23:52:48.283146+05:30,APPLICATION,2026-09-16 00:12:51.99453+05:30,f
ChIJ4eADHbQXXRgRhMCV_qsd2xU,Jambiani Beach,Sights & landmarks,tourist_attraction,Unguja,Kusini,-6.3208173,39.5485543,https://lh3.googleusercontent.com/gps-cs-s/AHRPTWk-cWUz_gUx6X9gZqDM3U8-wmWQ9Ibo8guu7OZiMH39CgZlYRgIx2qDmJnB9HRfBW74LzREq4Wl_Z9R71U3qMBvMqqo08aMFfNYB94VoZzRZO5WMGr5_wy4JxQS_586q6lxtiMN=w915-h686-k-no,91,APPLICATION,2026-09-15 23:52:48.263821+05:30,APPLICATION,2026-09-16 00:14:04.579698+05:30,f
ChIJ4WZXUQAvXRgRBxEoZeGlfSs,Sandbank,Sights & landmarks,tourist_attraction,Unguja,Kati,-6.1484198,39.48603610000001,https://lh3.googleusercontent.com/gps-cs-s/AHRPTWnepEOxQqPWuqlCQz1YWBH8tk0NL5BTQm28FH3E8IwdpsPo-f-s0ViD6yM9Ee3M6QxYV9NnsHP-XoiqZoFJwZZD5ihKhoio0Y3Fn8TFos9pMg1-ThqelgNVX0yfV6JAlhJkZKFxwoAB4uIK=w915-h515-k-no,436,APPLICATION,2026-09-15 23:52:49.740252+05:30,APPLICATION,2026-09-16 00:14:59.442547+05:30,f
ChIJ586ek9AhQxgRe3p2z8exzeI,Tazari Caves,Sights & landmarks,tourist_attraction,Unguja,Kaskazini A,-5.7764142,39.304133,https://lh3.googleusercontent.com/gps-cs-s/AHRPTWnZB90DEGIeeyKvk3sef-kUUUzN_iIdOmGm-gNODoYq81hv-JKJnvlzyO1-QogFB-Ub4k-IYqb41Wsp8f37ynKTNYVGpmoBC7EcXN6RLDTZ71KGLHIkG-WF845X-BDP6HvXd4YC=w915-h686-k-no,608,APPLICATION,2026-09-15 23:52:50.425247+05:30,APPLICATION,2026-09-16 00:15:45.636497+05:30,f
ChIJ5_qVawDZQhgRhYHnuR0hoWc,REEF ZANZIBAR TOURS,Sights & landmarks,tourist_attraction,Unguja,Kaskazini A,-5.8782000000000005,39.353427,https://lh3.googleusercontent.com/gps-cs-s/AHRPTWn8lYnBnXZrPoTBomTyvlWlvsm8hnMoxJ0cQ0_DXSIgB_ezosCN-c5MmJr9Zm3cAm4_KBWDg8P73LtMEVw89WGCY9xgPOTyTahkPMkf7upTw9WhT5tZ0crjNjodaCmib-qzD4oUzfegoAg=w915-h690-k-no,574,APPLICATION,2026-09-15 23:52:50.28992+05:30,APPLICATION,2026-09-16 00:16:06.521361+05:30,f
ChIJ5WGDMQAfQxgRPf_WSs66wtE,Secret Sandbank Nungwi,Sights & landmarks,tourist_attraction,Unguja,Kaskazini A,-5.7369998,39.318284,https://lh3.googleusercontent.com/gps-cs-s/AHRPTWnWMS922DkSozGB2Ls41_cmPMufr_KBder108EE8W3rfm2WXiIYN1IdsFpxqdzgIiTwQHtJ5TOVLmSUdEgCbYuwa2YSGcuDsLe3cK8PifXMViPmawwztO0JiaPaIHFtHI390HSVLGHYUUco=w915-h514-k-no,649,APPLICATION,2026-09-15 23:52:50.592672+05:30,APPLICATION,2026-09-16 00:16:45.41335+05:30,f
ChIJ5xgcmFnbXBgRxKY97w2Ip70,Korea Culture Foundation for Zanzibar (KCFZ),Activities & adventure,gym,Unguja,Magharibi,-6.212562999999999,39.2142887,https://lh3.googleusercontent.com/gps-cs-s/AHRPTWmaF78X2-p95hj8sHdJRcX_043fVfVCjhkfkU9xeNAO3KGM7wcEicLk-GDX2aUNEqDrzlx9TFAIrR33MWOSW4Lh7CGfoS2xtyw5OHDUULIBYe0haOCdQ7Ary67UFKePcZUixng=w915-h686-k-no,184,APPLICATION,2026-09-15 23:52:48.671372+05:30,APPLICATION,2026-09-16 00:17:04.704072+05:30,f
ChIJ5Ys3hVnQXBgRtfopyxVX0yc,Shiv Shakti Hindu Temple,Places of worship,hindu_temple,Unguja,Mjini,-6.160815599999999,39.1912408,https://lh3.googleusercontent.com/gps-cs-s/AHRPTWncDWjQ62QvAitnL8VrK24EUGvw8HvfhlYYv0XUQOyGTJwLiaD1YlRLTFik2ZO0joLeOZs5mWYhLIE09IY7vKuut-KUJuWKZciFGz5xABrhXxsQiFUx0kiqKMSY3sjfHtv6ckrg=w915-h686-k-no,291,APPLICATION,2026-09-15 23:52:49.141195+05:30,APPLICATION,2026-09-16 00:17:57.269096+05:30,f
ChIJ-60LjkDRXBgRPCh6oRZVdCI,Freddie Mercury Museum,Museums & galleries,museum,Unguja,Mjini,-6.1623775,39.1877559,https://lh3.googleusercontent.com/gps-cs-s/AHRPTWksm9QsIQ8E8cwKP7Ddd8tVj3LfqEaYRmYTnfnpln2AaUBrIojou2M-OJPifSfVcnIDHiq9siMQUwgiwLcRJQAM3J7aXzKW8UXgG8kotnlF0uYBa1lxBLvH0g764R4NBA327qhBvA=w915-h686-k-no,227,APPLICATION,2026-09-15 23:52:48.859163+05:30,APPLICATION,2026-09-16 00:27:19.897205+05:30,f
ChIJ63zhfAAvXRgRJvC5O17swB4,Coco Jambo Paradise sandbank,Sights & landmarks,tourist_attraction,Unguja,Kati,-6.1296611,39.4699385,https://lh3.googleusercontent.com/gps-cs-s/AHRPTWlfZcU2irC6npOKIcI5IO8UdF3w6fjirPFLBEdsWrB6VMxRG9LGBg8IVp9vTv5pzlIsES9MmjOEpgpQAGGIZ6P8zKgZ9FBFVX_EvCufbAjRk_M_J-RHkU4r1-5AE7hvpZCWPJaz7wxUjXyA=w915-h1220-k-no,426,APPLICATION,2026-09-15 23:52:49.700591+05:30,APPLICATION,2026-09-16 00:27:37.262998+05:30,f
ChIJ68fCM1MjXRgRb8bOWdjEhww,ZBC -1 (MANGROVE BUTTERFLY & SPICE GARDEN JOZANI ZANZIBAR),Sights & landmarks,tourist_attraction,Unguja,Kusini,-6.279082799999999,39.4267524,https://lh3.googleusercontent.com/gps-cs-s/AHRPTWmQfahFoLHC5cN2RLFbneHK9FIrhoL0URO9z2RItLEzeB0tnzv_6I6kuk83DMfv1gcW54wbl5Cw1klpbcpWGv6MBxt4uK4DIwhniQPvB4SsJs3Vmm3kKQ1N1AzZ1isRPVo9XvjZ=w915-h1626-k-no,138,APPLICATION,2026-09-15 23:52:48.468704+05:30,APPLICATION,2026-09-16 00:27:56.857007+05:30,f
ChIJ69if52LVQhgRYYhx4-f75MA,Bashuru,Sights & landmarks,tourist_attraction,Unguja,Kaskazini A,-5.9869892,39.3757682,https://lh3.googleusercontent.com/gps-cs-s/AHRPTWlLI1ukOAm5LFdpsSQHDp6_bSOfpA7ddSbsuMbgOyuTmPGezp7IkUBnxYRHmaDVer2rCmcYBc1snKDiUmLQjiOA_PKOftMiUs7j7qD04LIQlD-9VRTfrbsTiDP3pLb2AR9ZeeeP=w915-h1220-k-no,520,APPLICATION,2026-09-15 23:52:50.073874+05:30,APPLICATION,2026-09-16 00:28:43.810537+05:30,f
ChIJ6e5g9fQjXRgRAZ-evAvUeWQ,Jozani Forest,Nature & parks,national_park,Unguja,Kusini,-6.241557299999999,39.4139504,https://lh3.googleusercontent.com/gps-cs-s/AHRPTWkMasOCIzj8EWk-VoyiIVCht2rXiuDH9Fv7JlMXG5Q7t6-8lld0hcaqG8eBg0KBsYCnzfTv9iGjwCng7gjSp7afWWeC_bSPrrnhYeRMG3D_hpJihzUkzZRhpUBVP0A7uUieoEuQWQ=w915-h513-k-no,169,APPLICATION,2026-09-15 23:52:48.608137+05:30,APPLICATION,2026-09-16 00:35:07.350829+05:30,f
ChIJ6TQ2wDwiXRgR2jNq3i8CLZg,Zanzibar Butterfly Centre,Sights & landmarks,tourist_attraction,Unguja,Kusini,-6.2851703,39.4155754,https://lh3.googleusercontent.com/gps-cs-s/AHRPTWkKy3RQof8qNkwg_Nb2KdTbv-lxJaMbXVe6yGFrA9T13e5EPxtXulFGBQH-CZTb0tpM2pzXe5bptNqeqZlrh8jDFMg6PnZ2ZZcYF6YmOzuoa4VGifWDQBOKdCHnV8cscGJ9E9D5IZy_Tf4P=w915-h686-k-no,128,APPLICATION,2026-09-15 23:52:48.415288+05:30,APPLICATION,2026-09-16 00:36:02.537432+05:30,f
ChIJ6WroYwDbXBgR646u8WUxCVM,Halima street,Sights & landmarks,tourist_attraction,Unguja,Magharibi,-6.220383,39.2176371,https://lh3.googleusercontent.com/gps-cs-s/AHRPTWneEsDKgWLGgg4zniRpW5pDbSOgIAm6YnrisSDqZecivyUOnZFvbQ4_wxKj9BJHnCliftxjRVVA3XrXQgffiLEi1VQFg92amEzb4NN9z8WxyOLyqgybFKMnKMe90OcYhCtsCcGWlEwrcbOS=w915-h686-k-no,201,APPLICATION,2026-09-15 23:52:48.741309+05:30,APPLICATION,2026-09-16 00:36:41.654978+05:30,f
ChIJ6xKpdigZQhgReAbZNCoSPWk,Wete Gadern,Nature & parks,garden,Pemba,Wete,-5.0631597,39.7194642,https://lh3.googleusercontent.com/gps-cs-s/AHRPTWkWq5KcgSm7qbqwuOY2Z_QYXfvk2O95S3aMQxCH960qvreLgd-AmWpFBsTvzg134ZMJSy4QUeoR__OxGqa0py1hNLoJEzix-yEPB94HFLiWkaXp8ihnxIDvBxaX3WrvMr90CJ82VI-JgVJE=w915-h686-k-no,775,APPLICATION,2026-09-15 23:52:51.111127+05:30,APPLICATION,2026-09-16 00:37:00.54527+05:30,f
ChIJ70aHKQAhXRgRcsHfo4z0cyk,Bungi Miembe Mingi - ( Bungi - Many Mango Trees),Sights & landmarks,historical_landmark,Unguja,Kusini,-6.2542734,39.3362575,https://lh3.googleusercontent.com/gps-cs-s/AHRPTWnxS9RbyUcI7FOqTiAVmFwfsK8Prpz-HxiymZc2zXhvwwCi-qqZjX1zaEhSyoY0CIVU8GcYazibWKqLQGq2WimijRy0dGAv_JcSbU81iut1HUCxZ5tQWuIMktcav6wIPn4cMisu632pLAcb=w915-h1220-k-no,166,APPLICATION,2026-09-15 23:52:48.589954+05:30,APPLICATION,2026-09-16 00:37:43.866511+05:30,f
ChIJ70oCrCzXXBgRg5IciLYW9B4,Zanzibar Park,Wildlife,zoo,Unguja,Mjini,-6.1510539,39.2361256,https://lh3.googleusercontent.com/gps-cs-s/AHRPTWkjgZpDdAzeZlrtghBzivOU6Y1TaJA6L3unFFJ1OYnRF2qc3j7NB3DM_yPRfXgk8DQjVMdUToVkM3jsNc3DYmmzsXlRnhHAnfDfgp9dN-oggl21o28VXFBqlJt7pW9ssQ-uBzTthQ=w915-h610-k-no,351,APPLICATION,2026-09-15 23:52:49.38907+05:30,APPLICATION,2026-09-16 00:38:53.557063+05:30,f
ChIJ71H4OyPTXBgRefJN8NJ9AiY,Cheetah's Rock,Sights & landmarks,tourist_attraction,Unguja,Magharibi,-6.0617458,39.2069274,https://lh3.googleusercontent.com/gps-cs-s/AHRPTWnKy8e-J9MBa2gNzw5ubiXYfmzUuDnPUdTmnDyzdum0-vhedIdJxF3L6Z1SL27362OGk19QDLFAKdnH0OjZTgdnmQGmRVaMs30ZB3HGRdEsLSZK2FHLZzQhB1R-q9voDPttHBpZSmQgLQlk=w915-h919-k-no,471,APPLICATION,2026-09-15 23:52:49.879003+05:30,APPLICATION,2026-09-16 00:41:10.31437+05:30,f
ChIJ774w5EYrQxgRIVtcLtXxaO0,Zenji spice co.//mati spice farm village tour spice tour cooking class,Sights & landmarks,tourist_attraction,Unguja,Kaskazini A,-5.979330699999999,39.3100919,https://lh3.googleusercontent.com/gps-cs-s/AHRPTWnWic_pKv_RLGxZcMWopCdpu4nsZiD-guHOT4NN9DyT9q440OvL_Hn_H5PLYkqWBrN7X03XwShDSBE1mSfojZfQoCUZgN4PoDaUDItvNjW7ei7xGg_3dpJWrvHkvnmRSVfL8qjdQUv2BJxn=w915-h2033-k-no,503,APPLICATION,2026-09-15 23:52:49.99975+05:30,APPLICATION,2026-09-16 14:25:10.082603+05:30,f
ChIJ7bNFEhPRXBgRCinaTmXOV8w,The Forodhani of Zanzibar,Nature & parks,park,Unguja,Mjini,-6.1603409,39.1890026,https://lh3.googleusercontent.com/gps-cs-s/AHRPTWkyvyD1923X9wrKky3AinnPNSWxl3PnWQ48pW_KN6oTsIeZUgkwR5kM_4zm_gzBWudJmiqgFTnpge2Gux_ES0dnVQiTatK_TeneukmBvzhT6lhAsKC4Da0---8-OmD9-c0I2oMZog=w915-h1626-k-no,229,APPLICATION,2026-09-15 23:52:48.867334+05:30,APPLICATION,2026-09-16 14:27:26.392427+05:30,f
ChIJ7cMGu1vQXBgR-5hJ0AoxwzY,The Gallery Curio Shop,Sights & landmarks,,Unguja,Mjini,-6.1621614,39.1889895,https://lh3.googleusercontent.com/gps-cs-s/AHRPTWmSLbkDFZGFoYUBxJB6vf8_nDzsYrNZ4HIGTQ84Nuk0dz5V6ZMBvX5T70NR8VlpomEtilDERjuvU7NgfPa7B6Sz_UsRvthZWuG9qFyOkyIT6yU_LqckYi9puon4rkvli0ErJ5k=w915-h1882-k-no,388,APPLICATION,2026-09-15 23:52:49.554684+05:30,APPLICATION,2026-09-16 14:27:45.96845+05:30,f
ChIJ7e7ApIDRXBgR7EqwAhlQPIs,Mehta general suppliers and services,Sights & landmarks,observation_deck,Unguja,Mjini,-6.1806402,39.2048308,https://lh3.googleusercontent.com/gps-cs-s/AHRPTWnUWqXmAcz6dYLaBm06W8x6xohlTIbGp0xyn-pzN2qQdE19eDCnK7s7zbyQQao6UGhNiXL7jYynJrOvRrzcqCSVTb4wNH4eztmyFZXpghvgxO3XitTyRSUh4R1pdY8CoVnQwhlxuKXgbRI5=w915-h589-k-no,350,APPLICATION,2026-09-15 23:52:49.385226+05:30,APPLICATION,2026-09-16 14:28:10.25677+05:30,f
ChIJ7T96U1rQXBgRKk6Q1D_l4fc,Sustainable East Africa Art Gallery,Museums & galleries,art_gallery,Unguja,Mjini,-6.1613542,39.1885847,https://lh3.googleusercontent.com/gps-cs-s/AHRPTWlxbJ49e1Y4NS0ph5JE5gspqaKZBvP0VtjdsW2ndqoozoj4En5-etA62llqGg_e96KYGbsshQJ5c1MBsJHabsqJPHgodUV459tVO9nG9nhcnst3vp1O1jZXlORkkqutirW2NI5z=w915-h1626-k-no,321,APPLICATION,2026-09-15 23:52:49.269077+05:30,APPLICATION,2026-09-16 14:28:48.915225+05:30,f
ChIJ7TfdIwAhQxgRBbNuqpc2RKA,SMILE BUTTERFLY CENTRE & ZOO,Sights & landmarks,tourist_attraction,Unguja,Kaskazini A,-5.8334898,39.2907508,https://lh3.googleusercontent.com/gps-cs-s/AHRPTWkM6dH7G5GrdPukMrJbnVqg2xXiTbTJXLqPPIXkZY1nOvsPwxcSa-yjKAbvIUVYsGpFQrTEwEfYvBoZQ3g7FXCtTG-42iE8KT5yJAU7BOAT1BVlTV9oHdM0VOOAkk8F55UATdD6Rq0J7gbb=w915-h1220-k-no,595,APPLICATION,2026-09-15 23:52:50.367629+05:30,APPLICATION,2026-09-16 14:29:18.951433+05:30,f
ChIJ7xxCRxHXXBgRgputYw275jc,Zandoors & Carved furniture's market,Sights & landmarks,tourist_attraction,Unguja,Magharibi,-6.1342777,39.2926669,https://lh3.googleusercontent.com/gps-cs-s/AHRPTWneFgyndYJGmXV_v9KhkJ_vmPjTDax3CKee-eQ6ub0_XBr1Lp5I5ABwiPSAO8LHkzDxRCuCy0aSWpXxu-ssDvHjcZHEfIYlc5shnZwwHzekA_RsRwq1tgqLWebkb62NuWSWP4w=w915-h2036-k-no,411,APPLICATION,2026-09-15 23:52:49.641977+05:30,APPLICATION,2026-09-16 14:29:28.638111+05:30,f
ChIJ81uzYgAbXRgRPHhOe_dmuik,Hafidh Dolphins tour and safari Blue at Pungume Island,Sights & landmarks,tourist_attraction,Unguja,Kusini,-6.4328617,39.465262800000005,https://lh3.googleusercontent.com/gps-cs-s/AHRPTWnPVc5agifDRAKNXxSyCsYBHrwXWQqQj8jUcvFBy56mUhKlTUA7wFASVkXE2CXj7fWxORqjpdx9yR29K0s9pC6VQ49BU8RCwiEaQsgiLJG6VfTS0h44xT5vZK51o38ri22S1iDMmw=w915-h1220-k-no,42,APPLICATION,2026-09-15 23:52:48.06339+05:30,APPLICATION,2026-09-16 14:29:38.497194+05:30,f
ChIJ8deXb6M9XRgR6v-8h8LMT8g,Kite Centre Zanzibar,Activities & adventure,service,Unguja,Kusini,-6.269054700000001,39.5363777,https://lh3.googleusercontent.com/gps-cs-s/AHRPTWnJApCVM_3tGsMk4MagDxz6b41TRgYyc6ShA3DzhCGo35vAYmTJxw82doY5M51t-ZrYQqAwgY4YjmIqqlMstvZxMRXDrpeLlLJG8L24wohIe0XuQpswrDPHPyzBlyLz0Z7MYbCj=w915-h610-k-no,174,APPLICATION,2026-09-15 23:52:48.631347+05:30,APPLICATION,2026-09-16 14:32:40.390969+05:30,f
ChIJ8-s9FwUlQxgR6k8VIl4ZXaE,Bumbwini Point,Sights & landmarks,historical_landmark,Unguja,Kaskazini B,-5.8959186,39.1948333,https://lh3.googleusercontent.com/gps-cs-s/AHRPTWlZJS_chBSFShSmDQDORFWYYg8AnmIXiQqrJ6KgQvqOiRJMvRwx58NCISE8GysW2RrSzQy0tIpSJAc6zcqhGoJhYIkQZIvuHl_GZvJLI550YDb_z20wFBoiJxSSf3RqbL7P4Z2nvQ=w915-h610-k-no,535,APPLICATION,2026-09-15 23:52:50.139729+05:30,APPLICATION,2026-09-16 14:33:01.005214+05:30,f
ChIJ8Wjxy7_RXBgRGdcRrpU7Z8Y,Magatti Tours.,Sights & landmarks,tourist_attraction,Unguja,Mjini,-6.1680458,39.2006432,https://lh3.googleusercontent.com/gps-cs-s/AHRPTWkQZJ1llrMlkQNt_gRzZKliYfM_V9bPuxvz7VjCwK7cZFKWtu-pMN7x6ZoRe5r18KoWb9MLN-r53Ic9bNQbcBZn69jLXpsdrVIh48yl5i_ju8tdN83DVht8F1__uAush9Vrm-Yy=w915-h1042-k-no,271,APPLICATION,2026-09-15 23:52:49.045085+05:30,APPLICATION,2026-09-16 14:33:33.615042+05:30,f
ChIJ92yb1BvUXBgRrrHan-wlbRA,Tangawizi Spice Farm,Sights & landmarks,tourist_attraction,Pemba,Wete,-5.133333299999999,39.7166667,https://lh3.googleusercontent.com/gps-cs-s/AHRPTWnfMvW6O5yee80gYYU7pyzVO9yuTjDuoJGkKs1Bet6PIZdmNv7CJLWOGjHhx-quIhvCi6s8crbrhraJ637XDeVJhLqhkq7_ZbXryHdxuKkhFmi-iATPI3RrBke9axt2d1hPAHAF=w915-h1626-k-no,763,APPLICATION,2026-09-15 23:52:51.061416+05:30,APPLICATION,2026-09-16 14:36:03.865042+05:30,f
ChIJ96Z5RHrjXBgRZqyxw4I5GM4,Pungume Island SandBank,Sights & landmarks,tourist_attraction,Unguja,Magharibi,-6.408775,39.318277,https://lh3.googleusercontent.com/gps-cs-s/AHRPTWmjlP4Q5Bdzbrur4WyxlQK3-5KbLUkOTC7qGoKXc7vNwdsYVx4UJCxkzFVj3oXrHtV48tI9PfWshg8JumMVmn2Kl_LMDK0oPuoZwApjy8Lmd0X4LLbMGrIrel54YGVStxT4eRoAIQ=w915-h686-k-no,57,APPLICATION,2026-09-15 23:52:48.127734+05:30,APPLICATION,2026-09-16 14:37:04.18139+05:30,f
ChIJ9QpMCwDfQhgR0j0Vl8oGmfk,mnemba island snorkeling,Sights & landmarks,tourist_attraction,Unguja,Kaskazini A,-5.818592499999999,39.3818907,https://lh3.googleusercontent.com/gps-cs-s/AHRPTWnxudTbZL7AVZXWZeg34b7Vkk2lXJw6pd048WYS2S_dOCYgzMSE1Z9ihIvRamtRx6502XDTEwvEgtCfCb0KxpM5n3X14SssQPlAR_7q-ozv1sFRPFQAQTlqu7quXG_2ci_wefJqfO7GuZuN=w915-h514-k-no,604,APPLICATION,2026-09-15 23:52:50.406646+05:30,APPLICATION,2026-09-16 14:39:55.969462+05:30,f
ChIJ9_X2Kzj3XBgRpXA3Ripz9Cs,Kiharaka Center,Museums & galleries,museum,Unguja,Magharibi,-6.5836865,39.0964238,https://lh3.googleusercontent.com/gps-cs-s/AHRPTWnPdkI8H26eIpwOYmB24LyVWHfqqb_7fDp304-Jsifq7dqBubKcAeQUrRUNLYJ0id_xl4eKCzQgV6UsU2R4bK6IPVNdOlSxKbYK-lGwC9aMVdLC5siwFgZ-13VHT9M8nAe-_qFCSw=w915-h686-k-no,3,APPLICATION,2026-09-15 23:52:47.911651+05:30,APPLICATION,2026-09-16 14:40:40.643119+05:30,f
ChIJ_9xP0eLVXBgRhZqvTQ0VvtU,Private Spice Farm,Nature & parks,garden,Unguja,Magharibi,-6.0818188,39.2521391,https://lh3.googleusercontent.com/gps-cs-s/AHRPTWm_2DOq9DK9OKT0ftpyEXAHwk2iGLHLcj3DdRwvCazHVG64yKRdrhv1XgainxiD5J3edv5WUH4MlFWznirEWF2aV99SWdkTCkgEqga5GY_WoZgZ7vEu4K7KryvLdEfJu1xc61oZ=w915-h1143-k-no,453,APPLICATION,2026-09-15 23:52:49.809997+05:30,APPLICATION,2026-09-16 14:41:13.517675+05:30,f
ChIJ9ZG7CgDhXBgRQV1RAqkzBy4,Zanzibár,Sights & landmarks,tourist_attraction,Unguja,Magharibi,-6.3633703,39.2840177,https://lh3.googleusercontent.com/gps-cs-s/AHRPTWkpLitFMUKFqg_CDK2vSdfdWh--w6kfLUwE_BKALvuF76nzmEAyAG4yLpMN1uW_BOSK0ggsD1GhvYFoWyl9dzJddnzwBHLZcU2fP9VkCQQ4JN_QtAC9CNi4Ic-1EfSCXWbE4Rf85kodONul=w915-h514-k-no,74,APPLICATION,2026-09-15 23:52:48.190836+05:30,APPLICATION,2026-09-16 14:41:35.64956+05:30,f
ChIJA6jYQz_bXBgRkd2dVrwEeeM,Serenity Funerals,Nature & parks,funeral_home,Unguja,Mjini,-6.19275,39.20891100000001,https://lh3.googleusercontent.com/gps-cs-s/AHRPTWlbUlcwiRP7C0cK92dUaZHBdG3i9JTZ7NQ9mBpsSRuPlLAZ2ZqIzM8aN1pgLS1WzDitba-63tkiGdZa-2ZFxYD_MRp0HlfIYoGvyXQQzAzLcoyVJkZt7VX1Wub1MyhZJohviBie=w915-h610-k-no,210,APPLICATION,2026-09-15 23:52:48.780157+05:30,APPLICATION,2026-09-16 14:43:43.642099+05:30,f
ChIJaaiESwAfQxgRV0s80dEg4Cg,Kendwa beach Zanzibar,Sights & landmarks,tourist_attraction,Unguja,Kaskazini A,-5.7538633,39.2907822,https://lh3.googleusercontent.com/gps-proxy/ALd4DhFnfj09iWvgQEQ9ZKrS7dRuxQRX9R6L-vUbymVvI4-Bey-_C89sT8qsZpNmJqA-QKjnhq3Zo5EV8Af5dY16vvRNSuZfCHkl8Jj5ry63oDm29z8m5SbnXTcsvG7kKFvb1dsh9_ul6JmXxR9QrCgD84ojsjkHodaXD167vUIlW5afyRZzwy8wQ4vEgA=w915-h604-k-no,642,APPLICATION,2026-09-15 23:52:50.565707+05:30,APPLICATION,2026-09-16 14:44:28.505059+05:30,f
ChIJAaQjtEjjXBgRzvV5XJMiggk,Fins Zanzibar Snorkeling and SandBank,Sights & landmarks,tourist_attraction,Unguja,Kusini,-6.419033,39.3325048,https://lh3.googleusercontent.com/gps-cs-s/AHRPTWngbMKE6aFLmIgx0tVobcl7UojePKnUwEXdHaK4Vy-Kj7ju9LcNyCV-_F5ErqiW3c-KiGLY3ZuhqKAG5t2Th8kCOMODbOmSJhScc9cEdrtuihfp4sm3v3CR9yubBU162nWhpC9Y=w915-h896-k-no,58,APPLICATION,2026-09-15 23:52:48.131432+05:30,APPLICATION,2026-09-16 14:45:10.142756+05:30,f
ChIJaejfTYEFXRgRubejt6CqukY,Salaam Cave Tours,Sights & landmarks,,Unguja,Kusini,-6.4407503,39.4627046,https://lh3.googleusercontent.com/gps-cs-s/AHRPTWl3ZOraW9q7hquV4UVOvRrmlrtnru-lmblu508EvPx57Wluqe-zAb2M8abOVxMn-hyDAgIVulx2SYVkqZLENDbPxW4OBOhKLO0bJ2t5o5e2OOrsU7RZ3npUVM-oqlmzoo4pXTW7zb7KQfyv=w915-h1220-k-no,31,APPLICATION,2026-09-15 23:52:48.019201+05:30,APPLICATION,2026-09-16 14:48:25.945456+05:30,f
ChIJ-aeMDJDRXBgRAcswsgpR9xg,Pete's Beach #2,Nature & parks,park,Unguja,Mjini,-6.1649683,39.1871978,https://lh3.googleusercontent.com/gps-cs-s/AHRPTWmQXInc1X2M59FNVTdSRTBQiQ4s51HpYgwIoX0RjfFMTWXlB1DW2flEGxbe7pVMtPAVaB4d99T0d4sQdEpgFuHOc-Lhrvt62SI__oPH5MV4ESyRcmMJ8tdL_sFHpmFfUqZ4KMzi=w915-h514-k-no,317,APPLICATION,2026-09-15 23:52:49.253591+05:30,APPLICATION,2026-09-16 14:48:35.169617+05:30,f
ChIJARCqgZfRXBgRFwNweFsADcI,Pange Zanzibari Sea Picnic,Nature & parks,picnic_ground,Unguja,Mjini,-6.1862974,39.1620856,https://lh3.googleusercontent.com/gps-cs-s/AHRPTWlk4F-KW-R_keJNh4tpOOgSoWLzwOjAPbgcHetO4PYY1_ru33kSj9bWSagjqxESsfCp2pQ5ouP97gZ-o2_zjgfqU10YtFT3OQmEHvnOL1Wb5RC37UGk_4upLBt3MLvdtb7YxNbS=w915-h514-k-no,203,APPLICATION,2026-09-15 23:52:48.751451+05:30,APPLICATION,2026-09-16 14:48:53.811038+05:30,f
ChIJASJRmq33XBgRypWB4QiGvkI,"Kiembeni, Magrove Forest",Nature & parks,national_park,Unguja,Magharibi,-6.562373399999999,39.1065297,https://lh3.googleusercontent.com/gps-cs-s/AHRPTWn8ppS6nEfj4dy9L8rbVF9VWr6Mun4iZNxwPLapdB1swg6kUzB7QNy_9IvoNsIQQMhn_Ihxy7KOy2PnslkSAsePoDw0r1AjzuteHkQ0jfaJjlwrnLuYoFkIKNlG7Gz8Fnn0TCrg=w915-h1220-k-no,21,APPLICATION,2026-09-15 23:52:47.981527+05:30,APPLICATION,2026-09-16 14:49:04.619797+05:30,f
ChIJaThWGADVXBgRcSAgfygwlvk,Dragon fruit farm,Nature & parks,garden,Unguja,Magharibi,-6.0573921,39.2718075,https://lh3.googleusercontent.com/gps-cs-s/AHRPTWk59S8QcGvSv21uPGT0eksIgm72V9X9cXgZx5dsRiywRVH-RCEXAnpf1OiAk06rI03rfFTkUE5k-vQdke4C7bZav6kvvTFeJuTRuhWXV8aoaiUJdIgw7yJ4gMntywqejxa5_gbWMg=w915-h1626-k-no,478,APPLICATION,2026-09-15 23:52:49.904863+05:30,APPLICATION,2026-09-16 14:49:15.143012+05:30,f
ChIJAYkEiO_ZQhgRCC_imj28cjM,Dada Zanzibar Production and Cooking Site,Museums & galleries,museum,Unguja,Kaskazini A,-5.8813751,39.3378702,https://lh3.googleusercontent.com/gps-cs-s/AHRPTWnXqp698-oOxx6OvLhbevWx8-SnKEAKw2np_lbjcrtAfnM-xIEHcVGiI5Wf9JXRthKlFAqPYbK4P8OT-KO7sl7atkoD0I343GdqZeBY9NXZpcqVHed4RaZ-m7S_07uWLr4Lo3s-vw=w915-h686-k-no,571,APPLICATION,2026-09-15 23:52:50.278163+05:30,APPLICATION,2026-09-16 14:51:24.611741+05:30,f
ChIJB3SZVIkrQxgREMO2ZqM7BbU,Mussa Abasi village spice farm kisongoni,Sights & landmarks,tourist_attraction,Unguja,Kaskazini A,-5.977519,39.3134862,https://lh3.googleusercontent.com/gps-cs-s/AHRPTWk20XWgPXmPc0Gvy1cMW-FSj9o-G9Ztn0FVlkjL-wR7chYvBl4arVa7vkVI33ezrncoDm5osssVFyi3cC3g16slGB8sODzEWj9XztIc2B52wjp2PVcz-Ty6IsI4DZIDwqtCOIpa=w915-h514-k-no,501,APPLICATION,2026-09-15 23:52:49.992184+05:30,APPLICATION,2026-09-16 14:53:00.833038+05:30,f
ChIJB3wQl8RBQhgRtu3gUm6La5w,Mpapaini (Turtle) Beach,Sights & landmarks,tourist_attraction,Pemba,Wete,-5.2403528,39.6006539,https://lh3.googleusercontent.com/gps-cs-s/AHRPTWlMaGiRbtNdudUxJ161IW1eFkZ2mgFAudOUGatJbSkyU-N3DxIzBqCmw46T2sof2zKZXeVsXhGqggwhyHgEJuI8pdmZhPM3UzvDjCiqhpR5wpLLQNE_G9T97Dv9zuAssQHDdiHNFQ=w915-h686-k-no,734,APPLICATION,2026-09-15 23:52:50.943043+05:30,APPLICATION,2026-09-16 14:53:29.739453+05:30,f
ChIJB9xLcHjXQhgRnOoPBtjkyJo,Gebar tours & Safari Zanzibar,Sights & landmarks,tourist_attraction,Unguja,Kaskazini A,-5.9314131,39.3598223,https://lh3.googleusercontent.com/gps-cs-s/AHRPTWmh-olVBKM3CC4RRqD9rK07ywN0UrLBsomL_lffIqOjkYHUxKgL3dMw7BF2aXHv_VX6I_mxg1KgZj8KWGaSbtj91KXJcCvHM1ZRMVjlRDyE9KEKQqfFyvNX5C-0oRHNSxw3wK8=w915-h915-k-no,545,APPLICATION,2026-09-15 23:52:50.181269+05:30,APPLICATION,2026-09-16 14:54:50.482718+05:30,f
ChIJbdaNwPv1XBgR1yEfHLeaqHU,Our Miracle Garden,Nature & parks,garden,Unguja,Magharibi,-6.589851,39.0623912,https://lh3.googleusercontent.com/gps-cs-s/AHRPTWkG40NGBNojb-ASagDsSdTiYKtXodkzqJVi_U1nB03zCjKC3AkQAZNA97KyHjKSWeZkzlIEVC__WZUOoFsCJAoFVdtLds06wRlARiHnn18cn9ieFaH6fdo0gIdOZi8WWgPTIF8zx0EKKG3e=w915-h514-k-no,2,APPLICATION,2026-09-15 23:52:47.908024+05:30,APPLICATION,2026-09-16 14:55:50.529448+05:30,f
ChIJBVfPFADRXBgRdKagavaJWUg,Uswaz Team,Nature & parks,garden,Unguja,Mjini,-6.1477935,39.2235554,https://lh3.googleusercontent.com/gps-cs-s/AHRPTWnelOOo1ASws_PGoJMdkmFcuwQRj8z975rxsa_Zu4srdgA0-uSC49tmGTvoVYXTP7HK60wR3qmSLPk1FP68pW8p1qdZq_qe-R9EAEjiVXrUElN7rTt5jnrmb4yTokayBeANzYLikQ=w915-h1882-k-no,257,APPLICATION,2026-09-15 23:52:48.979071+05:30,APPLICATION,2026-09-16 14:59:16.470074+05:30,f
ChIJBwUIcgDfQhgRDHhsk7gfs7A,Mnemba Coral Snorkeling and Sandbank,Sights & landmarks,tourist_attraction,Unguja,Kaskazini A,-5.8158729,39.385258,https://lh3.googleusercontent.com/gps-cs-s/AHRPTWmuMpH5B95q63wmiNVZe1PuqWAu-E74xD1PmAhDh63x_bXfLMQdzcu6qo-xlOleqaxwwFdHrFrRa2e1NJraYav61I8El0lLqwEHxcm6WWMW-wlUWBoOIX8EBjj1KcURncFd_CfyHfXWCXmH=w915-h422-k-no,605,APPLICATION,2026-09-15 23:52:50.413232+05:30,APPLICATION,2026-09-16 15:06:23.07071+05:30,f
ChIJC_4cHAAXXRgRwL9Y7dnGK3g,Jambiani Art Wall,Sights & landmarks,tourist_attraction,Unguja,Kusini,-6.3255781,39.5492783,https://lh3.googleusercontent.com/gps-cs-s/AHRPTWnmJ20AVAVYH6axwHw3QNxwjlWeoI5-SMStu8FnGbVWd0griHAsgJ-gnWFwBvlxdqAnO7dKrW2vySqq5Db9qQMmyY0BkNJfngz-yThbEZSPZsdgWDP7p3B51aT0VBpNgGHuDr_pwg=w915-h1220-k-no,94,APPLICATION,2026-09-15 23:52:48.274892+05:30,APPLICATION,2026-09-16 15:08:47.67872+05:30,f
ChIJC8NuUCorQxgRCdEOUTbO9Jc,BILAL RESPONSIBLE VILLAGE TOURS,Sights & landmarks,tourist_attraction,Unguja,Kaskazini A,-5.978113899999999,39.3129558,https://lh3.googleusercontent.com/gps-cs-s/AHRPTWnw_HEU0KVTSGDAROZShJUuKbdycGq3_w8q12SW40Z-rYWX0MM-XMPt_87l82QjPFyeMelXZI3ifEscgaNrYT2s-D7WVfM5_JGMShMrV8isDPnmVVoB1WOhBn2Utbgoumem6Gxw=w915-h610-k-no,500,APPLICATION,2026-09-15 23:52:49.98881+05:30,APPLICATION,2026-09-16 15:10:00.913142+05:30,f
ChIJC8Sir2DQXBgRnBJqO5VX0QY,Peace Memorial Museum,Museums & galleries,museum,Unguja,Mjini,-6.1680088,39.1912612,https://lh3.googleusercontent.com/gps-cs-s/AHRPTWnYVwJHUuK_RILfH09SGTNfCMLM7T_jScB3LTDLL5HP5KChJZbmGo1oNJUMGJJLF217WZ7zyhKSx2bHhu6EiGg5ev_k24QSv20FVkE3hZdA1tsRIbqnI723OTeH6ita8f0DP5Ij=w915-h686-k-no,241,APPLICATION,2026-09-15 23:52:48.917206+05:30,APPLICATION,2026-09-16 15:11:16.422664+05:30,f
ChIJc9SlfIcjXRgRqPb3DQkHU6I,Jozani Forest Office,Nature & parks,park,Unguja,Kusini,-6.2711714,39.4183573,https://lh3.googleusercontent.com/gps-cs-s/AHRPTWkFIqzold3SCypP7vSRX1OM0QUb8McEHyPn0NFAHBgwXHZfjPwgFWgypxCTKVUzvw6C1quh38ewCIVD7E117QwxTKKA6aCQ2kchx_LP5RP1kuxsEt1IY6VzYGrJbwutTrYvzITwhw=w915-h610-k-no,130,APPLICATION,2026-09-15 23:52:48.424056+05:30,APPLICATION,2026-09-16 15:12:04.041267+05:30,f
ChIJcah0UgAhQxgRuwq8-VsMS6o,Fukuchani Marine Aquarium,Wildlife,aquarium,Unguja,Kaskazini A,-5.8233375,39.2899064,https://lh3.googleusercontent.com/gps-cs-s/AHRPTWkiTWdxtxnrvaMkx0ff1rlAdy_5LSJAwsfSfglYhwh2hxKvlaTUXWYVkrnscFQ1yTTNOtWYcEsKhvFD_2Lrtl13rzhQCCTe6fAcvCKPRkk052TslnBDuNmHxmUboY65b3xb1SCsq5S246Mf=w915-h686-k-no,600,APPLICATION,2026-09-15 23:52:50.386518+05:30,APPLICATION,2026-09-16 15:12:30.702973+05:30,f
ChIJcd5y6_QfQxgR4WF1B6Vzjnk,Nungwi Beach Reef,Sights & landmarks,tourist_attraction,Unguja,Kaskazini A,-5.731297,39.289882,https://lh3.googleusercontent.com/gps-cs-s/AHRPTWkcLA6b1tRMuLzt4SLM3W-VOhtO6TdhM_rgjYJQY3-GLGnnnSQ5ZV5p2h7iMgeqSQp-E2NEbtwpbHW6nA9CPzVwIhOSg6MPrl9d8HWRESRKuJZNyBWwRUa4Oe4nFlqz2AfBrvA=w915-h1220-k-no,654,APPLICATION,2026-09-15 23:52:50.613653+05:30,APPLICATION,2026-09-16 15:13:12.693753+05:30,f
ChIJcdK9KhvRXBgROHFPwQlgl08,Blue Berry Zanzibar,Sights & landmarks,tourist_attraction,Unguja,Mjini,-6.1635178,39.187651,https://lh3.googleusercontent.com/gps-cs-s/AHRPTWlEwp5ecyGMtuiIBzeYsNJoNUQUfC87s-IaajNb0rkxpF5SyOt7ioJ15i88e-2UJdk8R9i2Ky4nLqGYO8H1sJ2zULbx3rZ8mnMieGU2b47Zh1p9dhMujUteTMIwkYZ5H7FTxfUkyR3TwAU=w915-h1220-k-no,339,APPLICATION,2026-09-15 23:52:49.344209+05:30,APPLICATION,2026-09-16 15:13:43.420523+05:30,f
ChIJcQSD2YzQXBgRkzt168LWdpA,Kariakoo,Activities & adventure,amusement_center,Unguja,Mjini,-6.1673462,39.2034459,https://lh3.googleusercontent.com/gps-cs-s/AHRPTWkgSqRwT5dYCWsF625qlTlYuMMC_z8zJLKrWwi63xLC7PvDZQl4ZnzXmn5Rq1Nv6QsumPfHEekWulYpJPCMvObpaTtX4MdeuPejA0KrNc_-Dp2orOwhLIBYgBNWr7ARgBu9j5Db=w915-h1220-k-no,255,APPLICATION,2026-09-15 23:52:48.970424+05:30,APPLICATION,2026-09-16 15:16:32.53026+05:30,f
ChIJCQX7zFvQXBgRIOB0LEyKQ94,Chimlo’s Curio Shop,Sights & landmarks,clothing_store,Unguja,Mjini,-6.1614067,39.1899293,https://lh3.googleusercontent.com/gps-cs-s/AHRPTWm6TZa_VFvQlWAGU-YV1upXZ2qfKsQ204ap4M60akJdiH_3KfJVO5TpgUy9uT0sNWIuUcDItFFyf84Cq_ckGZH9qIFmIrFmXh0GteCEl60hHXx9kISyVd-prh09K4r3bZQh1AQM=w915-h770-k-no,302,APPLICATION,2026-09-15 23:52:49.188082+05:30,APPLICATION,2026-09-16 15:16:42.310316+05:30,f
ChIJCTkXmpMjXRgR4aEp3u0QpP0,Jozani Mangrove Butterfly,Sights & landmarks,tourist_attraction,Unguja,Kusini,-6.281282099999999,39.426803,https://lh3.googleusercontent.com/gps-cs-s/AHRPTWkYdHayZARcMOv-nenh1Pl4Ea-TbCN2WBx-5D0kx4omeoy1qPjs2vB3LW_EMyUQmQ4kLldsXyoLyz1qVAiDS3GbNJCycuAbjcr9r5Qi_hpdsuu2Jr8uF7TWd7wqywMvNz8I1v6i1M_S6mE=w915-h686-k-no,140,APPLICATION,2026-09-15 23:52:48.477307+05:30,APPLICATION,2026-09-16 15:16:52.254399+05:30,f
ChIJcwJAVanXXBgR0VBKzCjLgTU,Kianga kilimani,Nature & parks,national_park,Unguja,Mjini,-6.117769,39.244777,,393,APPLICATION,2026-09-15 23:52:49.572724+05:30,APPLICATION,2026-09-16 15:18:28.942299+05:30,f
ChIJD13KLbLRXBgRw-T1Kt6PyJU,House of Wonders,Museums & galleries,museum,Unguja,Mjini,-6.1609587,39.1895631,https://lh3.googleusercontent.com/gps-cs-s/AHRPTWlSX7DHQSl1DJLI1mQsRrS5INDGuDaKoENrgDo3B3LvjNSXH7Jx39YxMdOcaDRTUjH3MBHR9fR9RMlt_SsR2Q9dScT8y4c16AQJi5x0mm1L9_0Mdp4kkmLImWBuXGvocUdXQ-TU=w915-h686-k-no,234,APPLICATION,2026-09-15 23:52:48.887766+05:30,APPLICATION,2026-09-16 15:19:39.576848+05:30,f
ChIJd2ubu0YeQxgRXxlekdwKdSs,Nungwi Beach,Beaches & coast,beach,Unguja,Kaskazini A,-5.7238371,39.295081,https://lh3.googleusercontent.com/grass-cs/ACvplmMIPnd1gBRXOzvjrok_OxVhXirl3br-R-Nbke86Az10web7J9zonTlu3B-42Gh9dfW7Mn-7-FZcWxX78l7VJRxaP2V1Uk-7FteWdOiqHdzSihvs3MHqU0-j-qcvfMHxVwKWs9w=w915-h685-k-no,677,APPLICATION,2026-09-15 23:52:50.708163+05:30,APPLICATION,2026-09-16 15:22:21.579337+05:30,f
ChIJd5VKeXHVQhgR7IT4ZLEJnfw,Kiwengwa Caves Office,Sights & landmarks,tourist_attraction,Unguja,Kaskazini A,-5.998107699999999,39.3594794,https://lh3.googleusercontent.com/gps-cs-s/AHRPTWkG_oM1ldJk9jC7GBsqqJ9GKIzYoWgIKezt65r2ZBov8VGMZOHItsl5O2W75UFME1oRgGEbWgsWwsR99tnjqysxBq2AYlkjPhZB1CqiS-yUcXIbKAo6GPlZVjqKMcrHwiZnw_oK6a9q7bc=w915-h915-k-no,505,APPLICATION,2026-09-15 23:52:50.007081+05:30,APPLICATION,2026-09-16 15:23:27.418026+05:30,f
ChIJD6swHgfXQhgRC23KLzK9wB0,Shambaland Park,Activities & adventure,amusement_center,Unguja,Kaskazini A,-5.9423382,39.359191,https://lh3.googleusercontent.com/gps-cs-s/AHRPTWkJw6p0eS-9xd43eMgQRxlYwY8997y2zuD8Hnh_mTgmzEwX7htW5dfO6izK4gcvtvl4at3IkhRVpBG1q6GbSyAKK94_-izvCmC4QtojyH0AW6tDYVwnddWA5u6_4QP5y2Q9zoLS=w915-h477-k-no,524,APPLICATION,2026-09-15 23:52:50.091875+05:30,APPLICATION,2026-09-16 15:23:55.49699+05:30,f
ChIJd9MbNCMTQhgRfJDLu3rTALI,SimaOngwe,Sights & landmarks,tourist_attraction,Pemba,Wete,-5.1767955,39.8103819,https://lh3.googleusercontent.com/gps-cs-s/AHRPTWkJEE43gNDQjIWYi9l-058b9X9Vf5mXIjkERbE-SVAdI5wr17sM-ETG6Vd6HgF-SGJOm8E7oqBtKcbi50OlT_4zUkJ5X3xPwmWXpFH7KywmSGn8kTnbFwILTJgp3pEVMcCgwI2ENw=w915-h1220-k-no,758,APPLICATION,2026-09-15 23:52:51.033266+05:30,APPLICATION,2026-09-16 15:24:49.796725+05:30,f
ChIJde8uxLLVQhgRbIrezsSj6wc,Villaggio Rurale Zanzibarino,Activities & adventure,hiking_area,Unguja,Kaskazini A,-5.981139,39.329676,https://lh3.googleusercontent.com/gps-cs-s/AHRPTWlj-GjHU-y-fv_YmU5-Cfvn31ECeLmqaZIVNeLeM5_r_AVgjHmmGAynZ-M4V-S6TKSmo9g-01U1LRb0jmxMeb5izrx7crP_i16_VvO7qT93-I0Gs_MPrngHvDYMjIaGKswUUSFW=w915-h686-k-no,507,APPLICATION,2026-09-15 23:52:50.014393+05:30,APPLICATION,2026-09-16 15:25:21.824247+05:30,f
ChIJdek0ThnXQhgR7v3jmg9ZTDM,Arbeto zanzibar tour,Sights & landmarks,tourist_attraction,Unguja,Kaskazini A,-5.908537600000001,39.355432,https://lh3.googleusercontent.com/gps-cs-s/AHRPTWkDFetMK8vM6lH4gCId2Bu4miO7OHCzupgqnq0r0HRC5lGsvtSqoipqTAGj6-F4dt2UfWFK9wdDF4pt0ozkyj_kKUNqpTdbnMtuVmK2pDBCnffu_As3PhobQtBW8nbjNVywb7PRWIzN0oso=w915-h1040-k-no,547,APPLICATION,2026-09-15 23:52:50.188831+05:30,APPLICATION,2026-09-16 15:25:32.793511+05:30,f
ChIJDTRekpPbXBgRVMe0vbghxsc,Chukwani Beach,Beaches & coast,beach,Unguja,Magharibi,-6.240048499999999,39.2139229,https://lh3.googleusercontent.com/gps-cs-s/AHRPTWlR7aJlBC8ODrgDWZZuCkbjvO4a25oH5TnGeAwOyiX5tFR2O6aIm_nip4EgaGAibjW8lVPAeSn2Ir_w3v6ntatJMPo6QGpbqTIeZl_j4iDaHMpSnMmBisYE07PVZLY1mD1TIwQ=w915-h678-k-no,153,APPLICATION,2026-09-15 23:52:48.535418+05:30,APPLICATION,2026-09-16 15:26:32.020905+05:30,f
ChIJdxVvSgDVQhgRxX7NnpOOHDA,Sandbank,Sights & landmarks,tourist_attraction,Unguja,Kaskazini A,-5.967833499999999,39.3742044,https://lh3.googleusercontent.com/gps-cs-s/AHRPTWkjZqEhDzkUzVkkXwjEpmGM25sqfLaWDiSdXmqk87uAGAAmRPGI0UzQOZOJZe2ATR31KRbvjMD3ZBo8Yy16Bq5vmTNcajdHy6sNkWLebvptI73HW7kQuoNc41FE6ijkXYc_08QDiwcxkJey=w915-h686-k-no,512,APPLICATION,2026-09-15 23:52:50.037663+05:30,APPLICATION,2026-09-16 15:27:25.183858+05:30,f
ChIJe5FOb5P0QRgRZuZQwBxoHEg,Panga ya Watoro Beach,Beaches & coast,beach,Pemba,Micheweni,-4.8874043,39.6787449,https://lh3.googleusercontent.com/gps-cs-s/AHRPTWkcO6McBC5l_s7ZGBOXKyNxwBvXfaLQqNiHyiaw1xT3v2Ub-_Tpf7F7ysvIUG0TuqkgYSCpGyxrzAJ0AdcHf6AmiqDUpNdzUdaecT99MJp66uDgXgQACvkWBxPchj_Cd4E0y7w8=w915-h686-k-no,792,APPLICATION,2026-09-15 23:52:51.171833+05:30,APPLICATION,2026-09-16 15:29:18.867477+05:30,f
ChIJe6-5wk_RXBgRLr0vpAq-8ao,madafu Zanzibar Tours and Safaris,Sights & landmarks,tourist_attraction,Unguja,Mjini,-6.162222,39.1920735,https://lh3.googleusercontent.com/gps-cs-s/AHRPTWn1MwcsGW5efQ_2LZMwLod3fAvhrTZBYrawZrg9RN0gkorW2G4wO3u5p13Ef9N7yA0mT7AQaTYjbCMrQDjJMgvf5pQLM-4pTu7Ymmq6UG30iNflM00N_vkw0HiZmbYD8VMCz5n5=w915-h1220-k-no,401,APPLICATION,2026-09-15 23:52:49.603968+05:30,APPLICATION,2026-09-16 15:29:30.299363+05:30,f
ChIJE8k5Ph_XQhgRNqFk_tNPBHQ,Abdi Tours & Safaris,Sights & landmarks,tourist_attraction,Unguja,Kaskazini A,-5.9224852,39.357706,https://lh3.googleusercontent.com/gps-cs-s/AHRPTWnfK8NtputEsixA-57nNRSn-HMxxo420whY_3E--jchkQuZGyb9ZuJrl_LiFVkhXsoJVUbQVstdBZogHlDcBlrH_gAyFNHjUsyOftekkxd7k99KhoCaVHvtyDf_qMOPMsP7nmtDsaCQIsOm=w915-h1220-k-no,550,APPLICATION,2026-09-15 23:52:50.199829+05:30,APPLICATION,2026-09-16 15:30:02.493576+05:30,f
ChIJe8mGtuhdQhgRoERbd_8Nc8I,Mkoani Garden,Nature & parks,garden,Pemba,Chake Chake,-5.3613252,39.6471634,https://lh3.googleusercontent.com/gps-cs-s/AHRPTWmxiJwb2i4hQsXWhJSKJHTZcYrWUEx6Z5ovxXAk8UKFApLkopwbAq-IYn9lS6ZQXFIS-Fp2BwF27Kg9Nut9nlMdcklphFi5gkhO7BMw9QQ8fFmxGUOPxWO255jjdAmKMjq6H6w=w915-h686-k-no,720,APPLICATION,2026-09-15 23:52:50.88747+05:30,APPLICATION,2026-09-16 15:30:29.795218+05:30,f
ChIJE8VvYQAFXRgRlt28Nc6AGtM,Nager avec les tortues,Sights & landmarks,tourist_attraction,Unguja,Kusini,-6.4389356,39.4618224,https://lh3.googleusercontent.com/gps-cs-s/AHRPTWmH5UnQUiWyEu4-F-0n4olHw31GUGQlZpvwjoVdf9rijVHlOzmb1qmnqZXgW9aHgSB_a0BH5ER-03eYwk0ciIJFgvo6MhvB1Qb0q5rOphvG7St_HDqxKUark2xl8-TsKQ2ia-s_kdEiL-A=w915-h514-k-no,33,APPLICATION,2026-09-15 23:52:48.028305+05:30,APPLICATION,2026-09-16 15:30:54.516971+05:30,f
ChIJE9EJaEAfQxgRMi9T0-DLkhY,Baraka Zoo,Wildlife,zoo,Unguja,Kaskazini A,-5.7240725,39.3037461,https://lh3.googleusercontent.com/gps-cs-s/AHRPTWk4QSfl5F7-n009ijzlvfS1iAKqO9MVEIeqikkUzusnyAn7T4dRTXZxEXRrg6CXTATV5ZBD1lleORusnIQrfybq88iBVXFhfUvSZntZm6ZDhfpL9A9QtQP_fovQ7vC6XyaBwYidaxVFmfE=w915-h610-k-no,676,APPLICATION,2026-09-15 23:52:50.703405+05:30,APPLICATION,2026-09-16 15:31:40.096066+05:30,f
ChIJE9piUK7RXBgR4wp7HcOs--I,Wizara Ya Utalii Na Mambo Ya Kale,Museums & galleries,museum,Unguja,Mjini,-6.166842000000001,39.192883,https://lh3.googleusercontent.com/gps-cs-s/AHRPTWneBVRfpy_TXjkyEmSqKrvoNow-5mPAYNZ1jnnojKX4_safGLj7gijs6xyDVJHzwNqeySeoUUr3XYSoz5lcBA47VYnaxXibLB0XYLslsnxh_XNo2NGuihLkR4h3-uGboRw0Bh6UmQ=w915-h1220-k-no,265,APPLICATION,2026-09-15 23:52:49.018026+05:30,APPLICATION,2026-09-16 15:32:03.569834+05:30,f
ChIJeb3bA8kbXRgR7r0lX7Fzmz0,Said Zanzibar Tours,Tour operators & agents,tour_agency,Unguja,Kusini,-6.4078593,39.4470669,https://lh3.googleusercontent.com/gps-cs-s/AHRPTWl5IV4Fu-hPbrZVKVdzR0ypEyoaDm--8GbS3CyzeMlDdtd7Kmdww_j5wL9JzEmPbz2Wy3xL7ostFwnvtJfYrUTIftdfJWzZwKbIzALgGk91R2kfXPlr9eKuBwb3hbRONq8lHt1hIZT7GSqI=w915-h1220-k-no,63,APPLICATION,2026-09-15 23:52:48.149161+05:30,APPLICATION,2026-09-16 15:32:36.877046+05:30,f
ChIJedgSbaLfQhgRXOGNCsT94V4,Caption Mario dolphin tour Zanzibar,Sights & landmarks,tourist_attraction,Unguja,Kaskazini A,-5.810772,39.3583695,https://lh3.googleusercontent.com/gps-cs-s/AHRPTWm_YgsPG3v0_hcSPvWC8Jrel28_EAQanHTAtANqFzrMRolXd3lxIP6lsjEXajawTs0F_qVBLsurxHxEgZKmyf9JueeryEIDHXgr7-4EO5bRELaAdql6NIZq6-VXHNAtziexNJn_2K5KCVfY=w915-h1144-k-no,620,APPLICATION,2026-09-15 23:52:50.477092+05:30,APPLICATION,2026-09-16 15:33:40.380097+05:30,f
ChIJEdjoS3bVXBgRW1fkUzkLQcM,Paradise Spice Farm,Sights & landmarks,tourist_attraction,Unguja,Magharibi,-6.1028917,39.2529477,https://lh3.googleusercontent.com/gps-cs-s/AHRPTWkOJU59bAM_hcLNVyrpIDQdgxJ8WWMf3hZ45T9tn-2pjAziY-6j0w7DUjl7_8G4fc88A9iPkvGUE8XoE56TDzw0MogX79TT0kNi4oTSuwh-zvJ2e1IkiTn3RbEELBXM8qLmyMVidEOXDiFm=w915-h916-k-no,448,APPLICATION,2026-09-15 23:52:49.790394+05:30,APPLICATION,2026-09-16 15:34:00.266597+05:30,f
ChIJEfApQJ3RXBgR8nCrBxgmTeY,Zanzibar bronw tour,Museums & galleries,cultural_center,Unguja,Mjini,-6.162222,39.1920735,https://lh3.googleusercontent.com/gps-cs-s/AHRPTWkw47wOWzNzRkb_dsCEO1FHviStLWWQsTQ00nqZFkd7jCVVur8a7fRYetcVNaxUzL6W6H_PKc9Qg3rlCmwRlxIJcGo_M22-oCa4fwnMIT0tjyMFVLo0TLP5H_SHImBs6t0D8F3bLCGn-_U=w915-h1220-k-no,402,APPLICATION,2026-09-15 23:52:49.607578+05:30,APPLICATION,2026-09-16 15:35:21.911033+05:30,f
ChIJEQlmDKLTXBgRHXMANPHDDUw,Saihat Tour Zanzibar,Sights & landmarks,tourist_attraction,Unguja,Mjini,-6.1103748,39.2252605,https://lh3.googleusercontent.com/gps-cs-s/AHRPTWlPO-3DzuteQ0c3Mb2EFzCycrTK4A5YkM2A6voth_OnJJSYvRRX6Po54gZ08lvZ3NdJSVtx9M5vP8Ou7fCfQVf7IioAh9DVIF-s0S52LqoV5FGov-s1xma_gESHtVveAIlfEJ830HeyTLrJ=w915-h915-k-no,379,APPLICATION,2026-09-15 23:52:49.521431+05:30,APPLICATION,2026-09-16 15:36:07.21853+05:30,f
ChIJEScXb4snXRgRNvfmKVZJIoY,Spice & Stone Town Tour,Sights & landmarks,tourist_attraction,Unguja,Magharibi,-6.0745016,39.2509013,https://lh3.googleusercontent.com/gps-cs-s/AHRPTWl2k75pocyMO-jkgEJC9PV5Ly4eSVfKVCKKVUfqAB5LGyqL6hC_m5bJzNbssryYoqDyeAwwZLEVtnVDrZdEMQb3FZaA1FZSF-EHvZoKA-pf2uAaauDhAl9fXl-T9O0kl6hAZ9I0mg=w915-h686-k-no,450,APPLICATION,2026-09-15 23:52:49.798254+05:30,APPLICATION,2026-09-16 15:37:03.190271+05:30,f
ChIJeSj9BWLXQhgRdgdlUs2jqKU,Jazira Island Adventure Quad Buggy Tour Jungle Zanzibar,Sights & landmarks,service,Unguja,Kaskazini A,-5.9229729,39.356286,https://lh3.googleusercontent.com/gps-cs-s/AHRPTWn1vZBwnyp6BfMkKLEs79KCgGxokvuqHuiDKaVpTgI1oEHVLIMklKlyydloS6vXI1-on6Rq4s7yzfhxrw_0CoHv2ZiBqv0thHwVQjjQTp9ZBxnfrdb0DzgzK8BJwhTwZBRNww8=w915-h508-k-no,538,APPLICATION,2026-09-15 23:52:50.152294+05:30,APPLICATION,2026-09-16 15:37:13.284779+05:30,f
ChIJEyjTbgs9XRgRNZjBRsZunug,Casty Tour Operators,Tour operators & agents,tour_agency,Unguja,Kusini,-6.266438099999999,39.5312235,https://lh3.googleusercontent.com/gps-cs-s/AHRPTWlp0dJkbTYjvVu_SuSQ5_tOebv0TdlW-QcdS1tCxPV35jou82CPq7Th3EVmOb068N8CLVaNv9Fj0_T1628aCLr14dBlD1JUxhbKXG4pOv13Uqdao1jsh_S7vyOSXxeq1wfb6edbw5_l6ZeE=w915-h1310-k-no,815,APPLICATION,2026-09-15 23:52:51.265167+05:30,APPLICATION,2026-09-16 15:38:07.438792+05:30,f
ChIJeYQowlnQXBgRVTL90IWxn4E,Old Dispensary,Sights & landmarks,historical_landmark,Unguja,Mjini,-6.1582409,39.1925253,https://lh3.googleusercontent.com/gps-cs-s/AHRPTWkXtAp4bNAqQzjVI9l0QMF1QbAD-VAxQTRMshMAY2WGsXiQV0EWqW4If30zpIcPnQyiQDYj-sb5sBQVtE2TBtXOW6EkEcVsqL7wZjMs-xnXhpgqCFydYmxslk4ME_ncqU827oNnyw=w915-h686-k-no,231,APPLICATION,2026-09-15 23:52:48.875448+05:30,APPLICATION,2026-09-16 15:38:49.354853+05:30,f
ChIJF4cd0o_RXBgRG0SBFl7gk2Y,Emerson Zanzibar Art Gallery & Cafe,Museums & galleries,art_gallery,Unguja,Mjini,-6.1610952,39.1912151,https://lh3.googleusercontent.com/gps-cs-s/AHRPTWlofKACUsfyGTFj_7ie07UrMaL9FodNiMWHkgE2vtK1WTBXzYE1DZcvBshPal7IkbwiMTtkA4v9EGgcH3570ZHE7CbGOswXiD5GgI3v2hF9apjB7gxdQJBPSguJYTV6P5V4KsrJ=w915-h686-k-no,293,APPLICATION,2026-09-15 23:52:49.15161+05:30,APPLICATION,2026-09-16 15:40:27.066616+05:30,f
ChIJf7kYagDZQhgRKcACyKvhl7o,Mr.match zanzibar tour,Sights & landmarks,tourist_attraction,Unguja,Kaskazini A,-5.8777598,39.353205,https://lh3.googleusercontent.com/gps-cs-s/AHRPTWk5OCOTC0FR24kfnBjHQzJ_k4kJcQxxKAeklq8uSJqAVoclp-oU_t4BIDk_P4hRqUlAMwn7CCpvd3rwxK1PRH5Rivxgn6_LD8vVvPDLcXMBUWY1XVLe_X_DWXcCRDsb-_2m6Rh7jJHhqw=w915-h686-k-no,589,APPLICATION,2026-09-15 23:52:50.344453+05:30,APPLICATION,2026-09-16 15:40:47.067571+05:30,f
ChIJFcymmXg9XRgRi9--kPtnA8E,Alkebulan art studio and gallery,Museums & galleries,art_gallery,Unguja,Kusini,-6.2590876,39.5327266,https://lh3.googleusercontent.com/gps-cs-s/AHRPTWkEVICH89AmpO0xQSd35_8MmalEMATA6XGgoWIhJ-7PwLE0dSRYmbftHvWG3j7FiMm8ezyXOW62Osi_b9RemjPyfMDS7cpLyve6xTpav1jEmvzu04fR_qGscUV_UWT5n_DBAIEYtA=w915-h1220-k-no,176,APPLICATION,2026-09-15 23:52:48.638987+05:30,APPLICATION,2026-09-16 15:41:06.585469+05:30,f
ChIJfdw2NJgfQxgRMJsNMSXTVNY,Parasailing Café Bar,Activities & adventure,adventure_sports_center,Unguja,Kaskazini A,-5.754902,39.2883774,,633,APPLICATION,2026-09-15 23:52:50.528934+05:30,APPLICATION,2026-09-16 15:41:26.812394+05:30,f
ChIJF_gFWJc9XRgRKL9nFWuOoC0,Jaskinia Adamczyka,Sights & landmarks,tourist_attraction,Unguja,Kusini,-6.2764588,39.5307401,https://lh3.googleusercontent.com/gps-cs-s/AHRPTWluL087H7RhINSifTUakO-piluoPJEZ0f9xMABUaphR6ueZhge2KlV_4cc0d8XpqUE6wvgdt1DZ9yIKllR3WATx3EOE0l5FjfAHij6XhCInYChnQxdFUZiH7226GA0fjS-EsY3W=w915-h686-k-no,146,APPLICATION,2026-09-15 23:52:48.503763+05:30,APPLICATION,2026-09-16 15:41:44.140842+05:30,f
ChIJfQQL5bsrXRgRxtMnDGTctJw,Pili Pili Spice Farm,Sights & landmarks,tourist_attraction,Unguja,Kati,-6.0573692,39.3331799,https://lh3.googleusercontent.com/gps-cs-s/AHRPTWnGAU2xynFEkbghWm_Mwu45x2n6hEQuD2lFFOpjauGzfZwh7k4smV0RPr7X8TANfeAs4DueFk6MALsEEhXVXebpTM5GnnSx8uka6bppE1DoeMgAsewiJzj4sRhVRl5jmPaPRBqsHPAS6Was=w915-h1220-k-no,485,APPLICATION,2026-09-15 23:52:49.930986+05:30,APPLICATION,2026-09-16 15:42:35.105551+05:30,f
ChIJfSWZPgDfXBgRFIxV61GE9Ts,Pange Cave,Sights & landmarks,tourist_attraction,Unguja,Magharibi,-6.30314,39.2947,https://lh3.googleusercontent.com/gps-cs-s/AHRPTWm6LGqan4Ox5DS76EY58J9KQa68bnffDYuJLxgvbmWk1pN3jcZKX1PXAWzOD_Fb8NuTA4RET_SNmmxxpgWC2XB34ZMIZDgQqpM3iMV-lGOn88UKG32BkPGGXwJcBzOFh9FEhWFN9o8nytRL=w915-h1220-k-no,124,APPLICATION,2026-09-15 23:52:48.398319+05:30,APPLICATION,2026-09-16 15:43:07.971853+05:30,f
ChIJfXnDnqHRXBgRtHt6k2s4gwY,Mnemba island snorkeling tours,Tour operators & agents,tour_agency,Unguja,Kaskazini A,-5.809489699999999,39.3585313,https://lh3.googleusercontent.com/gps-cs-s/AHRPTWksJqU6bAwXUu5N9d6QfChFSWaj2yNamDqY7nOMll5w8zw1X0hoviOOX9FeYwar1nWEbSQ4x2VQ5pVya7udc6HnKxjBzCM6Z3DLGavqkT9DQ10VF2gAxUOd7xUWCjM6Tt2vyAFx0r3H0ozm=w915-h1143-k-no,612,APPLICATION,2026-09-15 23:52:50.442081+05:30,APPLICATION,2026-09-16 15:46:28.250319+05:30,f
ChIJg9io2KHRXBgRKyK2JV2Nvg8,Joo zanzibar Arts Gallery,Museums & galleries,art_gallery,Unguja,Mjini,-6.163204899999999,39.1897783,https://lh3.googleusercontent.com/gps-cs-s/AHRPTWmmi32X-hlwfW61W9mQtqaJVZMn9zf6aytPs5GSnk6B-bhFFEbf2h5hjC04LmT175k4tJnW6xnDJQ0LJMONWAhInXMXcyPi1VGhCEe_fj0LACJgGLRNPqryg2DcOZCVm3-KTvWvNbiSgkuT=w915-h1220-k-no,330,APPLICATION,2026-09-15 23:52:49.309317+05:30,APPLICATION,2026-09-16 15:54:13.800993+05:30,f
ChIJgc4nfccfQxgRTHlYJtGwoCI,BLACK WILLOW EXPERIENCE,Tour operators & agents,travel_agency,Unguja,Magharibi,-6.2228124,39.2139911,https://lh3.googleusercontent.com/gps-cs-s/AHRPTWmvodCf0RFqM0B1XGJWNDxlJjCmPA6bxGBHWDYXA8sGEjPK3FyHqLqSFSS1RC9Ux7aQa6xnbMrqo8aTQr7g7UKQlr2iV9LPrNVLy5zhDRC4nIVrhPKOdA_9Lns_dHVRmKUaRGavCw=w915-h686-k-no,185,APPLICATION,2026-09-15 23:52:48.674999+05:30,APPLICATION,2026-09-16 15:54:31.239556+05:30,f
ChIJGdh26aLRXBgR5QD1tnjLGSs,Family garden,Nature & parks,garden,Unguja,Mjini,-6.177195299999999,39.2284703,https://lh3.googleusercontent.com/gps-cs-s/AHRPTWnvCqjUyf-GS6TcutdzEFHK8OnSgdSVxbs_HCQGQyN9caXJu3kHStTYp8cepJc6rc-9oPWM1jxwavW8szy2wR_I_B-HSz0T2T-rk3BmWSBjixNQFtgfWDhTsieHOg5UM90dtUY7=w915-h1143-k-no,191,APPLICATION,2026-09-15 23:52:48.699414+05:30,APPLICATION,2026-09-16 15:55:11.144709+05:30,f
ChIJGfTXMgAfQxgR2LEySylTso8,Zanzibar fishing experience,Sights & landmarks,tourist_attraction,Unguja,Kaskazini A,-5.7229375,39.2985943,https://lh3.googleusercontent.com/gps-cs-s/AHRPTWnYX9Vc7hsx9IWzaHBeiLjyqy1Kb5NxP1CKn4Vq-fzxMnDPjqQhoPT5L5_1Yfc-Lh9ju0IoVldH1arTJA1AppcFuZFJE-Pygnr78bSoXkoerV7IWpI1xpvXlpfRik5TSIchERoqmw=w915-h686-k-no,664,APPLICATION,2026-09-15 23:52:50.654349+05:30,APPLICATION,2026-09-16 15:55:20.917543+05:30,f
ChIJG_lsdFP3XBgRFhb7xGtFlis,Jeremiah 29:11 Mbweni,Nature & parks,garden,Unguja,Magharibi,-6.589086399999999,39.11747690000001,https://lh3.googleusercontent.com/gps-cs-s/AHRPTWla7dZFkHbJ43FkbY4xsV1rdghzRE4m11b5hb9NY1U2rZUcV0n5H0H4sJ1ILP6wbMsVwNVY4pNlKGgAJr1EgoyGZdjibKd5jnqy5mfcFwAJufnCsz7eAQAJTqSX1uAqZ7wbyanxKA=w915-h1143-k-no,7,APPLICATION,2026-09-15 23:52:47.928004+05:30,APPLICATION,2026-09-16 15:55:41.034301+05:30,f
ChIJgQQwbAAPQhgRmYLYSwbZzbo,Mchanga mkuu,Sights & landmarks,tourist_attraction,Pemba,Wete,-5.0615225,39.860281,https://lh3.googleusercontent.com/gps-cs-s/AHRPTWngjJgbxiKrwXUzJttifNoXT-a7g4k8hKBjhyQk3kClXDUuEc0OMHhb1hR3o7NRLPuxbcGKLbXPBzzcqMHrCezBxltRD-Qh-k8Uu5SqfCZilUDNEkYxUN553KKIODt77Qmx3s6xR2nF6C4I=w915-h1220-k-no,780,APPLICATION,2026-09-15 23:52:51.128499+05:30,APPLICATION,2026-09-16 15:56:48.246083+05:30,f
ChIJgU1Qr-ctXRgRshXHuO88NrY,Uroa public beach,Sights & landmarks,tourist_attraction,Unguja,Kati,-6.095532599999999,39.4257001,https://lh3.googleusercontent.com/gps-cs-s/AHRPTWmYSWflOaJP7FmBEMrX9b_rc7eG0Yd3jLkzsitN8aKtxALMkIx_e7lRI1opJjT9Rc_ZFnAIkSlfiQ-d6IR0osgDZzs7AeRGjpsxhkl7cvzzO_0I0EuYdtr889GW5__7bJOg1QY3=w915-h686-k-no,468,APPLICATION,2026-09-15 23:52:49.865797+05:30,APPLICATION,2026-09-16 15:57:35.745956+05:30,f
ChIJgUsRb4TRXBgR8uS7LYXjmqY,Lee The Don Tours & Safaris Zanzibar,Tour operators & agents,tour_agency,Unguja,Mjini,-6.1613302,39.1890845,https://lh3.googleusercontent.com/gps-cs-s/AHRPTWkp1AOkZwo2B6gPwuffrN0Jwj6GZPvpFO49Mg79g501Xvki_KSh7hz76d2gApZq1lPNU26xnMW5ADK9GuOrwhHkZT8UHgXQOi359ee_D0H-eV2EV-Gotf3Jkq_Z2yzn-hvdlMtUQyjciLCx=w915-h1215-k-no,362,APPLICATION,2026-09-15 23:52:49.436395+05:30,APPLICATION,2026-09-16 15:57:58.376222+05:30,f
ChIJgxGaHEPZQhgRNLAzkhYnhWc,Haji - Zanzibar Guide Matemwe,Sights & landmarks,tourist_attraction,Unguja,Kaskazini A,-5.8750358,39.3535376,https://lh3.googleusercontent.com/gps-cs-s/AHRPTWlo06ZDI2ocHLrpHdDEupXaZp_NPGl8KQUmv1BYZBvuz3wCk_kP0-zpqe24vdQMf2ALZweegDkrSlgkU0jfHM2dOHJ-8TGWgOaydd9JT9DR_lxbax5tphctdgPgUDHPNIMFs2MSYF0p_TSQ=w915-h2042-k-no,587,APPLICATION,2026-09-15 23:52:50.336946+05:30,APPLICATION,2026-09-16 15:58:27.191058+05:30,f
ChIJGXZQRY7ZXBgRE8XVwIcMqbw,Jozani Forest VIP Tour | Middle and Long Tour I Birds and Night Tour,Sights & landmarks,tourist_attraction,Unguja,Kusini,-6.272507699999999,39.4193136,https://lh3.googleusercontent.com/gps-cs-s/AHRPTWmIkkKoQPDk8j_y_A9rqVVn9XoBTXRz8WXehCz-UyQKn1mHXOaYDHSHUuiHkS0QUMSnyy5GSRTaTPNvoQPVfRvDpz8D-GB4E4CPxfQcNt-vw9fhuMstc-CXanj3QbS-dGXku57qmw=w915-h915-k-no,132,APPLICATION,2026-09-15 23:52:48.438724+05:30,APPLICATION,2026-09-16 15:58:52.916468+05:30,f
ChIJGz-bWgDFXBgR1zBbpnnxnGA,Nyange Sandbank,Sights & landmarks,tourist_attraction,Unguja,Magharibi,-6.215891399999999,39.1411141,https://lh3.googleusercontent.com/gps-cs-s/AHRPTWmho6ZYOjAJ0qpCeeQQaH9ieJIF6leAK2HHMmNtmo7MWAInL_vGLOoL0hB49FYmE7k1QaVKKtbtdOc63zeQAvi0wHDB-ZFM4bvVdNytlMYg2J5onQwlkLUbFIwsM1tQ_UaMsK2bZV4htDtm=w915-h422-k-no,178,APPLICATION,2026-09-15 23:52:48.647856+05:30,APPLICATION,2026-09-16 15:59:25.962808+05:30,f
ChIJh0gZtAzXQhgR18rJ4lzKgVE,Khamis tours Zanzibar,Sights & landmarks,tourist_attraction,Unguja,Kaskazini A,-5.9301867,39.3603574,https://lh3.googleusercontent.com/gps-cs-s/AHRPTWltUSxJ8CilfyDcajk1S6upyBrdCTEunVjmP5NkdBE3e8noP5lsF2X8QYCKV1GRjt7FciEpL0NpcFRbc19e6nQ08sMOHaVP5EXja3emEzC2abFJzaXNyGEb6mU7zhaOvqBXAahB8-J4zPw4=w915-h921-k-no,544,APPLICATION,2026-09-15 23:52:50.177205+05:30,APPLICATION,2026-09-16 15:59:48.128316+05:30,f
ChIJh0U1LADRXBgRb1TNtHvEtXg,Prison Island Musiem,Sights & landmarks,tourist_attraction,Unguja,Mjini,-6.1201206,39.1684937,https://lh3.googleusercontent.com/gps-cs-s/AHRPTWmmR7VE9FOapRaII0KIw-6qtiz6QWeF1tzb8NInHYA4xAS-AV9Mf2nyz0efl667hkcJpm4RfIlJzrEqMFvVDYi5si4SX7eOnZGHhVLRMJyC8DR1LIUFjZYZARwDliKjUZgvXTK3yCh77ajy=w915-h686-k-no,383,APPLICATION,2026-09-15 23:52:49.534927+05:30,APPLICATION,2026-09-16 15:59:58.141504+05:30,f
ChIJh2aBAgDRXBgR3ZFqs06ZSl4,Stone Town Zanzibar Tanzania,Sights & landmarks,tourist_attraction,Unguja,Mjini,-6.1630823,39.1860146,https://lh3.googleusercontent.com/gps-cs-s/AHRPTWmCEie0yWkkCOMnrKHPkhLoZOeHSIrkVLOzJEovP3CfK-mlYUln_5mQAY8I6KT8BQ04HiGN4TXPXQ_ekLZsgvmTVZXxrarD1b7LbbOK-6eJ6yl5XMrQj_XJWWgBPE22ucrHvT0spTD8Ze2_=w915-h1220-k-no,314,APPLICATION,2026-09-15 23:52:49.239287+05:30,APPLICATION,2026-09-16 16:00:49.367288+05:30,f
ChIJh3JiWkfVXBgRmSxIu_c9TFo,Maganga Spice Farms,Sights & landmarks,tourist_attraction,Unguja,Magharibi,-6.0845691,39.2436512,https://lh3.googleusercontent.com/gps-cs-s/AHRPTWnPVB_4Kj1l-ysLrPU1rxvqZm3xSslY0mlHn4zSjBh3_9AK91epTMSpNISSePgIb-_hIWxapO2pBe2H5H2-HRy4XxOOcI9HvNa5EIuw4yxP6lnAaLgcnsWdnL303IOZCUmKKOE=w915-h686-k-no,445,APPLICATION,2026-09-15 23:52:49.773847+05:30,APPLICATION,2026-09-16 16:01:41.100452+05:30,f
ChIJh4XZrXHRXBgRd4-PotslWnA,Makala Art Gallery,Museums & galleries,art_gallery,Unguja,Mjini,-6.161133599999999,39.1920059,https://lh3.googleusercontent.com/gps-cs-s/AHRPTWnlix0RzxFwJeOX-ARB4yUpRxJGP-fO5zA5eyAuuPyRHKJ-5Al6HDUEuxMfHQhNsgQH6X4geGB-KvuWZijKs13gPmt-g8IVCvejvWyhtPeuO08l1ynVCpgNTfFmGu_GgqpV-GHM=w915-h1220-k-no,288,APPLICATION,2026-09-15 23:52:49.122571+05:30,APPLICATION,2026-09-16 16:02:46.084574+05:30,f
ChIJH520iKbRXBgReZfgblDIuTU,Ibra_guide,Sights & landmarks,tourist_attraction,Unguja,Mjini,-6.1638652,39.1865059,https://lh3.googleusercontent.com/gps-cs-s/AHRPTWlutJSfVOdWy6WfkU4PRt-IfbwBXCdOwT86_J2JxjGF0xfrJjFZfCIpzaatwn8PGw5XUoxs5FyS6hqByiAKr-LdjLlxOSmFKB0w8eDpxxAo7Ocv7EcBYnLDOGSDWkNKjtopLfS_=w915-h1220-k-no,338,APPLICATION,2026-09-15 23:52:49.340617+05:30,APPLICATION,2026-09-16 16:02:54.972385+05:30,f
ChIJH6QgguYxXRgRgQlcgwz_7lE,"Michamvi Beach, Zanzibar",Sights & landmarks,tourist_attraction,Unguja,Kati,-6.1432786,39.4894683,https://lh3.googleusercontent.com/gps-cs-s/AHRPTWkXkZmqjd_HJce3ET1y4A8IYtWfnNUvta2QAGwZbai49V9Ci9c67lYKEJpLHll-gS7Uu-s1FheI6RBcRkDSjSe_wTYQGrzL6WEZGdd706PFpvJ40mwJ62KxV-3M4wdwhFFH8AYu2H91QEa1=w915-h515-k-no,428,APPLICATION,2026-09-15 23:52:49.708454+05:30,APPLICATION,2026-09-16 16:03:21.983244+05:30,f
ChIJh7AUJwAlQxgRmgjJeQ4AHaU,Tumbatu Makutani Ancient Mosque Ruins,Sights & landmarks,historical_landmark,Unguja,Kaskazini B,-5.8542463,39.2359147,https://lh3.googleusercontent.com/gps-cs-s/AHRPTWld6Bmxrq0-gWDz3zgVMwnabIsNaXG7uAp0QyLEV9S2D3jUoQk10Xy0IqJoNbH-20T5avr7E7nyiYCVa2t6q4dYNzF7xmIl67Zp26sh04VLAEGUq_bIM56whHJ5NQkEJhgWOURF4OFX8N8=w915-h515-k-no,561,APPLICATION,2026-09-15 23:52:50.239974+05:30,APPLICATION,2026-09-16 16:03:32.7279+05:30,f
ChIJHdFdOAAXXRgRSj4gTylJjhQ,Jambiani Sandbank,Sights & landmarks,tourist_attraction,Unguja,Kusini,-6.3431031,39.5610142,https://lh3.googleusercontent.com/gps-cs-s/AHRPTWm4mj__f_dUVDcny3Nqcor2kZvsOg3uGMtYuHsFmhWYHaI9kQC2I0oFmhqUr_ZJYGJcapOYMJ_L_B9AIPq-y6AXmN8rsKk2ev8FzVa8QaEJIcmIwDZOdSqMju7VuyBGVPuo034cY3LXQNEu=w915-h1220-k-no,112,APPLICATION,2026-09-15 23:52:48.348248+05:30,APPLICATION,2026-09-16 16:04:24.90099+05:30,f
ChIJheAHc3nhXBgRTIimR2W-7qs,"The Safari Blue, Zanzibar",Sights & landmarks,tourist_attraction,Unguja,Magharibi,-6.3080042,39.2664567,https://lh3.googleusercontent.com/gps-cs-s/AHRPTWmRocle-uwNKhCrFWAaATMFv8vzz_52QNoGiygieaJh69SRc7apYuqpG01QHtw_k0McEO8vSJs8YFsr71mPgC610NZk5_caxKx-QK7-xWywBtUPsSsP2QzGAc1k0_b26F-VW7M4cs5MtpY=w915-h726-k-no,85,APPLICATION,2026-09-15 23:52:48.238484+05:30,APPLICATION,2026-09-16 16:06:51.496267+05:30,f
ChIJHQK5prstXRgRdkJBiidwJfM,Just Go Kite Academy,Beaches & coast,marina,Unguja,Kati,-6.0888091,39.4256936,https://lh3.googleusercontent.com/gps-cs-s/AHRPTWlz9u4eP76e_myzmCNb55njd6_BKlKRPPp423JzGX8eFo2qA7V7Yx4_mJEjlGcJmearBYgot49ddBpHQQQzX8aZXWXohfhFC1DlHDaygdEZHiy7oDv0nRls_6Pwm6I6suGkWFKOghrLKt2Q=w915-h1220-k-no,469,APPLICATION,2026-09-15 23:52:49.870418+05:30,APPLICATION,2026-09-16 16:07:30.090503+05:30,f
ChIJhSjMwKLZQhgR-8aKB4yK07Q,Moha Zanzibar Tours,Sights & landmarks,tourist_attraction,Unguja,Kaskazini A,-5.882559199999999,39.3531344,https://lh3.googleusercontent.com/gps-cs-s/AHRPTWn9junaJNcqqmgNvxrmb8bpUjtZZGPH8AElJSIhxcldEOhv7Sx6SBwP6dI4a2XCxryxC05DPY33R6-7snkXp5Jiumlqn3Glv1fGeldA_Uv3qsKJJp5tnrh7lNXbnaRhMO7WGyCIN__B1gs=w915-h1220-k-no,551,APPLICATION,2026-09-15 23:52:50.20419+05:30,APPLICATION,2026-09-16 16:08:22.665327+05:30,f
ChIJHSv44TgfQxgRdDbvwnBmxXs,Zanzibar Reef Walking Tour,Sights & landmarks,tourist_attraction,Unguja,Kaskazini A,-5.7230846,39.2986023,https://lh3.googleusercontent.com/gps-cs-s/AHRPTWkeMvqXwX0dko8MO_MGh_pJCrvvBqIZHUyd3dkgJeaVpUrPQUmQo9aLsIkzbIiOnxpLfHvCvc5cScxfjrD6gBmeB4VoCAAjirN9HHoiya-cgMDvLbVDrajwCUOhUvFpkHwpYvZHqw=w915-h686-k-no,662,APPLICATION,2026-09-15 23:52:50.646664+05:30,APPLICATION,2026-09-16 16:08:44.509974+05:30,f
ChIJhVxJewDXQhgRyFbj40z5SbI,Beach Pwani Mchangani,Sights & landmarks,tourist_attraction,Unguja,Kaskazini A,-5.9229729,39.356286,https://lh3.googleusercontent.com/gps-cs-s/AHRPTWll6sAYYhlTwASx6VaWtT1U84kfJgZ8BlT_8ypOPvp2Q4KP8upsemNPvmdomaKePS2bGQvsueYOZE36xIHGSKbNjIkBYbRVJRMtBy-pDAqTM0k2xNH3L3-o87ZdHYJBdVssF0chJw=w915-h686-k-no,543,APPLICATION,2026-09-15 23:52:50.173266+05:30,APPLICATION,2026-09-16 16:09:12.454424+05:30,f
ChIJhw8uVfQFXRgRcnd1_yCNWbA,Ami dolphin trip & safari blue,Sights & landmarks,tourist_attraction,Unguja,Kusini,-6.4416314,39.4625272,https://lh3.googleusercontent.com/gps-cs-s/AHRPTWnSRWGvoE0Cy1lrhjSDdocybvlutq1uI6I8OXXtsIt_--EvxnhHwq8y0OkWdp-eVp1XurF4TX8mOqiUrO9DQQ3uvRB-4z4apWLAkDmJBkErbDvivQAKyA___aoTmJh24ptU8FdC=w915-h1220-k-no,37,APPLICATION,2026-09-15 23:52:48.043201+05:30,APPLICATION,2026-09-16 16:09:23.036668+05:30,f
ChIJhzHPWFnQXBgRHS2Ful4eXNY,Hamam Persian Baths,Sights & landmarks,tourist_attraction,Unguja,Mjini,-6.1626194,39.1908766,https://lh3.googleusercontent.com/gps-cs-s/AHRPTWmEiwcUR6vWvUamjP_7Dpg9vHkb-CedVnENfRteu9fM2IIxm0VhVnw0hboJCMvcUFCDh2nOShRcRH7brGg28FJo_s6IQBwj6wpCyC93cyQdWFnaEkYHdae6oD_SRU-375Aq5QGHnA=w915-h686-k-no,238,APPLICATION,2026-09-15 23:52:48.904504+05:30,APPLICATION,2026-09-16 16:11:00.440723+05:30,f
ChIJHzRpXwfzQRgRJK2rXVgvzX0,Sandbank - Pemba Island,Sights & landmarks,tourist_attraction,Pemba,Micheweni,-4.85299,39.6819383,https://lh3.googleusercontent.com/gps-cs-s/AHRPTWmHD9ZwrA74d5QXKgI0Vg9yg1S3IJVOT26C7Jz_Fc6HTbyX6Jv_Rzsvp6VT7zi_DcjCfhxAOtu115IXVQ5QiazonxXgO3D5u0rCyYveh3hBUkeh_-Gdke442JgnT_05TIPBwdRD=w915-h610-k-no,798,APPLICATION,2026-09-15 23:52:51.195097+05:30,APPLICATION,2026-09-16 16:12:30.871584+05:30,f
ChIJI733_nXZQhgR7Q7e6FYAyNo,Matemwe underwater,Activities & adventure,hiking_area,Unguja,Kaskazini A,-5.8681122,39.3547906,https://lh3.googleusercontent.com/gps-cs-s/AHRPTWmg4SVtwjiOWywMXHcKch2BRYpdEIVq85yRPZc07Ir-COSXhDndzKp6bN2JWx8U8YlGsT2qQmP7ymH1o8d9C9hUeKe-l9cjOIrzjhmaTJmxG8wo2eERMDtpMss7xH7wUoiD3cNyYg=w915-h1220-k-no,575,APPLICATION,2026-09-15 23:52:50.293482+05:30,APPLICATION,2026-09-16 16:14:38.543492+05:30,f
ChIJi765EcEYQxgR4SXRX82GdD0,Tumbatu Island Lighthouse,Sights & landmarks,historical_place,Unguja,Kaskazini A,-5.7557678,39.2201091,https://lh3.googleusercontent.com/gps-cs-s/AHRPTWkrJqnabvcc12a8X5My8Yn2WFlHN3npR6Mwn24_ml8DA_D9xqOlNA5G-jIMQIaCHpYf4FHGukpYPlfqH2OM9SPgWWERTVk1-ee0way5owi1mNHd2Dv0pEgq7eunoxsjEJbL0Mbc8Q=w915-h1344-k-no,625,APPLICATION,2026-09-15 23:52:50.497469+05:30,APPLICATION,2026-09-16 16:14:54.308736+05:30,f
ChIJibt1NIQFXRgRvW7_t218Seg,Momo tours Zanzibar,Sights & landmarks,tourist_attraction,Unguja,Kusini,-6.4102608,39.4501352,https://lh3.googleusercontent.com/gps-cs-s/AHRPTWl8ZCX_FDs2Hu4zvUFkF31SBK-ww9w-0gy-wMNg5Am7naLDmmE5Q6iuXjdrNBcucsib6tL-fiBRJVQt1z7W81dp_ciG7Qx4-w4E_yfEH5U3PUQ2QjeMQYk5zRel94v1ZwXxZXc5=w915-h686-k-no,61,APPLICATION,2026-09-15 23:52:48.142139+05:30,APPLICATION,2026-09-16 16:15:47.586776+05:30,f
ChIJIQdINtgZXRgRxFcIk5CifzA,ZALA PARK,Wildlife,zoo,Unguja,Kusini,-6.301364899999999,39.4326705,https://lh3.googleusercontent.com/gps-cs-s/AHRPTWk4yDIFHsyMPUeS6w8JWD1Af5COPcLIxiUPrCkucE5sDPt7VVW8Ikb1kPfsh78cycXTt_0fu6LzIj8X2Uf_ijQSRfZ0NiLmcYWl4SbsDZoDpsH4Vw7d5S02KnoJl9QV7RBa6P6x=w915-h686-k-no,131,APPLICATION,2026-09-15 23:52:48.430468+05:30,APPLICATION,2026-09-16 16:17:43.697081+05:30,f
ChIJiWl5OuMfQxgRm5zPd2Udi00,PAYO Quad Zanzibar: Adventure and Discovery in the Heart of the Island,Sights & landmarks,service,Unguja,Kaskazini A,-5.7361875,39.2935625,https://lh3.googleusercontent.com/gps-cs-s/AHRPTWn6C96pN5gN9PKw-jN5onXd1Rw1GCg63fb4iJeROk_xzUBVjY737gL7fy76BELAvvEpvSqb0FetScgL0s4H8QfcyCT0gVv-nM_lfJURpWkHB3UfGJh0_cikoyF_jP9F46MnfHTK5w=w915-h1220-k-no,652,APPLICATION,2026-09-15 23:52:50.604679+05:30,APPLICATION,2026-09-16 16:19:10.899775+05:30,f
ChIJiWMH6D9BQhgR1arAqJZLsZc,West island,Sights & landmarks,tourist_attraction,Pemba,Wete,-5.2406042,39.5981112,,737,APPLICATION,2026-09-15 23:52:50.954257+05:30,APPLICATION,2026-09-16 16:19:20.619043+05:30,f
ChIJix88kU3VQhgRkVcPsl5t6zs,Baobab spice farm village tour& cooking classes,Sights & landmarks,tourist_attraction,Unguja,Kaskazini A,-6.008529600000001,39.3213228,https://lh3.googleusercontent.com/gps-cs-s/AHRPTWk5x-6YUyHNpQeOoep3zLXCQgp8nuLUYb3fidZzsGXc8LBuyS1-R3ZvYpDrtsceNrorcaA89kpUJeoq1S6nyIBvvScgFrtSAEP4z8SQdkc0xs_gVafo5EEfaEbrXKQSCnE9U3LO3MOytQg=w915-h1080-k-no,504,APPLICATION,2026-09-15 23:52:50.003707+05:30,APPLICATION,2026-09-16 16:19:31.482122+05:30,f
ChIJixAAcOrTXBgRA1T5G-KRSRs,Mamas of Zanzibar - The Zanzibar Experience by Maskat,Sights & landmarks,tourist_attraction,Unguja,Magharibi,-6.0813524,39.2197481,https://lh3.googleusercontent.com/gps-cs-s/AHRPTWnU4zlOBO7i8avZ8ZEmS8HVomdNseqE0Taa8y3I5-CR42sMrl7A-YLm-Y1i2tm2OUHqEm-_0UHydf-mMXR1s8KrH5lpUyDks8B8L22gNsThniuZo4ZVT-d7P8yM5KeRL0Hhrn0YurT7ylqB=w915-h1220-k-no,443,APPLICATION,2026-09-15 23:52:49.766524+05:30,APPLICATION,2026-09-16 16:19:56.572666+05:30,f
ChIJiXzobQAvQxgRwPzxnG_WJUk,Kipwa Muwanda,Sights & landmarks,tourist_attraction,Unguja,Kaskazini B,-5.9126134,39.2252678,https://lh3.googleusercontent.com/gps-cs-s/AHRPTWm7vDl0ewDOZDISEKu4oA07TIbJfBmuDDFfqQTFYd_0RWAhLMW3oK4EW8GnBMI3j6MCLL6AQ79VxKohv0Y5dZoP5mgfCdGAvfLg0zBFWPhRnlbMjCt8a2d-4QrLtmPtrpFbdp77sw=w915-h1220-k-no,536,APPLICATION,2026-09-15 23:52:50.144552+05:30,APPLICATION,2026-09-16 16:20:27.626798+05:30,f
ChIJJ0k1ApPZXBgROyZMnp2Qkr8,Bring me to Zanzibar vibes,Sights & landmarks,tourist_attraction,Unguja,Mjini,-6.1827975,39.2494527,https://lh3.googleusercontent.com/gps-cs-s/AHRPTWkZZ-IpEPC5Xo0k7Rssl_soJiwOYcae1y2oKN3FcIDOeV7LYikr5yWZvKSouZPNFkfZoIGbpALtXUtjMwjg4w8blH-0E86XVzxpFfu-oGm2mXglZjgaIH8D-qmZPpSfjY0890R02ioh_P8=w915-h1220-k-no,216,APPLICATION,2026-09-15 23:52:48.812981+05:30,APPLICATION,2026-09-16 16:21:11.576786+05:30,f
ChIJJ0U0v-gFXRgR1Q_Jm6eUKVQ,UVI Natural Aquarium,Nature & parks,nature_preserve,Unguja,Kusini,-6.4333421,39.4605312,https://lh3.googleusercontent.com/gps-cs-s/AHRPTWkVpv9yq782xDN5R6GQcVq9OU_XefVpeLi7cPVfOaIYsYpzP0tNsK4RIONO07iejWAQdgLG-vB5RqPAYOJeRptIW2ACLqzxZ-crL4O2c5DOx_omGpFjEl7NLW2Dn4tphjrOkQ7_mziAATNY=w915-h1220-k-no,39,APPLICATION,2026-09-15 23:52:48.051514+05:30,APPLICATION,2026-09-16 16:21:22.117061+05:30,f
ChIJj3Dk7VHRXBgRkTxDMAz81Fw,Baharia Hindi Beach,Sights & landmarks,tourist_attraction,Unguja,Mjini,-6.1618206,39.18666470000001,https://lh3.googleusercontent.com/gps-cs-s/AHRPTWn9-RvhAzuNYXj_677IzaOJnDfd0I_vTGPN0Skxry_RuboYWReRVaNkq5KsxIofhn7LL0sX7imAXzVnYSeAFpWiPP_IFGJY9crq8jVweFiMHs8ZljLTB4KgprcaqUaY_5QyQCAB=w915-h686-k-no,311,APPLICATION,2026-09-15 23:52:49.225344+05:30,APPLICATION,2026-09-16 16:23:09.275387+05:30,f
ChIJj51ACwAZQhgRnNf-A_h4IXE,Mlemele,Nature & parks,garden,Pemba,Micheweni,-5.017249,39.704287,https://lh3.googleusercontent.com/gps-cs-s/AHRPTWnggB3iTWDzVKkK1WVbV-k-OaLP5bGUCJClSgmeAMURKXaOcDoC_K4s4ZObNT6iizmoh9p_SZTHYnLQdOZfIFgZ0YBoGeYIt5MnJuZipxsc3FFaKiNIRMQ2kOl2uw8e4vvw-GtUqV6R9Vaa=w915-h1626-k-no,781,APPLICATION,2026-09-15 23:52:51.132707+05:30,APPLICATION,2026-09-16 16:23:29.643457+05:30,f
ChIJj64jutXVQhgRYpNX_UEeG98,FunziBar Horses,Sights & landmarks,tourist_attraction,Unguja,Kaskazini A,-5.9812923,39.375453,https://lh3.googleusercontent.com/gps-cs-s/AHRPTWm3RlYgRA0DjcJaE7eFmrrWMV9oQtS695G4RCiAM6bxWaN_PO7-e_TTFxQk7nyvefdQjFFcGe2nBNBm25_wGDff7wl6RdmKQsBpSlm7JbWxaAOiVY8kAROx75bD4jkrWtTKDmnMBlYnaic=w915-h686-k-no,514,APPLICATION,2026-09-15 23:52:50.04721+05:30,APPLICATION,2026-09-16 16:23:55.456976+05:30,f
ChIJJ7IK1roXXRgRGex9ibxPQQY,I Love Zanzibar sign at Jambiani Plaza,Sights & landmarks,tourist_attraction,Unguja,Kusini,-6.3052625,39.5395156,https://lh3.googleusercontent.com/gps-cs-s/AHRPTWkoWqI_SQqZAXth2Ub0v_dMlkPTtMZyrPF_gKHkkRQNaXoqEZg75SCuYERCQCUu6OaoZ_YEicEmusccF3usQZNx34020YTIdt2qwMncyXtmSXkM0edmPeLbHME8J_pWJy-lab_LiHOUBJe_=w915-h686-k-no,102,APPLICATION,2026-09-15 23:52:48.30932+05:30,APPLICATION,2026-09-16 16:24:05.042137+05:30,f
ChIJj7TYq7LRXBgR3QIi_aob9Ac,Zanzibar Island Tanzania,Sights & landmarks,tourist_attraction,Unguja,Mjini,-6.165193,39.1989144,https://lh3.googleusercontent.com/gps-cs-s/AHRPTWl1tJW2X8co89wtS-A5R41TAiGil76LVk3eoj_aA1NMSFB7Aoz9_bnSn_Rby-qluoskgdiv9Wc9eRuWcJ_8DV-w-6YbLMsL9kxuqJWhBoHLd5rvX0Q9OHN301h7-ws9lZsg02E9Bg=w915-h514-k-no,245,APPLICATION,2026-09-15 23:52:48.933382+05:30,APPLICATION,2026-09-16 16:24:47.898789+05:30,f
ChIJj8s1NHzRXBgRAb2DMnRGsWE,Salum Macron Tours,Sights & landmarks,tourist_attraction,Unguja,Mjini,-6.162222,39.1920735,https://lh3.googleusercontent.com/gps-cs-s/AHRPTWnRX3zHARKvNw6LJqAwZ8yYznDYz-34DNPi-r88Jz1_4smo1zLj7U8wFYHwZf74LiPARh9P9ex5Ab_RgmKi-d0MsKDXO42OE4rhlnArDSClFddBq-8jXYmGiGca-P_rniY8mQRQ4pmWIC5T=w915-h1218-k-no,404,APPLICATION,2026-09-15 23:52:49.615381+05:30,APPLICATION,2026-09-16 16:25:27.859337+05:30,f
ChIJj9Q6dADRXBgR3D5h4eaufwU,Resting Corner,Nature & parks,park,Unguja,Mjini,-6.1582088,39.1924006,https://lh3.googleusercontent.com/gps-cs-s/AHRPTWkFLQK0wJFWRdwNIOpeEPVNAy5u2Mj0tQaytOTNd2CQTBxp7WiX8PgXvTQp08aRR9SFNpXw9Y1t26Qej6-C4EUSKnBjDn7iK8xP7knGy1u6eHB4NPb_bZ0PZndqvnf0vRPE8XASzDMgp8hP=w915-h686-k-no,355,APPLICATION,2026-09-15 23:52:49.406108+05:30,APPLICATION,2026-09-16 16:25:48.058429+05:30,f
ChIJJc96OADbXBgR2PjoJbi9G1A,jang'ombe,Sights & landmarks,tourist_attraction,Unguja,Mjini,-6.1848138,39.2077803,https://lh3.googleusercontent.com/gps-cs-s/AHRPTWm_qr9Ok8nNWRIkXVmD85dzTq7i-adf9kU-TYB0_4EzVV_M3JwUVOuO3TqiR3MyRHKhoFU5QSlFCQMXzfmhKgnRmnTIWWfSxpHCqytL2zuL3Xgp5XOvO9QHPAs4xojQDK67hnts=w915-h433-k-no,187,APPLICATION,2026-09-15 23:52:48.682838+05:30,APPLICATION,2026-09-16 16:26:10.088395+05:30,f
ChIJjer5K1rQXBgRB2-AbmJ-wsA,The Beautiful Eyes,Museums & galleries,art_gallery,Unguja,Mjini,-6.16097,39.190445,https://lh3.googleusercontent.com/gps-cs-s/AHRPTWm1hbxSXLDbcMUBiXkTtM8yB45GjfyKpNfkpc-UrqSkXYwPv8BNAEeFquiMY_1u-8JbmN_nrIR5uUW1_k3K1sVjAWacJa9kGxfmfMeq3x4bEjymUOxrPIFbxL7P877F_rPDNHY=w915-h1143-k-no,303,APPLICATION,2026-09-15 23:52:49.192759+05:30,APPLICATION,2026-09-16 16:26:41.613269+05:30,f
ChIJJezTfCsfQxgRK7wt1cdd3Q4,somo beach and safari-experienced tours,Sights & landmarks,tourist_attraction,Unguja,Kaskazini A,-5.729203999999999,39.297962,https://lh3.googleusercontent.com/gps-cs-s/AHRPTWn4yJJ2CyhL_IOLW2k8AqGOCDbdVHKV2OX5YJC_6DubIhbVIyjemKDnw384zBQaW2-gJ_vkLuuwnsPhR4AS6-B3i0dfNWngf4wPO8AzlSq6vk6fHAkEd7f-EjXiCN3AQBl3-3HjQUmTWHPX=w915-h1113-k-no,686,APPLICATION,2026-09-15 23:52:50.752789+05:30,APPLICATION,2026-09-16 16:27:02.311965+05:30,f
ChIJjRoLaxZrQhgRMsUCoNfLqwg,Ras Mkumbuu,Sights & landmarks,historical_landmark,Pemba,Wete,-5.2110949,39.66841,https://lh3.googleusercontent.com/gps-cs-s/AHRPTWlEjICDu2jEKjWHK_yaWnR9fJtU4zfhBPsE7xu1peCKPDiNYzJaIoire7UrqWkqrYBVAcEP8A4pb1h8HAPu8fQ49vuG52Fy9ZfKzjuEvKcYtMJwJTJM8ASEr_MuPsnAtH11WNrioQ=w915-h686-k-no,748,APPLICATION,2026-09-15 23:52:50.995075+05:30,APPLICATION,2026-09-16 16:28:35.175587+05:30,f
ChIJJUoHo-cFXRgRGzQd-xi3gTk,Taxi and Tours with Juma Zanzibar,Sights & landmarks,tourist_attraction,Unguja,Kusini,-6.4411616,39.4628404,https://lh3.googleusercontent.com/gps-cs-s/AHRPTWmSoURwPbIIF1gH0lFVQWWoZk9NhuX2Io9LgMCfFLvbk0jSk-zraJFfJnbV5l3DKiiravxtgZuVPbdkOhS8vqbkd7c2yr38sQsLcjlzmLyWZAiMZluwTxIPnjMag99y2nUXYoiOne5nnWl-=w915-h1010-k-no,34,APPLICATION,2026-09-15 23:52:48.031831+05:30,APPLICATION,2026-09-16 16:29:25.286785+05:30,f
ChIJKa4AqHTZQhgR825UJM6fby8,Adam z zanzibaru,Sights & landmarks,tourist_attraction,Unguja,Kaskazini A,-5.8917552,39.3544283,https://lh3.googleusercontent.com/gps-cs-s/AHRPTWkjeuQKHYzaZzsea_g4sBtupi27P3-82ECvKncSsEBpK1PUdAJldDrK_6T2WMb0XFhtRsg8-_9aMgiwYw0gu5D5gd289FZxOMoz69nGZL65Xj7BeoaiKw202A98D3EIi-zRsKwdGE6eTdya=w915-h1220-k-no,553,APPLICATION,2026-09-15 23:52:50.211203+05:30,APPLICATION,2026-09-16 16:32:30.800368+05:30,f
ChIJkatigG3hXBgRPxoyNFpq9dE,Kwale blue lagoon,Sights & landmarks,tourist_attraction,Unguja,Magharibi,-6.3771748,39.2885229,https://lh3.googleusercontent.com/gps-cs-s/AHRPTWlELC4a-r5w8ymVkZQoVexX1t5Kl_zfVVnqCLuj8z9XoirEZSYAcT8lFmgbuFUhBeQA4UecsE3u1Ks5LCc0mQQ-1SfXMWtdBuHbXjYI5-NIDlUCYHMbqWtKXN_uibqB38LhWOsZ=w915-h686-k-no,71,APPLICATION,2026-09-15 23:52:48.180381+05:30,APPLICATION,2026-09-16 16:32:53.279713+05:30,f
ChIJkbxuKwDZXBgRICl03XY3i-M,Furaha Garden,Nature & parks,garden,Unguja,Magharibi,-6.235187499999999,39.2516875,https://lh3.googleusercontent.com/gps-cs-s/AHRPTWnq8J2YV3BsY4JL-JNsGLeth6KTGMICHZEJw3GKEpuOFlV1lMXsvvRA0o9v7DTw9qi3VrECj0V0ofqiBCVkgZvTtj4x8Bjms4e8A2uJ9BXMsj1n1tzwwukKMVdeT8kUvfcBTra69tBSc9R5=w915-h1220-k-no,163,APPLICATION,2026-09-15 23:52:48.575515+05:30,APPLICATION,2026-09-16 16:33:27.326883+05:30,f
ChIJKcPo0Rk7XRgRUhEr2an-2bw,Blue Lagoon,Sights & landmarks,tourist_attraction,Unguja,Kati,-6.169878,39.532082,https://lh3.googleusercontent.com/gps-cs-s/AHRPTWnWSwx6AnXGUfjVb3CP3hRBAgfXZeEvxIBMvlT2IJSCqOSA3Dz7hQD3Ppy0C2JO2_YElB2G2isY2PI7WEFxDsVWxohGap5d2RJpNBe6lGNgVUyrUZuHRWiK6veGIKeYxrPbIP8b=w915-h1220-k-no,368,APPLICATION,2026-09-15 23:52:49.468039+05:30,APPLICATION,2026-09-16 16:34:37.108217+05:30,f
ChIJK_DKM3TVXBgR4OpbHDLskLw,Abeid Spice Farm,Sights & landmarks,tourist_attraction,Unguja,Magharibi,-6.0858975,39.262489,https://lh3.googleusercontent.com/gps-cs-s/AHRPTWkG1OngP3jKGhtaR-3ecWNHoTEbJehZi7CtzCtozYWc_mbxlwzD942XAmSvMQNrOALMNQzcDxihGOAHb-N2yLNUPEU4bl_hwOccmudzgJZfNAFDEXt1YpdOq10DRcsD16wU2mgb=w915-h1220-k-no,452,APPLICATION,2026-09-15 23:52:49.806461+05:30,APPLICATION,2026-09-16 16:35:04.097386+05:30,f
ChIJKdw5TwDXQhgRgdf0NsgpxnQ,Starfish spot,Sights & landmarks,tourist_attraction,Unguja,Kaskazini A,-5.9343298,39.3734913,https://lh3.googleusercontent.com/gps-cs-s/AHRPTWlwzRulyv9niXfy0_CLgiG6lrCinynQjTkTLy9iMxIAp2iR8DbDgTMX6c9fXRNgDzmxeNZe8QuQPmxLkdNvhSy602jniz79FQ6t0P5OCb3-JSWGG1562MeNCD56ifSabYPnLeZnRrrftzY=w915-h1220-k-no,532,APPLICATION,2026-09-15 23:52:50.128494+05:30,APPLICATION,2026-09-16 16:35:26.022499+05:30,f
ChIJKRkxco3XQhgR2_jhpJVfklY,Mandela Game Tours & Safaris,Sights & landmarks,tourist_attraction,Unguja,Kaskazini A,-5.9447316,39.3648184,https://lh3.googleusercontent.com/gps-cs-s/AHRPTWl07xsvYszyWwY3hE6q-KoLTngb4Kd6B1UOI82Qcut0chw6ZQHdV1wRTceA6KJ1lnh_m72bqbHd50FoEjyY4n3dKe070R9TQkPPRp8O7goVUT99KlH81cU-xU70_WTUSTH3XsFkTeA5zDHh=w915-h1220-k-no,529,APPLICATION,2026-09-15 23:52:50.116795+05:30,APPLICATION,2026-09-16 16:36:00.33281+05:30,f
ChIJkyGE5qnbXBgRguBhT_Pg25I,Sky roads,Sights & landmarks,tourist_attraction,Unguja,Mjini,-6.2048499,39.2085981,https://lh3.googleusercontent.com/gps-cs-s/AHRPTWnOW88LBSLS1RsFIlduZyJzE9xoQNq_FHkbuz4ArEhT-SseOIUyNv6vg23HQHdkrR7YfSQ-Udm71tfyOkma2aBgmJYPpugTZwoBwn9NG6iYUIkZISMpgoYRZkE1zkFxgMBRgVtN=w915-h514-k-no,211,APPLICATION,2026-09-15 23:52:48.786884+05:30,APPLICATION,2026-09-16 16:36:27.604305+05:30,f
ChIJKyxrYrw9XRgRkEhM2FtPdeQ,Hiza tours & travel agency,Sights & landmarks,tourist_attraction,Unguja,Kusini,-6.2671415,39.5321537,https://lh3.googleusercontent.com/gps-cs-s/AHRPTWkY7qkC-3oAbhGgC0RN4suM8Wo8wpZsjtW36m_2DlT2jLXFPycj2F6pr4a9oWAeE1QYMbW8vN_tYG4rxXcB0bJXKFEES_Jj_8NK3Ic2GKgLp5_0edLZTKobqKhMexwsYT_CehfWbg=w915-h1220-k-no,814,APPLICATION,2026-09-15 23:52:51.25674+05:30,APPLICATION,2026-09-16 16:37:07.850289+05:30,f
ChIJkz7nZAAfQxgRIoJegr9yuyM,Nungwi Lighthouse,Sights & landmarks,tourist_attraction,Unguja,Kaskazini A,-5.7227731,39.3015829,https://lh3.googleusercontent.com/gps-cs-s/AHRPTWlCqGns-DZtremthV3AkfCCwo9FBNfvGF9UwTLnFyC_sQru_twp0KObJrFiRYaDa729BdVKLLNVYGpiyVpHfdmfQm3AixLmASkEPeb6T4_c6RxMD7G3DhIZ0rE8g43RGS4SYU7gf8gfJThh=w915-h515-k-no,707,APPLICATION,2026-09-15 23:52:50.838498+05:30,APPLICATION,2026-09-16 16:37:28.699583+05:30,f
ChIJL9OEUGsFXRgR2jZxm4TKGuM,bustani ya maajabu - garden of wonders,Sights & landmarks,non_profit_organization,Unguja,Kusini,-6.4587064000000005,39.4803963,https://lh3.googleusercontent.com/gps-cs-s/AHRPTWmQpFlOnlSTo8VOWyLsArLeB5S4voN6JHo5DE8PdGEymX-U_GaL0_2e3V9N9eUTf09TvnZpfP2WXIIxVJP2TJjoloohbP4Yk1jJSWgzpiqMqpmgRZ1L2ebWV3dd5CPOht2tUA03=w915-h367-k-no,44,APPLICATION,2026-09-15 23:52:48.070525+05:30,APPLICATION,2026-09-16 16:40:03.142997+05:30,f
ChIJLaPZlRYfQxgRoCPxWSn5Hgg,Shardana quad full adventures,Sights & landmarks,tourist_attraction,Unguja,Kaskazini A,-5.7450896,39.3002977,https://lh3.googleusercontent.com/gps-cs-s/AHRPTWmeGe_dPUp3TwtTgYzYixtmHKRXZAyPd6g2zmiPVuD8UxpDG4Dg4R1eN6jDgngfJmlL931vZlImkqn6UaWX1hRAzNV6c5rLLP6ENLOnlB9aUdt-ar5BB_rsNeQhYfVNhgvb1hD0YKIyH5Y=w915-h686-k-no,698,APPLICATION,2026-09-15 23:52:50.798149+05:30,APPLICATION,2026-09-16 16:40:11.28868+05:30,f
ChIJLet8FGAtQxgRR81Y_M71TDA,Mangapwani Slave Chamber,Sights & landmarks,historical_landmark,Unguja,Kaskazini B,-5.987016199999999,39.1856662,https://lh3.googleusercontent.com/gps-cs-s/AHRPTWkswjW-sWF5r4m-3Dd7uw27iq3Tdk_X9WTutrH3Fg0xk4z3BAO4PN3UctSqfC-7vnIZOgpSpoxAMY_v0ycS1INBBeZuv5q2mPjOe4de8DEWDrPKuUAnIDKmdqe1CxOawHx8t-Jy=w915-h686-k-no,495,APPLICATION,2026-09-15 23:52:49.969824+05:30,APPLICATION,2026-09-16 16:41:17.28042+05:30,f
ChIJL-NU5_DZQhgRgNHmilGtszw,Mateza Tours & Travel,Tour operators & agents,travel_agency,Unguja,Kaskazini A,-5.8747864,39.3506709,https://lh3.googleusercontent.com/gps-cs-s/AHRPTWmQccrr4g3vHdA20rUL3m6H861ILNva8BQr2DIRCr0p_Tp05zv5Kz2THL33pDYuhnnhgaYd0O8yM41gcd-GRKqFyEUYtQqNDXF1VKPYUCn_4d21fvGYgPIIrc8LVs9vKvTxOmk=w915-h604-k-no,572,APPLICATION,2026-09-15 23:52:50.282459+05:30,APPLICATION,2026-09-16 16:41:27.109637+05:30,f
ChIJl-NVq6HVQhgRkpXv0NFfGpo,Pallin's Pool,Sights & landmarks,tourist_attraction,Unguja,Kaskazini A,-5.981804899999999,39.3815074,https://lh3.googleusercontent.com/gps-cs-s/AHRPTWl1w1OdyezlCva-PXrStCXz3iXTXVblDWmcO81ySN05sV1M9xWPk9Fa75JT5qd0jSvvJSmYb9tsb64wGdBUUJlq6rbAKIghTchhqBWJ74C-Ly9lShJT54pEhDxma-OXQtlL-sh2=w915-h686-k-no,515,APPLICATION,2026-09-15 23:52:50.051991+05:30,APPLICATION,2026-09-16 16:41:35.859163+05:30,f
ChIJL_rHQUHVQhgRkzedSXqVrX0,Barrera coralina de Kiwengwa,Sights & landmarks,tourist_attraction,Unguja,Kaskazini A,-5.986255400000001,39.3919787,https://lh3.googleusercontent.com/gps-cs-s/AHRPTWl3n-zViF1qt7Nca5Huu-GtY1sXj_CsjKG6tC78S51HrjtQqhS6xZBvDnG3bg9pbuokFMq0isZeV9NrLrL8TMgaI_O0nYuYLMxf3xfvOdN3OVBih0tCKnPjApkW71LXrf4-iv9TgA=w915-h515-k-no,510,APPLICATION,2026-09-15 23:52:50.028528+05:30,APPLICATION,2026-09-16 16:42:29.424793+05:30,f
ChIJLWSkoxdpQhgRitHLwiLQAoc,Mkocha Beach,Sights & landmarks,tourist_attraction,Pemba,Chake Chake,-5.3248915,39.6546196,https://lh3.googleusercontent.com/gps-cs-s/AHRPTWmNNGvpaH6peQo_dobcGlSWjwzcL06kn8uorZwZE5MdMH8qUiPqXuBHeKQwxIM83qtnmL211uN_HhNnH0ztEMVPzC-RFgyAXh_4xCSc--FuGR1KhrXAl77fs-s31wfOYxj7C-Vu=w915-h1220-k-no,726,APPLICATION,2026-09-15 23:52:50.913818+05:30,APPLICATION,2026-09-16 16:43:01.696024+05:30,f
ChIJlXovatXRXBgRUx81b_IXUH4,Kuma eco guide stone town,Sights & landmarks,tourist_attraction,Unguja,Mjini,-6.1606155,39.1891489,,390,APPLICATION,2026-09-15 23:52:49.562153+05:30,APPLICATION,2026-09-16 16:43:12.677609+05:30,f
ChIJLXPfGMvbXBgR4r-yCt763lo,"Oldfort Limited - Safety Equipments & PPE Suppliers in Zanzibar , Tanzania & East Africa - EA",Sights & landmarks,manufacturer,Unguja,Mjini,-6.206224799999999,39.2174747,https://lh3.googleusercontent.com/gps-cs-s/AHRPTWlzT8W6baCBgFAnfUvc1k4PuYa8aeOtNI9U9MI5_d6HjqIXEXtt7XjVD7Yya2Q8Xgpvu3qwSOwkKRpraHuaKIGjwBjGSJg2zz9x3io7mZK3d0y4AiSRTE0L3bF5L94wH02LWbA=w915-h610-k-no,198,APPLICATION,2026-09-15 23:52:48.728266+05:30,APPLICATION,2026-09-16 16:43:21.608369+05:30,f
ChIJlYmcTU8eQxgR_NQhpm0vsLg,Dr Bulugu Gallery - Nungwi,Museums & galleries,art_gallery,Unguja,Kaskazini A,-5.727814,39.294467,https://lh3.googleusercontent.com/gps-cs-s/AHRPTWmgV4OBGNMdGX3tDe56wF5THt3RRR7hj73EasDXkH9k_9mlGFxFY6flRt77uEDy0ii0dHUaf1x8AGeKEt-6B7LNBGm4ArGGHlGIUQhhAbYjoxD7zKIAyuH2g9wRUXNLJUsmfwz1aw=w915-h686-k-no,659,APPLICATION,2026-09-15 23:52:50.635355+05:30,APPLICATION,2026-09-16 16:43:40.355015+05:30,f
ChIJLzAwwTXRXBgR0p9IuCzwpcA,CAGZ ARTS GALLERY,Museums & galleries,art_gallery,Unguja,Mjini,-6.1600157,39.1919053,https://lh3.googleusercontent.com/gps-cs-s/AHRPTWmLuBN_FMPo5SlhNfOsk0Q896UliFy1S5owLfc2hQ9zmunMU02leaSaskMILd9EKb4Y-8TEjA65RXaU54nBku3V7tRR-qjC6fBBhRPVdnrMvoKy2uAeMUo3pQXy3jjPecVKesgMetS-GeD9=w915-h514-k-no,294,APPLICATION,2026-09-15 23:52:49.156156+05:30,APPLICATION,2026-09-16 16:43:50.107939+05:30,f
ChIJm0LFCwAfQxgR29JbNQ0PtEE,Zanzibar Horse Riding Nungwi,Sights & landmarks,tourist_attraction,Unguja,Kaskazini A,-5.730932999999999,39.2919628,https://lh3.googleusercontent.com/gps-cs-s/AHRPTWnDrI9PaJyOuJREoNa0Ibws2bj_YpPtn_mSRyp_rsuTnpjLTMnJkfbKL2ok_WGDEsS3efFYjHrrbbIgpJcxBAae7uG5KIp95P8J_3HmgnbKU4BYh5QWNiIpiEMJTYaCVgUbBKWPkLaq7Yk2=w915-h1143-k-no,655,APPLICATION,2026-09-15 23:52:50.618036+05:30,APPLICATION,2026-09-16 16:44:49.960958+05:30,f
ChIJm3nM9YQfQxgRexNjh-TD8DQ,Rostand De Zanzibar Tours,Tour operators & agents,tour_agency,Unguja,Kaskazini A,-5.733686400000001,39.2950807,https://lh3.googleusercontent.com/gps-cs-s/AHRPTWlOn-iQcxMTwg-lch1i9yDeCcMKU_NQb7Gwhb_iQQEmeB9dD4814zTKhmeLwO0Kl-czOjLWJ59GJXMOtr3U-XcPqV3GV1XFSPllizEAHZJ-eQ48LSaccxBFS-DMSlKNIxU55Y0BfE8Ij44=w915-h1220-k-no,836,APPLICATION,2026-09-15 23:52:51.364376+05:30,APPLICATION,2026-09-16 16:47:58.713518+05:30,f
ChIJm7e_6TYWXRgRV8yUJNOqiEk,Kuza Cave,Sights & landmarks,tourist_attraction,Unguja,Kusini,-6.3034491,39.533965,https://lh3.googleusercontent.com/gps-cs-s/AHRPTWkwsl4cLL8TE3XsZA_NH8X3YxGudGFUON9hvm2gYFzavZVP9Tkp4im8RSslwo8VGhJysu4VQbIoJIt3CgUTv30yIofztKOd4xLc-m6KMBZjpMqztDPfmQDo60TF3eT3IQFFF8041A=w915-h686-k-no,104,APPLICATION,2026-09-15 23:52:48.317331+05:30,APPLICATION,2026-09-16 16:50:39.144306+05:30,f
ChIJma_SBQDVXBgRZvlGjWohaYs,Zan Culinary,Sights & landmarks,tourist_attraction,Unguja,Magharibi,-6.0752793,39.2517091,https://lh3.googleusercontent.com/gps-cs-s/AHRPTWkMkgqXkDWRVNN3Zf2AIQzEbsDhdv9qfcMNuTDxwc0gkSk7fghGw4EQ7eRb1ZqmqlYjSlbOKLnr04OZXHqBnFrpj-zfsHviQPdY-o9qg9LB14LQGaOAvktSU1H0XDux0VHsY2uKgqgxt8xP=w915-h1626-k-no,457,APPLICATION,2026-09-15 23:52:49.825412+05:30,APPLICATION,2026-09-16 16:51:02.843087+05:30,f
ChIJMatjjU_RXBgRoLmXRu3nQzg,SIRTECH SOLUTIONS,Places of worship,electronics_store,Unguja,Mjini,-6.1627832,39.1960088,https://lh3.googleusercontent.com/gps-cs-s/AHRPTWkojoCDk_l8qTkQt4MrXLnxLBGJg9zFiJJqZ9Tf0c0l9uHdDeto-8OSC3UTmCeWo2ui75z7IkBc4-IdC-VUFHB1LwY0DhNm5JmfZPGdvySQ1dbq1XVbVOo2vcmzz3cfTGeI40LH=w915-h1626-k-no,287,APPLICATION,2026-09-15 23:52:49.118626+05:30,APPLICATION,2026-09-16 16:51:26.394907+05:30,f
ChIJMd5Mw4shXRgReicH5O_RgHQ,"Nyemembe Sea Safari, Kikungwi, Mabale",Sights & landmarks,tourist_attraction,Unguja,Kusini,-6.2983953,39.346471,https://lh3.googleusercontent.com/gps-cs-s/AHRPTWnpTss5cfVlmZ4ns2iQXpfkLbat_Dg9pK6QqB0RkY4BiLACrmp03BPkdWLT8hLJ1FI9PaGnbpvQmZmN53sdfto_60872jcWT5qdBxM8FjSxauETP-QHtqxx7TjR0aAQ9jZ6h_Py=w915-h590-k-no,125,APPLICATION,2026-09-15 23:52:48.402336+05:30,APPLICATION,2026-09-16 16:53:07.442135+05:30,f
ChIJmeezcGMfQxgRf0cPF4JBJEM,Skydive Zanzibar,Activities & adventure,adventure_sports_center,Unguja,Kaskazini A,-5.7516962,39.2879517,https://lh3.googleusercontent.com/gps-cs-s/AHRPTWnBP0OctZg5awyyNRMCFRpUTrO4gkDp5rxSk_nSvJ2djkHR2RNaCse-CUxofMZNIW8jljXbkT5kwX5l2HOaXl5qGVxas3tZx0k-lHUG_VzmQgW338ENs23Nbf230fIWhKdis-ro=w915-h686-k-no,629,APPLICATION,2026-09-15 23:52:50.513471+05:30,APPLICATION,2026-09-16 16:55:41.472918+05:30,f
ChIJmRfOVlzQXBgRxUpp7wQpRC0,Old Portuguese Arch,Sights & landmarks,historical_landmark,Unguja,Mjini,-6.1653572,39.18848,https://lh3.googleusercontent.com/gps-cs-s/AHRPTWkQJLYd3mVZsgCzdB3Vw1LcbWBoxU_Vor5OaZHVJSg3Sm2TxTtE0-ScP6qVaZEKhZcD7O6exvepAOuGmxmbFHT7-Q9MMp2vBPr53-uoIBWMY1lTxTm87f6ASFz23BGoHwG8vRhz=w915-h1220-k-no,242,APPLICATION,2026-09-15 23:52:48.921167+05:30,APPLICATION,2026-09-16 16:56:43.711911+05:30,f
ChIJMZdFpzopXRgRwcfrYtOF6J8,JUMA ECO GUIDE STONE TOWN,Sights & landmarks,tourist_attraction,Unguja,Kati,-6.1359317,39.3632237,https://lh3.googleusercontent.com/gps-cs-s/AHRPTWkzChDCrCicSuZ6zsYUYvKJ9mgRgXTzpPQR9gYa7pHO76sC8F4cEOl2OB-XgAbL6gzZ1ehKd-8m_97or1x9ItYMN6I-AjWE2WDrl8D0TWubsWynpfqnrPQBGrjcv1IFBwmFmupAPP1i6IDF=w915-h1220-k-no,422,APPLICATION,2026-09-15 23:52:49.683479+05:30,APPLICATION,2026-09-16 16:57:27.718602+05:30,f
ChIJN4lAYjYVQhgRyq0BRl6Jk7k,Ndagoni Ruins,Sights & landmarks,historical_landmark,Pemba,Wete,-5.196275,39.662684,https://lh3.googleusercontent.com/gps-cs-s/AHRPTWn1tTYlXtzNSwScpUkepYJ3J-xe8u2lebQi6SHFpar3uxMG-_IYYFz_8DxNHCvBUoUzQwmGZqwNj9GjIKWquHij9Eivey9cQsUgD0DiAnXAMjFlHq4kKiKMk2PGTrZXqpLxcfwXwQ=w915-h412-k-no,751,APPLICATION,2026-09-15 23:52:51.006866+05:30,APPLICATION,2026-09-16 16:58:34.20398+05:30,f
ChIJN4nxYA4fQxgRs664cegzHHg,Royal beach,Sights & landmarks,tourist_attraction,Unguja,Kaskazini A,-5.7358083,39.2898941,https://lh3.googleusercontent.com/gps-cs-s/AHRPTWmGOAXhoDi_d7uqiL6wrYOe_AqDY5EcuDsEApKNa-_Buivk88qptAHWT68Dcxryk7w7uoWkwQ0TcfQRwcvbIwSc5u7ZDxhjRqUP2kMiBu_kkZeKguhTP9-itzP9y4_VuLbO4EINpxoaRhA=w915-h514-k-no,650,APPLICATION,2026-09-15 23:52:50.596586+05:30,APPLICATION,2026-09-16 16:59:08.609702+05:30,f
ChIJN5fcsefRXBgR1wmXv3MGvos,Botanic Garden Zanzibar,Nature & parks,garden,Unguja,Mjini,-6.1809838,39.2059148,https://lh3.googleusercontent.com/gps-cs-s/AHRPTWmx6vKgWTcpHD26UiyXfwCUwPYenEklsbJS1LWdktYLcEQEV6vdzboHtBpz_LvCM3xTlf53vd1rHH-JJRZ2aIelscscPIL_SAqOAfldXtHgwEASAo1ZjTTVX3RpuHgfe3Js51G3MQ=w915-h686-k-no,348,APPLICATION,2026-09-15 23:52:49.378177+05:30,APPLICATION,2026-09-16 16:59:38.040422+05:30,f
ChIJn5nrBQnZQhgROe9uKPANMjg,Mcha kolo tour,Sights & landmarks,tourist_attraction,Unguja,Kaskazini A,-5.8985492,39.3546597,https://lh3.googleusercontent.com/gps-cs-s/AHRPTWmzDrBdGSbTLuQUtXESGdFHwuAL_RfoSPY3VgVJuycKW0JtZ363n9u0ljshJ-zjLI7dSupHvy5f4JC0aYjZ4eUyct0EfB1rC-dExK0dBu80UAJ7X7T7OwWqUNeAuCSVwIFcrMrJml4MTIGd=w915-h915-k-no,542,APPLICATION,2026-09-15 23:52:50.169631+05:30,APPLICATION,2026-09-16 17:00:20.876917+05:30,f
ChIJNQCsYJrRXBgR3hRjFT8wQ3M,صالة كبار الزوار VIP,Beaches & coast,marina,Unguja,Mjini,-6.1573835,39.192653,https://lh3.googleusercontent.com/gps-cs-s/AHRPTWlh_GcjqUndKJKEWGjP5b5RZ1yyFWT1ms9BwUKYSZxedlw4aJ-pz6JrJ427MdELrhig8etYSKphnRUmz8fpvtpoAF-BN2_EH9LKvFBu1oBUXgBU51xk68CQ5M3i-9YlihHDlU960w=w915-h514-k-no,259,APPLICATION,2026-09-15 23:52:48.9875+05:30,APPLICATION,2026-09-16 17:01:51.768736+05:30,f
ChIJNTZoMgDRXBgR0uMqMXJRfuI,Nakupenda Beach,Sights & landmarks,tourist_attraction,Unguja,Mjini,-6.1859311,39.1601785,https://lh3.googleusercontent.com/gps-cs-s/AHRPTWlnf_x4P9ZB-F_6NTNqtNEelTLCWjOD2Ji3p6aATv806reUSrvIEFQmGIisjQ7hAW7tbnxduTg8vwn6rHRIEvKIST1FazSGSsvsi-v8h24ZrilYqZXI4RRLXJEzymVUwDqFWl5ugCgiMYY=w915-h686-k-no,224,APPLICATION,2026-09-15 23:52:48.846915+05:30,APPLICATION,2026-09-16 17:03:35.548534+05:30,f
ChIJn-vbNQD5QRgRCRgx1kZ5BbI,Pemba Paradise Beach,Sights & landmarks,tourist_attraction,Pemba,Micheweni,-4.9042154,39.8744649,https://lh3.googleusercontent.com/gps-cs-s/AHRPTWl5GTHYABYQTfOG1aGTLJ12rFILVzyVs7gxnB4or3YScmYs0d88pPHi-J8ICbn5RdNXTxcYW9eYU3LOl3b5PwBIegT6aK6SfnGb62KmOXtueb5Nukub-K3xRHEQLg6khsd5xlRZdA=w915-h516-k-no,794,APPLICATION,2026-09-15 23:52:51.179109+05:30,APPLICATION,2026-09-16 17:03:55.860303+05:30,f
ChIJn_WDwf_RXBgRoulzpTLbsM8,Zanzibar Talents Studio,Museums & galleries,art_gallery,Unguja,Mjini,-6.1612116,39.1916689,https://lh3.googleusercontent.com/gps-cs-s/AHRPTWmPYi1yoXzrqjtInZtOb_7MjbZq9h-PMVzEsApEP1d52as-96pypPHAXF5Im4XnoNsFmYlAfrD0IExjwyC2uw2aE-_vUlheiwXOzp65SmWs2zlyGV4IIWYRXUNPcim-G0E8ecs=w915-h1220-k-no,304,APPLICATION,2026-09-15 23:52:49.197026+05:30,APPLICATION,2026-09-16 17:04:39.78847+05:30,f
ChIJn-wOp9IhQxgREjyQPT253CA,Fukuchani Ruins & Cave,Sights & landmarks,tourist_attraction,Unguja,Kaskazini A,-5.8293943,39.2918797,https://lh3.googleusercontent.com/gps-cs-s/AHRPTWmxoHsYyP6Eqr4e90rsrkf2I48nI5ORkm6D5NbmtwCBLfIvjOXvh6a0vKn84UMdzOsTAIk5NdpvFfMoqZMlfB8JvXu91eZFTrdKdaDaiAFTGJMZgFQsHFTJWB5eo_bvJ13oBU_p=w915-h686-k-no,596,APPLICATION,2026-09-15 23:52:50.371092+05:30,APPLICATION,2026-09-16 17:05:24.780434+05:30,f
ChIJnyouMEoiXRgRWmwebAOPFSI,JORIEFA Park,Wildlife,zoo,Unguja,Kusini,-6.2696344,39.4263857,https://lh3.googleusercontent.com/gps-cs-s/AHRPTWmCCQOcAXwTgFubdlq0erOc3jwEM8s3uA68c92WOdxq5OdHWMNN4Zyz1Dpay-wI5IFoNBEggi72_scNQSa8wp_9Rntm1mLwlt4r7AET6BAmkBu1qLgP7cENp6vQKNt6dFF282C1_A=w915-h1220-k-no,143,APPLICATION,2026-09-15 23:52:48.49052+05:30,APPLICATION,2026-09-16 17:06:48.335326+05:30,f
ChIJO26LH8gPXRgREtM8cpSIpYo,Mtende rock,Sights & landmarks,tourist_attraction,Unguja,Kusini,-6.4607812,39.5403931,https://lh3.googleusercontent.com/gps-cs-s/AHRPTWlROkJpkVUr_ZuANW1CmWDQlzBJnWgvvmKyOVZCmhiJ02YheCCOiDxU2U6AVe_2_AXbrtyYoS55KmkmU8RGHdeRFrNxXSY2nEXi1xPTawspvQXVzdWGgFw98iGME7bXhq_-ESx6fw=w915-h812-k-no,28,APPLICATION,2026-09-15 23:52:48.007242+05:30,APPLICATION,2026-09-16 17:08:00.452832+05:30,f
