PR0daqBtaBT7,RSnd20A5Co0d,2025-12-16 18:24:53+05:30,,,5.00,,f,,partner,Howard,gb,,,,1,APPLICATION,2026-09-08 10:47:55.940369+05:30,,,f
PR0daqBtaBT7,RSNUuHWwdNjX,2025-11-05 03:49:28+05:30,,,1.00,,f,,,,,,,,2,APPLICATION,2026-09-08 10:48:03.681741+05:30,,,f
PR0iMwj9mmvd,RSVcm0OCaIdq,2026-07-16 18:34:50+05:30,"Very knowledgeable and professional guide! I was late and he was easy going about it. Easy walk around town. Not a huge fan of the market (really smelly), so could have done a flyby there.",en-gb,5.00,,t,viator,,Tavinder_H,"","Thank you for your kind review! It was a pleasure showing you around. I appreciate your feedback about the market—I’ll keep that in mind for future tours. Wishing you all the best, and I hope to see you again someday",en,2026-07-31 14:34:11+05:30,3,APPLICATION,2026-09-08 10:48:03.686671+05:30,,,f
PR0iMwj9mmvd,RSIPib00z3VA,2026-02-09 07:38:35+05:30,What a fabulous walking tour of Stone Town. My guide Ahmad had so much knowledge and stories to share. You simply must take the guided tour to enjoy the full experience and uncover the secrets of Stone Town's past.,en-gb,5.00,,t,viator,,Richard_E,"","Thank you for your wonderful words! 🌟

We’re so glad you enjoyed your Stone Town tour and Ahmad’s stories. He’ll be delighted to hear this. Hope to see you again soon",en,2026-02-20 08:32:58+05:30,4,APPLICATION,2026-09-08 10:48:08.116092+05:30,,,f
PR0iMwj9mmvd,RSqtxKYZubIj,2026-02-05 11:44:13+05:30,"We booked the tour last minute however this was not a problem.
Having booked the tour and established where our ships shuttle bus was dropping us off, I messaged our guide.
Ahmad was really quick to respond and happily changed our meeting point to fit in with our shuttle bus drop off point.  It all literally happened within a few minutes.
Ahmad was at our arranged meeting point today,and took us on a great walking tour of Stonetown.  He was incredibly informative and his English was good.  He not only gave us the history of Zanzibar but filled in the gaps in our knowledge of Tanzania.
We spent 3 very hot but really interesting hours winding in and out of the historic town, pausing for photos and generally having a great time.
We would thoroughly recommend Ahmad if youre looking for an informative walking tour of Stonetown.",en-gb,5.00,,t,viator,,Sandra_S,"","Thank you very much for your kind review. It was a pleasure showing you around Stone Town, and I’m really glad you enjoyed the walking tour and learning about the history of Zanzibar and Tanzania.

I truly appreciate your recommendation and wish you all the best in your travels. You’re always welcome back to Zanzibar! 😊",en,2026-02-05 22:53:47+05:30,5,APPLICATION,2026-09-08 10:48:08.121567+05:30,,,f
PR0iMwj9mmvd,RSCiDpIqF5vk,2025-09-05 15:49:38+05:30,We had a really great city tour with Ahmed who’s knowledge of Stone Town really brought the place to life and helped us to understand the buildings and architecture alongside the history. Can thoroughly recommend ,en-gb,5.00,,t,viator,,Ian_D,"","Thank you so much for your wonderful feedback! We’re delighted to hear that Ahmed’s knowledge and guidance made your Stone Town tour enjoyable and insightful. Your recommendation means a lot to us, and we hope to welcome you on another tour in the future.",en,2025-09-08 12:47:40+05:30,6,APPLICATION,2026-09-08 10:48:08.125995+05:30,,,f
PR0iMwj9mmvd,RSoxp80oBPhy,2025-01-28 06:21:32+05:30,"Booked a walking tour of Stone Town with Ahmed and we both really enjoyed the tour. He paced it according to our interests and gave us a lot of information on the rich history, culture and the current struggles Zanzibarians are facing. We finished off and said goodbye at the Freddy Mercury Museum which we viewed independently.
We originally booked the 1 pm tour but changed it to the 9 am, it was already very hot so we highly recommend the morning if you are there during their hot summer season.",en-gb,5.00,,t,viator,,KerryBrown,"","Thank you so much for joining the Stone Town walking tour and for your thoughtful feedback!
I’m really glad to hear you both enjoyed the experience and found the historical and cultural insights meaningful. Adjusting the pace to your interests is always a priority — it’s your journey, and I’m here to make it enriching and comfortable. Great call on switching to the morning slot — the heat can be intense! Wishing you all the best in your travels, and you’re always welcome back to Zanzibar!

Ahmad😊",en,2025-07-18 10:26:01+05:30,7,APPLICATION,2026-09-08 10:48:08.12977+05:30,,,f
PR0y3jiKVR3C,RSJI04E5xA93,2025-11-23 19:19:00+05:30,Congratulations for this beautiful visit very rewarding and full of anecdotes. George is a passionate and attentive guide. He was on time and advised us for memories. He waited for us during our shopping and photo breaks.,en-gb,5.00,,t,viator,,Zoya_R,"","Merci beaucoup pour Les commetaires et accepté mes services.
Bienvenue encore et toujours je vous accuille.",fr,2025-11-24 19:26:38+05:30,8,APPLICATION,2026-09-08 10:48:08.133416+05:30,,,f
PR16s2BqopQB,RSMWuSk0E94p,2026-09-05 20:15:28+05:30,"2 monuments compris dans la visite n''ont pas pu être visités, car en travaux et donc fermés au publique de longue date.",fr,4.00,,t,,partner,,,,,,9,APPLICATION,2026-09-08 10:48:19.345643+05:30,,,f
PR16s2BqopQB,RScnsyc36Zn5,2026-08-27 10:48:09+05:30,The guide was excellent amazing amount of knowledge of Zanzibar and its history the boat trip to prison island was great and the tortoise stole the show all in all lots was a exceptional day out,en-gb,5.00,,t,,partner,,,,,,10,APPLICATION,2026-09-08 10:48:23.875746+05:30,,,f
PR16s2BqopQB,RSWKxjLZ2jpe,2025-02-28 15:55:06+05:30,,,4.00,,f,,partner,Piero,ch,,,,11,APPLICATION,2026-09-08 10:48:23.881026+05:30,,,f
PR16XsHQoOnU,RSneludJP0l5,2026-03-19 22:12:21+05:30,Great tour! Covers most of Zanzibar. Plan on spending the entire day. A quality experience for all ages.,en-gb,5.00,,t,viator,,Ben_R,"",Thank you,en,2026-03-22 04:52:02+05:30,12,APPLICATION,2026-09-08 10:48:23.886794+05:30,,,f
PR16XsHQoOnU,RSXghqHiHHI0,2025-09-11 18:14:58+05:30,Timely scheduled and listed program covered. Tour guide flexible and willing to please client. Strongly recommend.,en-gb,5.00,,t,viator,,Rafael_P,"",Thank you so much my friend ❤️,en,2025-09-12 20:00:51+05:30,13,APPLICATION,2026-09-08 10:48:25.80551+05:30,,,f
PR16XsHQoOnU,RSXCFlKFO5ff,2025-08-16 05:21:10+05:30,"The dolphin watching was disappointing.  There were no life jackets and the guide in the boat was not very communicative. There were so many boats, and each time the dolphins surfaced, they all took off after them, which ruined the experience. 
We enjoyed seeing the colobus and blue monkeys and the guide from Jozanzi was excellent. 
We were not impressed with Koza cave and felt throughout the tour our driver was not that clear about what would happen at each place and did not engage with us.
We chose to not go to The Rock as we were already over the long distances of driving.",en-gb,3.00,,t,viator,,Debbie_C,"",Thank you 🙏,en,2025-08-20 11:36:02+05:30,14,APPLICATION,2026-09-08 10:48:25.832563+05:30,,,f
PR16XsHQoOnU,RSOGObEc0lYW,2025-03-01 09:01:26+05:30,"This trip was a great experience. It was great to snorkel with so many different types of fish and see some star fish. Jozani was great and fascinating to see indigenous species; the monkeys were so cute! The cave offered a refreshing dip, followed by a sun soaked one on the beautiful Paje beach. The Rock is well worth a photo pit stop. It was very well organised and my driver couldn''t do enough to make sure I was happy and comfortable. A very highly recommended excursion!",en-gb,5.00,,t,viator,,Emma_T,"",Thank you so much ,en,2025-03-02 16:16:13+05:30,15,APPLICATION,2026-09-08 10:48:25.83751+05:30,,,f
PR18V01LbmIX,RSVOSGCFcu7E,2024-08-25 12:46:27+05:30,Excellente journée avec un guide très sympathique Yaakoub que je salue.,fr,4.00,,t,,partner,ANIS,dz,,,,16,APPLICATION,2026-09-08 10:48:25.841983+05:30,,,f
PRlqORdWYOIw,RSRMAFy6J8Ic,2024-09-10 14:47:16+05:30,,,5.00,,f,,,,,,,,1259,APPLICATION,2026-09-08 10:59:55.568062+05:30,,,f
PR18V01LbmIX,RSBhL5D9NV3X,2024-05-13 16:15:58+05:30,"Nous avons réservé cette excursion, et sommes partis en bateau avec deux guides.
Au début tout se passait bien, jusqu’à ce qu’on arrive au repas, où en fait le site vend le lunch, mais ne le paie pas au guide. Du coup celui ci avait un maigre budget pour nous faire manger, essayant de trouver un restaurant pas trop cher et tentant de négocier. Comprenant la chose, cela nous a vite agacé ! Nous passions de restau en restau pour tenter de manger convenablement et tentant de regarder les prix pour rentrer dans le budget ! Du jamais vu ! Un simple repas local sur le bateau nous aurait fait plaisir… Nous avons tenté d’appeler le site, qui ne souhaitait pas élargir le budget pour que l’on mange autre chose qu’une entrée !!! UNE HONTE ! 

PASSEZ VOTRE TOUR C’EST DE L’ARNAQUE !
EXCURSION TRÈS CHER POUR CE QU’ON FAIT !

Malgré ça le guide était très gentil et tentait de gérer la situation comme il le pouvait.",fr,2.00,,t,viator,,Lonie_B,"",,,,17,APPLICATION,2026-09-08 10:48:27.507625+05:30,,,f
PR18V01LbmIX,RSIApRwXzkiN,2024-05-19 18:09:38+05:30,,,5.00,,f,,partner,Karla,be,,,,18,APPLICATION,2026-09-08 10:48:27.513214+05:30,,,f
PR1deHAyNgjK,RSidYxt7VvU0,2025-10-10 07:36:16+05:30,"On time, safe, knowledgeable and very very nice. Our driver met us precisely on time and was parked very nearby for a seamless transfer.",en-gb,5.00,,t,viator,,Robert_W,"",,,,19,APPLICATION,2026-09-08 10:48:27.518196+05:30,,,f
PR1JzsjZ7klE,RSRnzuYL4TfI,2026-09-05 00:51:07+05:30,The prison Island boat ride should have had life jackets. The tour guides were very disorganized and unprofessional. We did not enjoy the stone town because we had been delayed going to prison Island. The spice farm was fantastic. The tour guide at the farm was very knowledgeable and entertaining.,en-us,3.00,,t,,"friends,partner",Ololade,ca,,,,20,APPLICATION,2026-09-08 10:48:37.106174+05:30,,,f
PR1JzsjZ7klE,RSYarDLxFJRV,2026-08-27 15:42:24+05:30,"A very immersive tour, through the history, culture, and local economy. At Jambo spice farm we are welcomed with hospitality and generosity; we are guided through the many cultures of local fruits and spices that end, as always, in spice and perfume stalls that the tourist hardly resists without taking something. Lunch is served generously and the flavors of the fruits are delicious. 

Next we go to Prison Island and we have the curiosities of the history, we have the unforgettable experience of interacting with giant turtles, some of them over 100 years old (I was having parties with one that was 158 years old!). The entry to the island is somewhat disorganized and some time was lost in bureaucracy, but everything is forgotten when we take pictures in idyllic settings and interact with almost mythical animals. 

The tour ends with a tour of Stone Town. Once again history makes its presence known, and we are also marked by the brutality of history and the impact of slavery on the Slave Market. It is always worth being confronted with the mistakes of the past so that we don''t repeat them!",en-gb,5.00,,t,viator,,Natanael_B,"",,,,21,APPLICATION,2026-09-08 10:48:38.666531+05:30,,,f
PR1JzsjZ7klE,RSW6qfE46hvV,2026-08-26 16:12:38+05:30,"The tour description specified private pick up and transfer but did not specifically say if the tour was individual or group. When we found out that the tour was not individual we were surprised and this caused us some troubles. 
The guides in all places were very friendly and helpful. I think it is just needs to be better specified about group trout to set expectations right and manage better the group. If someone wants to do some shopping etc the rest should not wait for 15-20 minutes until they’re done. That was annoying. I would expect the tour guide to manage such moment better ",en-gb,3.00,,t,viator,,Olga_P,"","Dear Valued Guest,

Thank you for your feedback! We are glad to hear that our guides were friendly and helpful throughout your journey.

We regret that the experience did not meet your expectations. Kindly note that this option is booked as a shared group tour, even though it includes private pickups and transfers for convenience. On a shared tour, the itinerary and timing are shared among all guests in the group.

Thank you for joining us, and we wish you all the best on your future travels!

Warm regards
The Team at Beach & Safari Holidays",en,2026-08-28 15:41:28+05:30,22,APPLICATION,2026-09-08 10:48:38.679133+05:30,,,f
PR1JzsjZ7klE,RSZNLwVMfbzM,2026-08-01 16:59:46+05:30,"Well organized. On time. Nice lunch. Good guides, well time management. Nice locations seen and flexibility where to go to",en-gb,5.00,,t,viator,,Dennis_S,"","Dear Valued Guest,

Thank you for such wonderful feedback! We are so pleased to hear that your tour ran smoothly from start to finish.

Timely organization, great food, and knowledgeable guides make all the difference, and our team always aims to give you the flexibility to enjoy each location at your own pace. We truly appreciate you sharing your experience with us and hope to welcome you on another journey in the future!

Warm regards,
The Team at Beach & Safari Holidays",en,2026-08-04 15:15:07+05:30,23,APPLICATION,2026-09-08 10:48:38.689979+05:30,,,f
PR1JzsjZ7klE,RSXwkSbqcLs8,2026-07-11 16:00:14+05:30,"Good day. The spice tour was really enjoyable. It was amazing to learn about, smell, and taste so many wonderful spices and fruits strait from their source. It was powerful to learn about and experience the history of Prison Island and the kids loved the tortoises. Stone Town was beautiful and our tour guide Hassan was amazing. ",en-gb,4.00,,t,viator,,Robert_M,"","Dear Valued Guest,

We are absolutely delighted to read about your enjoyable experience on tour. It is wonderful to hear that exploring the spice farm and tasting fresh fruits straight from the source was such an amazing highlight for you.

We are also glad that the historic visit to Prison Island resonated deeply and that the giant tortoises were a big hit with the children. Hassan is an exceptional guide, and it is fantastic to know that his leadership made your time walking through beautiful Stone Town so memorable.

We feel incredibly privileged to have hosted your family for this day of discovery, and we send our warmest wishes to you all for your future travels!

Kindest regards
The Team at Beach & Safari Holidays",en,2026-07-13 12:24:01+05:30,24,APPLICATION,2026-09-08 10:48:38.705661+05:30,,,f
PR1JzsjZ7klE,RSebHXIyyEHT,2026-05-08 11:56:13+05:30,"The Spice farm tour was excellent.  Usman the farm guide was a wealth of knowledge with a great sense of humour.  We learnt alot.  We were then transferred back to town for the prison Island and Stone town tour.  Essentially the young guide Hassan was personable enough but basically just escorted us,  he did not really give us much information. he spent a lot of time on his phone. As Australians, tipping is something we don''t do much of and we found that we had to tip Usman, Usman''s assistant, Hassan, and also the driver which makes the trip cost add up. ",en-gb,4.00,,t,viator,,Tracey_M,"","Dear Valued Guest,

Thank you for taking the time to share your feedback. We are delighted to hear that you enjoyed the Spice Farm tour and that Usman made the experience both informative and enjoyable with his knowledge and sense of humour. 

We also appreciate your constructive comments regarding the Stone Town and Prison Island portion of the tour, as well as your observations regarding tipping expectations. Your feedback has been shared with our team for review as we continuously work to improve the overall guest experience.

Kind regards,
The Team at Beach & Safari Holidays",en,2026-05-23 12:07:57+05:30,25,APPLICATION,2026-09-08 10:48:38.714495+05:30,,,f
PR1x3HbSNXBd,RS9tg3DYsHPj,2025-08-25 07:43:47+05:30,Fabulous way to end our stay in Zanzibar! The team were amazing throughout and enjoyed drinks and snacks as the sun set - stunning!,en-gb,5.00,,t,viator,,Carla_S,"",,,,37,APPLICATION,2026-09-08 10:48:55.386588+05:30,,,f
PR1JzsjZ7klE,RSaD64WHC242,2026-04-29 20:28:10+05:30,"We had an incredible experience exploring Stone Town, visiting Jambo Spice Farm, and taking a trip out to Prison Island.
Our main guide was extremely helpful and knowledgeable, bringing the history of Stone Town and Prison Island to life in a really engaging and insightful way. It made the whole experience much more meaningful.
At the spice farm, the guide was absolutely amazing, his depth of knowledge about both traditional and commercial production of fruits and spices in the region was impressive. It was fascinating to see, smell, and taste everything firsthand.
This tour is a must-do for anyone visiting Zanzibar. Highly recommended!
Ps, be ready to tip and have waterproof covers for your phone and wallet if the weather changes. ",en-gb,5.00,,t,viator,,James_M,"","Dear Valued Guest,

Thank you very much for your wonderful review. We are delighted to hear that you had such an incredible experience exploring Stone Town, Jambo Spice Farm, and Prison Island.

It is especially rewarding to know that our guides helped bring the history, culture, and spice experience to life through their knowledge and passion. We will be sure to share your kind words with the team.

We truly appreciate your recommendation and are pleased that the tour made your visit to Zanzibar even more memorable. We hope to welcome you again for another fantastic experience in the future.

Kind regards,
The Team at Beach & Safari Holidays",en,2026-05-23 11:52:38+05:30,26,APPLICATION,2026-09-08 10:48:38.723353+05:30,,,f
PR1JzsjZ7klE,RSS0F9GbPZwE,2026-04-23 08:01:17+05:30,"The tour was very well organized and had no problems. Everything went smoothly.
I would like to especially mention the guides. They are fully involved in their work and make you interested in what they are talking about. They are friendly and polite. Most importantly, they know their subject very well and are happy to share their knowledge.
Unfortunately, I don’t remember the name of the guide at the Spice Farm, but I am very grateful to him for his time and effort.
Mohammed was our second guide. He showed us the island and the city. He is very professional and did a great job. I am very happy we were lucky to meet such a wonderful person.",en-gb,5.00,,t,viator,,Ekaterina_F,"","Dear Valued Guest,

Thank you very much for your wonderful review. We are delighted to hear that your Stone Town, Spice Tour, and Prison Island experience was well organised and enjoyable from start to finish.

It is especially rewarding to know that our guides helped make your experience so memorable through their knowledge, professionalism, and passion. We will be sure to share your kind words with Mohammed and the rest of the team.

We truly appreciate your feedback and hope to welcome you again for another wonderful experience in Zanzibar.

Kind regards,
The Team at Beach & Safari Holidays",en,2026-05-23 11:48:52+05:30,27,APPLICATION,2026-09-08 10:48:38.732703+05:30,,,f
PR1JzsjZ7klE,RSJtRZbsncJs,2026-03-06 11:00:44+05:30,"If you are looking for a reliable and an excellent service/guide provider for touring places of interest in Zanzibar/Tanzania, you should book through Viator. ",en-gb,5.00,,t,viator,,Ashwin_G,"","Dear Valued Guest,

Thank you for sharing your experience! We’re glad to hear you found our services and guides reliable and excellent. It’s wonderful to know you enjoyed exploring Zanzibar and Tanzania with us. We appreciate your recommendation and we hope to welcome you again for more unforgettable experiences!

Warm Regards
The Team at Beach & Safari Holidays",en,2026-03-07 07:35:25+05:30,28,APPLICATION,2026-09-08 10:48:38.743354+05:30,,,f
PR1JzsjZ7klE,RSfahUXVysbL,2026-01-24 20:44:57+05:30,This was an excellent experience! All the guides were so knowledgable and kind and gave us a great experience!,en-gb,5.00,,t,viator,,Tryphena_W,"","Dear Valued Guest,

Thank you for sharing your wonderful experience! We’re thrilled that our guides made your experience so enjoyable and memorable. Your kind words mean a lot to us. We hope to welcome you again for another extraordinary experience in the future.

Warm Regards
The Team at Beach & Safari Holidays",en,2026-01-26 08:50:47+05:30,29,APPLICATION,2026-09-08 10:48:38.753343+05:30,,,f
PR1JzsjZ7klE,RSaIR27Z8Yn3,2025-08-19 09:46:08+05:30,"The tour is split into 3 segments with different guides and drivers so be prepared to tip multiple people if that is your custom.  We really enjoyed all the experiences as each guide was very knowledgeable and personable.  The Spice tour included a lunch of local food sources and was quite tasty.  The history of slavery in Africa, and especially in Zanzibar, is heartbreaking.  Fortunately, Solidarity and Acceptance of differences both racially and spiritually is now the norm, and other countries should learn from this ",en-gb,5.00,,t,viator,,Thomas_K,"","Dear Valued Guest,

Thank you for sharing your experience! We’re delighted to hear that you enjoyed the Spice Tour, Stone Town, and Prison Island, and that our guides added value with their knowledge and friendliness. We also appreciate your thoughtful reflections on history and cultural understanding.

We hope to welcome you again for another experience. 

Warm regards,
The Team at Beach & Safari Holidays",en,2025-09-02 17:56:24+05:30,30,APPLICATION,2026-09-08 10:48:38.763033+05:30,,,f
PR1JzsjZ7klE,RSZAGe4qO9Dz,2026-08-27 14:15:33+05:30,,,4.00,,f,,,,,,,,31,APPLICATION,2026-09-08 10:48:38.781458+05:30,,,f
PR1LIWQBhomL,RSL6TsOku3g4,2026-08-06 11:06:53+05:30,"The tour itself was fantastic and well worth doing! However, I am giving 4 stars instead of 5 due to an issue prior to departure. A few days before the tour, someone from the company messaged me asking to cancel the official booking and pay them directly instead. Doing this would mean losing all booking protection and refund rights if something went wrong, so please be cautious if asked to do this.

As a quick tip for the tour guide: we stopped at a local market to buy fruit to eat on the boat but since I didn''t have an appetite at the time, it went completely untouched. It would be great if leftovers could be packed up so tourist can enjoy them later in the day! Overall, a wonderful tour experience but stick to official booking channels for safety.",en-gb,4.00,,t,viator,,YJ_K,"","Thank you very much for your honest review and for your kind words about the tour. We’re delighted that you enjoyed the experience and the different places we visited. 🌴🙏

Regarding the payment, we completely understand your concern. At the time of your booking, we were changing our company bank details, and our only concern was that a payment could be delayed or sent to the previous account. That is why we requested the cancellation and direct payment. We sincerely apologize for the confusion this caused.

We have now completed the bank-detail change, and our payment process is fully updated, safe and secure. We want all future guests to feel completely confident and comfortable when booking with Abdulzanziguide.

Thank you also for the suggestion about the fruit. The market stop is intentionally included because we want our guests to experience authentic local life in Zanzibar — seeing how people shop, meeting locals and choosing fresh tropical fruits for the boat. 😊

We will certainly take your suggestion on board and make sure that any untouched fruit can be packed for guests to enjoy later, rather than going to waste.

Thank you again for your trust, your feedback and for choosing to discover Zanzibar with us. We hope to welcome you or your friends back one day! 🌺

Warm regards,
Abdul",en,2026-08-25 14:11:28+05:30,32,APPLICATION,2026-09-08 10:48:38.798434+05:30,,,f
PR1upc9LmOZl,RSjhfaDp0Q1S,2025-08-22 19:01:34+05:30,"The excursion was really great, I have or make the 6 main beaches of the island. I really recommend for those who want to visit them, each beach has its charm and the guide is really listening.",en-gb,5.00,,t,viator,,Doriane_D,"",Thank you for your support,en,2025-09-05 10:14:41+05:30,33,APPLICATION,2026-09-08 10:48:40.208091+05:30,,,f
PR1x2DBFABdu,RSNrjhpGmZb2,2026-04-09 14:48:59+05:30,BUENOS DIAS. CONTRATAMOS EL SERVICIO DE RECOGIDA EN EL AEROPUERTO AL HOTEL Y TODO FUE MUY BIEN. LELGAMOS Y ESTABA ESPERANDONOS. LUEGO NOS ASESORO SOBRE ACTIVIDADES QUE PODIAMOS HACER. TODO SIN NINGUN TIPO DE PROBLEMA,es,5.00,,t,,family,FABIOLA,es,,,,34,APPLICATION,2026-09-08 10:48:49.092797+05:30,,,f
PR1x2DBFABdu,RSgSqU6u4Nry,2026-01-17 17:06:00+05:30,"A transferência entre os hotéis foi tranquila. Além do.motirisra, um guia tambem.nos acompanhou como intérprete. Pontualidade e conforto.",pt-pt,5.00,,t,,,Brollo,"",,,,35,APPLICATION,2026-09-08 10:48:53.15592+05:30,,,f
PR1x3HbSNXBd,RSlTN5KAj40o,2025-10-21 07:47:13+05:30,"You have to get into the boat from a ladder that goes in 1-2 ft of water
Do not wear pants they will get wet
Watch your head that you don’t hit it on the sail.
The ride stared at 5 we were back at 6:30
The 3 person crew did not talk to us or explain anything.the top of the boat was dirty and had  several empty plastic bottles left there .
Being on the water was nice but the atmosphere and where we sailed was disappointing-
Crew not helpful getting on or off boat.",en-gb,1.00,,t,viator,,tracey_k,"",,,,36,APPLICATION,2026-09-08 10:48:53.16276+05:30,,,f
PR1x3HbSNXBd,RStZ9XD7kQNq,2025-07-21 17:20:00+05:30,"Prompt pickup from our hotel, enjoyed having this as a private tour so we could sit back and enjoy the sunset.  Enjoyed the commentary from our guide about the different things we were seeing as we sailed.",en-gb,4.00,,t,viator,,Diane_O,"",,,,38,APPLICATION,2026-09-08 10:48:55.392355+05:30,,,f
PR21fqMckSvP,RSfLTduTx9Qo,2025-12-31 17:12:50+05:30,"The guide, Seif, was friendly and professional guy. He walked me through the traditional Zanzibari relationship with the rainforest, which was very interesting. He knows where the Red Colobus Monkeys are, it’s guaranteed!",en-gb,5.00,,t,viator,,Rei_O,"","Thanks for super review  I really appreciate it, God bless you for everything .",en,2026-01-01 08:41:10+05:30,39,APPLICATION,2026-09-08 10:48:55.397836+05:30,,,f
PR21fqMckSvP,RSnd4FKDS4JA,2025-12-24 16:20:32+05:30,Excellent tour.  We saw the monkeys up close right away while they were relocating for their afternoon nap.  Then we went on a walk through the forest and mangroves.  My guide was very knowledgeable about the local flora and fauna.,en-gb,5.00,,t,viator,,Kirsten_B,"","Thank you for great review, God bless you very much. ",en,2025-12-25 15:53:49+05:30,40,APPLICATION,2026-09-08 10:48:57.608301+05:30,,,f
PR21fqMckSvP,RSUBmKmUKiV4,2025-05-19 15:42:23+05:30,The guide was prepared on botany and fauna in both English and Italian and very patient. He took us to see several monkeys and the mangrove forest.,en-gb,5.00,,t,viator,,Marco_S,"","Grazie per ottima commento,
Zanzibar hakuna matata.
",it,2025-05-20 17:12:20+05:30,41,APPLICATION,2026-09-08 10:48:57.613431+05:30,,,f
PR21fqMckSvP,RSKCvaIO40UK,2024-10-14 15:49:33+05:30,"Après une heure de route depuis Stone Town, plongée dans la forêt pour voir des singes et une nature luxuriante avec un guide attentif à ma sécurité et plein de connaissances. A recommander",fr,5.00,,t,viator,,JeanBernard_M,"","Thank you for a wonderful, we hope that,we will get other customers, inshallah ",en,2024-10-15 13:33:29+05:30,42,APPLICATION,2026-09-08 10:48:57.61891+05:30,,,f
PR21fqMckSvP,RSkujAUCb5y9,2024-05-20 18:23:12+05:30,"Seif was a wonderful guide. I asked to see red colombus monkeys and he showed me so many. He has great eyes and could spot them much better than I could. He also made sure I got lots of pictures, many of them with the monkeys. He also knows about many other tours and we went to a spice farm. I saw so many spices growing that I lost track. Then he drove out of the way to take me back to my hotel. You will have a great time with Seif.",en-gb,5.00,,t,viator,,DANA_M,"","Thank you for a super review,we hope that,we will other customer any day.
God bless you very much 🤲",en,2024-05-21 12:01:55+05:30,43,APPLICATION,2026-09-08 10:48:57.623972+05:30,,,f
PR21fqMckSvP,RSsfjktLuFPb,2024-04-09 19:21:13+05:30,"The driver was 20 minutes late which was very worrying and meant that, rather than being amongst the first to arrive at the forest, we were beaten there by a large number of tour buses. The tour itself lived up to expectations, with plenty of monkeys despite the torrential rain.",en-gb,4.00,,t,viator,,Andrew_D,"","Firstly,This is not our fault because you arrived so early at the meeting point,and we did not arrange this time of there.
Secondly,you knew the buses where the buses were from, and did you include with them?when you were of there.
Finally, thank you for your review.",en,2024-04-13 15:05:45+05:30,44,APPLICATION,2026-09-08 10:48:57.628447+05:30,,,f
PR21fqMckSvP,RS9VUuXcKzk9,2024-02-05 10:13:43+05:30,"The tour starts with a van ride for about an hour to the forest. Upon arrival, there were lots of blue monkeys to view (and steal any food if you happened to be eating). Then we headed off for a forest trek to find the red Columbus monkeys. After about an hour, we found a troop. We didn''t have time to look for mongoose. There were two small kiosks where you could by bracelets, sarapes, wood plaques and fruit (dragon, oranges, papayas). The only problem we had was the heat (certainly not under the control of tge tour operators!). The van was older and had some AC, but not cool enough.",en-gb,4.00,,t,viator,,Dina_D,"",Thank you for a review .,en,2024-02-05 20:32:14+05:30,45,APPLICATION,2026-09-08 10:48:57.632849+05:30,,,f
PR2h7naIMz8m,RSbHEuFRQ3dq,2024-09-13 14:52:51+05:30,"À part le lagon bleu , très beau à la surface mais désertique sous l eau et le lieu trop fréquenté, c était très beau , sable et couleur de l eau 👍🤩",fr,3.00,,t,,partner,Dominique,ch,,,,46,APPLICATION,2026-09-08 10:48:57.637939+05:30,,,f
PR2TaUFHaTPR,RScBEeZECTKJ,2024-09-07 19:18:08+05:30,"O passeio é MARAVILHOSO. Vimos o nascer-do-sol, vimos golfinhos, nadámos com os golfinhos, vimos os corais. A temperatura do mar era muito boa, cederam coletes e óculos.
O povo da Tanzânia é muito simpático e inexcedível na satisfação do turista. Os tanzanianos são sempre atentos ao turista, é um turismo sem qualquer paralelo na Europa. Aqui, em Zanzibar, é tudo bom, começando pelo povo. Obrigado, amigos",pt-pt,5.00,,t,viator,,IsabelCristina_R,"",,,,47,APPLICATION,2026-09-08 10:49:01.933105+05:30,,,f
PR2TaUFHaTPR,RS1N2o1Gdy08,2024-06-19 10:55:32+05:30,"Let’s start with this was not a 4 hour tour. For us it lasted 2 hours - including from the time we were picked up at your hotel. We were picked up at 7am and were done by 9:10am. Then - swimming with the dolphins experience went south quickly. Once we navigated to a soo in the ocean we waited for the dolphins. That was ok… however,  at least 10 more boats were already which, at the moment, was not a big deal for us… Once there was word that dolphins had been spotted,   it become,  literally, a boat race to get to the dolphins. All boats circled the dolphins and we were yelled to jump… by the time we and everyone else hit the water, the dolphins had been scared and submerged. We found ourselves in the water getting hit or avoiding being hit by the boats. We were asked to get quickly on the boat so we could chase the dolphins and repeat.  By the second attempt there were just too many boats and we knew it was not safe nor worth to jump in the water at this point. In addition the dolphins were scared so they remain swimming on the bottom of the ocean.  We felt awful for the dolphins! 
After this we went snorkeling. The experience was good but again too many boats and people.  We snorkeled for about 15 minutes.  When we returned to the boat, we were offered pineapple, papaya, ripe avocado, and small bananas which were just cut without any sanitary consideration, while we were swimming and placed in a tray on the floor of the boat.  So the tray got salt water on it almost immediately. This is raw-No napkins, no plates, no sanitary protocol. 
NO SANDBAR - part of the tour included the sandbar.  we were told there was no sandbar because at that time of the day the water is high. Wish they have clarified this in their promotion.  So we headed back to the shore where we were dropped at a beach to get transported back to our hotel - under other circumstances I would have come to terms and accepted the disappointing experience  but with a price tag of $135 per person - it is a rip off. ",en-gb,2.00,,t,viator,,Lori_G,"",,,,48,APPLICATION,2026-09-08 10:49:09.361097+05:30,,,f
PR2TaUFHaTPR,RSpx2hO3Dedf,2024-06-06 18:18:31+05:30,Es war eine tolle Delfin Tour. Unser Captain hat alle Wünsche erfüllt und für eine tolle Atmosphäre gesorgt. Wir haben Delfine gesehen und auch das Schnorcheln war phantastisch. ,de,5.00,,t,viator,,Hannah_W,"",,,,49,APPLICATION,2026-09-08 10:49:09.364942+05:30,,,f
PR2TaUFHaTPR,RSgqcNs47vIp,2024-01-03 17:46:13+05:30,Horrible experience. Driver came 1h late. We were with the dolphin not even 5 minutes. I would not recommand this trip. It’s actually worth 0 start ! ,en-gb,1.00,,t,viator,,Andrew_N,"",,,,50,APPLICATION,2026-09-08 10:49:09.368487+05:30,,,f
PR2uvyVGXrXB,RSQwm87yzz85,2026-07-23 08:17:30+05:30,Great communication via WhatsApp.  Our flight was delayed and we made an earlier flight. This company was easy to communicate these changes with and they accommodated our changes with no issue at all. ,en-gb,5.00,,t,viator,,Mark_R,"",,,,51,APPLICATION,2026-09-08 10:49:09.372161+05:30,,,f
PR2uvyVGXrXB,RSHnJUWf3m2G,2026-06-29 17:16:33+05:30,Great reliable car service. I loved knowing we could trust Salum. He also was able to answer a lot of questions about the area. ,en-gb,5.00,,t,viator,,Kami_S,"",,,,52,APPLICATION,2026-09-08 10:49:11.201228+05:30,,,f
PRF2ylOoNLev,RSeH4HElIoqw,2024-11-28 22:15:44+05:30,Very good and worth the money,en-gb,5.00,,t,,alone,Mohamed Hesham,de,,,,613,APPLICATION,2026-09-08 10:54:33.691377+05:30,,,f
PR2uvyVGXrXB,RSjHVg5AS5Q1,2026-06-22 14:50:06+05:30,"A great, reliable, and reasonably priced taxi service! We used them from the airport to our hotel in Nungwi, then from Nungwi to Stone Town, and then also from Stone Town to the airport. Clean, on time, communicative. All around great and put my mind at ease knowing we would get where we needed to go!",en-gb,5.00,,t,viator,,Ann_K,"",,,,53,APPLICATION,2026-09-08 10:49:11.208977+05:30,,,f
PR2uvyVGXrXB,RSxudCTQYpyU,2026-06-09 00:14:26+05:30,The car was a luxurious spacious modern van with aircon. We were 2 hours in the car as we went from Stone Town to Nungwi. The driver was on time and drove well. We definitely using this company again for our rides.,en-gb,5.00,,t,viator,,OsmanKemal_E,"",,,,54,APPLICATION,2026-09-08 10:49:11.214331+05:30,,,f
PR2uvyVGXrXB,RSOJfvreTcJE,2026-06-08 16:01:47+05:30,"Even though he was a few minutes late, transport was great and comfortable to our hotel in Nungwi. The car was clean and the driver was friendly ",en-gb,5.00,,t,viator,,Remi_M,"",,,,55,APPLICATION,2026-09-08 10:49:11.220014+05:30,,,f
PR2uvyVGXrXB,RSZzZPiCsEk6,2026-06-07 15:25:02+05:30,Our flight ran late and the driver was very accommodating and waited for us patiently. Brilliant service!,en-gb,5.00,,t,viator,,OsmanKemal_E,"",,,,56,APPLICATION,2026-09-08 10:49:11.225182+05:30,,,f
PR2uvyVGXrXB,RS7J8TwJ5t0Z,2026-04-22 14:46:41+05:30,"Perfect. Easy, turned up on time, was easy to find. A good honest reliable service any time day or night. Would certainly use again and recommend for anyone wanting hotel transfer when they land.",en-gb,5.00,,t,viator,,bonnie21378,"",,,,57,APPLICATION,2026-09-08 10:49:11.230171+05:30,,,f
PR2uvyVGXrXB,RS6bxo3v9dpZ,2026-03-04 12:23:06+05:30,"We used Affordable Reliable Taxi Services twice during our stay in Zanzibar, and both experiences were excellent. The car was clean, air-conditioned (which is essential), and even had WiFi available.
The driver was safe, punctual, and very personable. We felt comfortable and taken care of the entire time. If you''re looking for reliable transportation in Zanzibar, this is a dependable option I would use again without hesitation.",en-gb,5.00,,t,viator,,Its_L,"",,,,58,APPLICATION,2026-09-08 10:49:11.235101+05:30,,,f
PR2uvyVGXrXB,RSCOad3GCXYh,2025-12-30 00:23:19+05:30,"Salum was our driver for our transfer from Stone Town to Nungwi. He showed up on time, carried our luggage to the car, and drove us safely to Nungwi. I could not recommend this service enough. He was also very patient in waiting for us to check out of the hotel. The service was exceptional. You could also book with this company for some of your Zanzibar Tours, if interested. Just ask for details. Thanks Salum! We will be contacting you again upon our next trip to Zanzibar!! Asante Sana. ",en-gb,5.00,,t,viator,,Valorie_J,"",,,,59,APPLICATION,2026-09-08 10:49:11.241146+05:30,,,f
PR2uvyVGXrXB,RSeCKkP1AyS3,2025-09-07 08:25:33+05:30,"My driver was very friendly and welcoming! As we were driving to the hotel, he was telling me a little bit about the island and it’s history, which was much appreciated.",en-gb,5.00,,t,viator,,Anthony_R,"",,,,60,APPLICATION,2026-09-08 10:49:11.246454+05:30,,,f
PR2uvyVGXrXB,RS0izs7H4WUv,2025-09-06 12:48:23+05:30,"We booked this taxi service as it had good reviews and I can confirm that we had a very good experience. Competitive price, punctual, comfortable car and friendly driver. Would definitely book their services again.",en-gb,5.00,,t,viator,,Laura_D,"",,,,61,APPLICATION,2026-09-08 10:49:11.251519+05:30,,,f
PR2uvyVGXrXB,RST75OHwQ3ot,2025-09-02 17:30:43+05:30,Tiago was our driver and he was there waiting for us at our 0300 arrival!  He was kind and spoke English very well. Highly recommend this transport service.,en-gb,5.00,,t,viator,,Erika_W,"",,,,62,APPLICATION,2026-09-08 10:49:11.2579+05:30,,,f
PR2uvyVGXrXB,RSFlUHJXLTmh,2025-08-24 05:05:42+05:30,Driver was great and walked me up to the hotel which was not accessible by car. It was during the middle of the night as well. I recommend to book with them.,en-gb,5.00,,t,viator,,Maria_A,"",,,,63,APPLICATION,2026-09-08 10:49:11.263765+05:30,,,f
PR2uvyVGXrXB,RSfyYrluhsf5,2025-07-25 19:24:58+05:30,Great experience! The communication was quick and the driver was easy to find. The ride was smooth and as expected.,en-gb,5.00,,t,viator,,Sarah_B,"",,,,64,APPLICATION,2026-09-08 10:49:11.26821+05:30,,,f
PR2uvyVGXrXB,RSdTArZa5u6M,2025-07-20 16:01:42+05:30,Very reliable and punctual! Our group of 6 was pleased with two very timely transfers. Highly recommend! ,en-gb,5.00,,t,viator,,Rachel_S,"",,,,65,APPLICATION,2026-09-08 10:49:11.272096+05:30,,,f
PR2uvyVGXrXB,RShltSV8XGa4,2025-06-19 04:56:43+05:30,Very polite and knowledgeable. Showed us around the various places in Zanzibar and the family had a great time. Would highly recommend . Thanks Salum,en-gb,5.00,,t,viator,,Mohamed_H,"",,,,66,APPLICATION,2026-09-08 10:49:11.275729+05:30,,,f
PR2uvyVGXrXB,RSXgJvkQmCvm,2025-06-19 04:53:34+05:30,Pick up from the airport went very smooth . they waited for us even patiently even though the process took long the airport . Very polite and professional. ,en-gb,5.00,,t,viator,,Mohamed_H,"",,,,67,APPLICATION,2026-09-08 10:49:11.280079+05:30,,,f
PR2uvyVGXrXB,RSitx1SfMYJu,2025-06-18 06:33:53+05:30,The service was very professional and prompt.  They were patient when we were held up coming into Zanzibar and they communicated throughout the whole process.  We used them to transport us to Stone Town on another day and then used them to transport us back to the airport.  Heartily recommended.,en-gb,5.00,,t,viator,,Doug_B,"",,,,68,APPLICATION,2026-09-08 10:49:11.283865+05:30,,,f
PR2uvyVGXrXB,RS74kIxkG8RB,2025-06-12 00:40:56+05:30,"Very reliable, punctual, communication was fantastic and very friendly.  Would highly recommend while in Zanzibar.",en-gb,5.00,,t,viator,,Brandy_W,"",,,,69,APPLICATION,2026-09-08 10:49:11.287936+05:30,,,f
PR2uvyVGXrXB,RSeqEyc2qvIb,2025-06-06 20:37:08+05:30,"Our driver was exceptional! Punctual and courteous from the start, he not only took us to the requested location but went above and beyond, sharing his knowledge of the city and its points of interest. Highly recommended!",en-gb,5.00,,t,viator,,Gervasio_R,"",,,,70,APPLICATION,2026-09-08 10:49:11.2913+05:30,,,f
PR2uvyVGXrXB,RS74rKwP7BYV,2025-05-31 07:15:15+05:30,Driver was on time with my name on placard upon exiting arrivals. He drove directly to hotel and got out of the van to walk with me to hotel reception which was off the main road,en-gb,5.00,,t,viator,,Derek_C,"",,,,71,APPLICATION,2026-09-08 10:49:11.294938+05:30,,,f
PR2uvyVGXrXB,RSDC76KVDx22,2025-05-17 19:41:37+05:30,Very professional and courteous driver. Was waiting for us at the exit with clear signage. Prior communication was efficient as well to ensure the pickup time.,en-gb,5.00,,t,viator,,geevee0,"",,,,72,APPLICATION,2026-09-08 10:49:11.299237+05:30,,,f
PR2uvyVGXrXB,RSOonq41Nh5n,2025-05-09 17:45:48+05:30,We used this service from the Zanzibar airport to the hotel. It went all perfectly smooth. Thanks so much!,en-gb,5.00,,t,viator,,Elif_A,"",,,,73,APPLICATION,2026-09-08 10:49:11.303838+05:30,,,f
PR2uvyVGXrXB,RS0m4XsQRRI9,2025-04-19 17:11:59+05:30,"A little late for our pick up from the airport, but was able to sort it out quickly. A smooth, comfortable ride from the airport to hotel. Would recommend.",en-gb,4.00,,t,viator,,Corinne_O,"",Thank you so much for your review and we promise to do our best improve everything . Welcome again ,en,2025-04-20 19:28:41+05:30,74,APPLICATION,2026-09-08 10:49:11.307823+05:30,,,f
PR2uvyVGXrXB,RSauYJlCR0gA,2025-03-01 04:36:04+05:30,"The driver was on time and made good time despite us getting a flat tire along the way.

The car was clean and comfortable.
",en-gb,5.00,,t,viator,,Ashley_F,"",,,,75,APPLICATION,2026-09-08 10:49:11.311936+05:30,,,f
PR2uvyVGXrXB,RSFE7Q9fdR40,2025-01-06 14:22:49+05:30,"Superb drivers. Excellent communication, on time, polite. The car is clean, and spacious. I cannot recommend this company enough!",en-gb,5.00,,t,viator,,Alex_a,"",,,,76,APPLICATION,2026-09-08 10:49:11.31586+05:30,,,f
PR2uvyVGXrXB,RSWCYOpOKcSX,2024-11-24 14:02:46+05:30,"Seamless experience. Nassir was waiting for us at the airport and drove us to Paje. Very professional, friendly and welcoming. Can’t rate highly enough. Thank you!",en-gb,5.00,,t,viator,,Celine_H,"",,,,77,APPLICATION,2026-09-08 10:49:11.320649+05:30,,,f
PR2uvyVGXrXB,RSdD8Ul096hF,2024-11-18 18:50:09+05:30,"Trotzt längere Zeitverzögerung bei Pass und Visa Kontrolle von fast eine Stunde, wir waren die letzten die das Flughafen verlassen haben, hat der Fahrer geduldig auf uns gewartet. Per WhatsApp waren wir im ständigen Kontakt mit ihm. ",de,5.00,,t,viator,,Adam_P,"",,,,78,APPLICATION,2026-09-08 10:49:11.324745+05:30,,,f
PR2uvyVGXrXB,RS4RZoAqVG92,2024-11-14 18:28:34+05:30,"Book this man. He’s reliable, safe and happy to share info on Zanzibar while driving. Good english, fast response on what’s app and gives you a good price.",en-gb,5.00,,t,viator,,JensGustav_E,"",,,,79,APPLICATION,2026-09-08 10:49:11.32885+05:30,,,f
PR2uvyVGXrXB,RSwn3exVnVtD,2024-11-03 13:46:37+05:30,"Super polite drivers, arrived early to pick us up and had clean, cold cars! Highly recommend booking (:",en-gb,5.00,,t,viator,,david_b,"",,,,80,APPLICATION,2026-09-08 10:49:11.332513+05:30,,,f
PR2uvyVGXrXB,RS6Q5JQyhaP9,2024-10-24 18:50:50+05:30,"The driver was very punctual, reliable and knowledgeable and good at communicating. Would definitely recommend him.",en-gb,5.00,,t,viator,,Marie_C,"",,,,81,APPLICATION,2026-09-08 10:49:11.336636+05:30,,,f
PR2uvyVGXrXB,RSBSTSicpMmq,2024-10-11 18:57:08+05:30,Very convenient to book for when just landing in Zanzibar and they also offer other transfers if needed.,en-gb,4.00,,t,viator,,Temitope_A,"",,,,82,APPLICATION,2026-09-08 10:49:11.341185+05:30,,,f
PR2uvyVGXrXB,RSzpgQWOgWml,2024-09-25 08:39:13+05:30,"As a doctor and luxury traveler, Saluum of Affordable and Reliable Taxi is very, very, very responsive, on time, appropriately friendly with maintaining a high level of professionalism.  The vehicle is spotless, large, air conditioned, and he even provided cold water upon our exit from the international ZNZ terminal. IHis reliability and punctuality are excellent. ",en-gb,5.00,,t,viator,,Ronald_S,"",Thank you Ronald it has been a pleasure to drive you around the island I hope you will come back again to Zanzibar.,en,2024-09-26 13:15:26+05:30,83,APPLICATION,2026-09-08 10:49:11.345816+05:30,,,f
PR2uvyVGXrXB,RSUgvmiZGBse,2024-09-18 06:08:28+05:30,Seamless pick and drop off the airport to Nungwi Beach. They provided water and had the best playlist. I would definitely use them again. ,en-gb,5.00,,t,viator,,Johanna_M,"","Thank you so much for your review we are looking forward to serve you again in the future 
Karibu tena Zanzibar ",en,2024-09-26 13:17:03+05:30,84,APPLICATION,2026-09-08 10:49:11.350146+05:30,,,f
PR2uvyVGXrXB,RSLQGjLdbiaR,2024-09-13 02:10:01+05:30,Very dependable. Always on time and great communication. Will definitely use again. He took care of all our transportation needs with such great professionalism ,en-gb,5.00,,t,viator,,Adewemimo_C,"",Thank you so much for your review and it was a pleasure to drive you around the island. 🙏,en,2024-09-26 13:18:41+05:30,85,APPLICATION,2026-09-08 10:49:11.354454+05:30,,,f
PR2uvyVGXrXB,RS6ud0hXEwre,2024-08-18 08:18:16+05:30,"Excellent. Driver was waiting for us on arrival, even waited extra for us when we had issues with our luggage. Would recommend.",en-gb,5.00,,t,viator,,Alanna_M,"",,,,86,APPLICATION,2026-09-08 10:49:11.360408+05:30,,,f
PR2uvyVGXrXB,RSNSYO5pKe0p,2024-08-10 14:38:31+05:30,Flight was delayed 1 hour and I provided flight number twice so they could track and see arrival time. After landing I received rude texts complaining that I am late and I was accused of being rude because I said that it was not my fault that the driver had to wait because I provided the flight number for there convenience and to know when to pickup. They advertise airport pickup services so It was surprising that they had an issue with a relatively small delay. It Was extremely awkward and not welcoming as a tourist who has just arrived to a new place. Do not recommend. (This was all exchanged on WhatsApp text messages),en-gb,2.00,,t,viator,,Angus_S,"","Sorry for the misunderstanding but we were just telling you that the message you sent was not Good because with our experience picking up people from airport we understand about delays and we never blame any customer for that all we asked is that if you have landed as we couldn’t track your flight and we didn’t leave the airport until you arrived and drop you to your destination we are disappointed to see that this is how you took it but it’s part of the experience and I am sure it will help us improve 

Thank you ",en,2024-08-12 07:23:40+05:30,87,APPLICATION,2026-09-08 10:49:11.365111+05:30,,,f
PR2uvyVGXrXB,RS2CrGo0ipF8,2024-08-03 09:47:55+05:30,"Kasim was waiting for us at the airport exactly as agreed, he helped with the luggage and the trip was pleasant, the car was air-conditioned and water was free. We will definitely use again.",en-gb,5.00,,t,viator,,Martin_B,"",,,,88,APPLICATION,2026-09-08 10:49:11.369608+05:30,,,f
PR2uvyVGXrXB,RScSrDmXAWS9,2024-06-16 10:06:43+05:30,Alles perfekt gelaufen. Fahrer sehr freundlich und zuvorkommend. Sehr Fairer Preis für Flughafen hotel Transfer in Sansibar zur ostküste,de,5.00,,t,viator,,Christian_S,"",,,,89,APPLICATION,2026-09-08 10:49:11.37332+05:30,,,f
PR2uvyVGXrXB,RSAmH4gOKlg9,2024-06-16 10:04:00+05:30,"Freundlich
Fairer Preis
Man wird pünktlich abgeholt. Fahrer war sehr zuvorkommend. Kontakt über whats App war perfekt ",de,5.00,,t,viator,,Christian_S,"",,,,90,APPLICATION,2026-09-08 10:49:11.37777+05:30,,,f
PR2uvyVGXrXB,RSULFTjahGvM,2024-06-07 07:13:29+05:30,"Prompt safe transfer at a fair price. As a single female traveller I felt safe even though my transfer was at 2am. 
Will use again for my return trip and highly recommend.  The driver was friendly and the communication between- the company / us ( via what''s app after booking and pre transfer was reasurring) thank you. ",en-gb,5.00,,t,viator,,Catherine_G,"",,,,91,APPLICATION,2026-09-08 10:49:11.382186+05:30,,,f
PR2uvyVGXrXB,RS60zehOpPfJ,2024-05-12 13:18:04+05:30,Booked them in advance for transport from airport to Jambiani. Our flight was cancelled so we arrived in the middle of the night but no problem to reschedule the pickup. Ended up using them for all our transportation needs on the island. Always on time and updated us via WhatsApp when the car was outside. Highly recommended!,en-gb,5.00,,t,viator,,JensMichael_J,"",,,,92,APPLICATION,2026-09-08 10:49:11.386536+05:30,,,f
PR2uvyVGXrXB,RSKrMmHiA0Su,2024-04-23 17:04:08+05:30,"Habe noch nie in meinem Leben einen hilfsbereitern Menschen getroffen. Ohne ihn, würde ich wahrscheinlich noch immer ohne Gepäck in Sansibar sein. Dies hatte FlyDubai nach der Flutkatastrophe Anfang April erst 5 Tage später nachgeliefert. Ohne seine Unterstützung wäre ich verzweifelt. Er ist nicht nur ein guter Fahrer, sonder hilft in jeder Lebenlage. Danke nochmals...",de,5.00,,t,viator,,Oliver_G,"",,,,93,APPLICATION,2026-09-08 10:49:11.390477+05:30,,,f
PR2uvyVGXrXB,RSRp3sbuFmWw,2024-04-22 05:08:42+05:30,"Sehr hilfsbereiter Fahrer. Nachdem mein Flug mehrere Stunden Verspätung hatte (ich kam aus dem Hochwassergebiet aus Dubai und hatte 27 Sunden Verpätung), hat er mit mir über WhatsApp Kontakt gehalten und hat mich trotzdem abgeholt.  Auch nachdem mein Gepäck nicht mitgekommen ist, hat er sich rührend um michvgekümmert. Einen besseren Fahrer kann man nicht bekommen. Ich würde jeder Zeit wieder bei ihm buchen.",de,5.00,,t,viator,,Oliver_G,"",,,,94,APPLICATION,2026-09-08 10:49:11.394418+05:30,,,f
PR2uvyVGXrXB,RSzFra3IxLbH,2024-04-15 07:54:09+05:30,Incredible and reliable service! Great communication and very knowledgable. Would highly recommend this driver. ,en-gb,5.00,,t,viator,,Haydn_G,"",,,,95,APPLICATION,2026-09-08 10:49:11.39859+05:30,,,f
PR2uvyVGXrXB,RSbkytzKHT3W,2023-12-25 07:04:57+05:30,"Booking with Salum and Ally was great. They’re very friendly and timely with pickups and drop offs. Salum was responsive, even adjusting for a cancelled flight and a last minute morning airport transfer. As a solo female traveler, I felt safe and comfortable with them. ",en-gb,5.00,,t,viator,,Jasmine_W,"",,,,96,APPLICATION,2026-09-08 10:49:11.403349+05:30,,,f
PR2uvyVGXrXB,RSTHNwA6WOQF,2023-11-08 10:20:33+05:30,"Safe driving in falling rain
It was really a lot of water on the street and the driver was really cautious ",en-gb,4.00,,t,viator,,Philippe_S,"",,,,97,APPLICATION,2026-09-08 10:49:11.407394+05:30,,,f
PR2uvyVGXrXB,RSwXydQGCXAc,2023-10-12 22:33:38+05:30,Used this taxi service for transfer to the hotel and back to the airport at the end of my holiday. Really great service the driver Salum was on time and very friendly with water bottles waiting for us. I would recommend booking this taxi service.,en-gb,5.00,,t,viator,,Adeeb_T,"",,,,98,APPLICATION,2026-09-08 10:49:11.411322+05:30,,,f
PR2uvyVGXrXB,RSEZ0Sn6qihj,2023-09-27 15:44:23+05:30,"Reliable transfer in Zanzibar. Provides a WhatsApp for better communication, on-time and very nice drivers and good cars.",en-gb,5.00,,t,viator,,Paula_L,"",,,,99,APPLICATION,2026-09-08 10:49:11.415197+05:30,,,f
PR2uvyVGXrXB,RSuDPginaWsj,2023-09-23 11:52:59+05:30,It was on time and shared an WhatsApp for easier communication. Cars new and clean and bought water for us on the way.,en-gb,5.00,,t,viator,,Paula_L,"",,,,100,APPLICATION,2026-09-08 10:49:11.419097+05:30,,,f
PR2uvyVGXrXB,RSZShpNfDvxJ,2023-09-18 21:05:11+05:30,"Such a positive experience. Ahead of arrival date, the team reached out to confirm details and share what to expect at the airport. We On day of arrival, I was greeted outside of the airport with person holding a name sign. The ride was smooth and well air conditioned. The driver, Nasir, even shared history about Zanzibar and was happy to share.

I highly recommend.",en-gb,5.00,,t,viator,,Robbin_L,"",,,,101,APPLICATION,2026-09-08 10:49:11.423327+05:30,,,f
PR2uvyVGXrXB,RSJpQ0AIlarG,2026-07-07 13:18:55+05:30,,,5.00,,f,,,,,,,,102,APPLICATION,2026-09-08 10:49:11.427434+05:30,,,f
PR2uvyVGXrXB,RSvftcougNcI,2026-01-17 21:29:08+05:30,,,1.00,,f,,alone,,,,,,103,APPLICATION,2026-09-08 10:49:11.431161+05:30,,,f
PR31y83FQlJY,RSEuSiov7kNZ,2025-11-16 05:59:41+05:30,"Run away from this organizer ! we booked the tour 10 days before, the organizer never booked our flight ticket, when we arrived at the airport nothing was ready and the guide wasn''t even here. If you book this tour with this organizer you will regret it trust me.",en-gb,1.00,,t,viator,,terry_y,"","We are sorry to read your review. As far as I know, you contacted us and we expelled to you no possibility the flight, the airline authorities canceled due to the rain, you didn’t want until you decide to take a private tax to airport. when you arrived at the airport you found some story. We didn''t run away!  We are apologizing.",en,2026-04-17 16:37:40+05:30,104,APPLICATION,2026-09-08 10:49:11.434834+05:30,,,f
PR31y83FQlJY,RS9ADjeoVNwj,2024-06-01 17:07:02+05:30,"Petite quantite animaux mais on a vu presque tt.
Petit groupe repas correct et agreable avec les singes",fr,4.00,,t,viator,,yves_a,"","Cher Yves, Merci beaucoup pour votre avis, nous apprécions",fr,2024-06-03 12:13:45+05:30,105,APPLICATION,2026-09-08 10:49:19.207428+05:30,,,f
PR31y83FQlJY,RSvn9nHfC4Lu,2023-12-05 18:56:51+05:30,"Bonsoir 
J''avais réservé un safari au parc Mikumi le 3/12
Le prestataire n''est pas venu me chercher, j''ai attendu 1h30 car il n''avait pas prévenu que le safari était post posé au 4/12
Le 4/12 le prestataire à envoyé 1 message à 2h30 la nuit pour dire que le tour était annulé....et que je serai remboursé !",fr,1.00,,t,viator,,Marco_S,"","Dear Customer,
I feel bad reading your review, because when I tell the customer the truth, he/ she doesn''t want to understand me.
1. we have 2 weeks of flight shortage here in Zanzibar 
2. I booked your seat, plane cancel and informing us too late, what should I do? remember I don''t have a plane and realize if the plane cancels I have nothing to do.
I apologize for what happened.
",en,2023-12-06 07:33:56+05:30,106,APPLICATION,2026-09-08 10:49:19.21222+05:30,,,f
PR31y83FQlJY,RSxSRftOiPQr,2023-12-02 19:27:02+05:30,"Our safari was canceled two separate times : November 30th and December 2nd. After the second time, we requested a refund. ",en-gb,1.00,,t,viator,,Long_L,"","Dear Long, you booked a day trip to Mikumi on 27 November, I informed you that there were two plane accidents in mikumi,

You asked your friends and agreed, I asked you if possible to do it on December 2. I sent the tickets, however, the flight was canceled.

Where is my problem? if it is a refund, you will be paid soon by viator
",en,2023-12-04 08:10:50+05:30,107,APPLICATION,2026-09-08 10:49:19.2168+05:30,,,f
PR31y83FQlJY,RStBwHfi11oA,2023-09-22 11:22:11+05:30,"Amazing!  If this is your first time in East Africa, this is a must-do. It is easily one of the highlights of my time in Zanzibar. I was a bit nervous, but the company confirmed the booking via WhatsApp, the airport pickup was prompt, and the safari itself was unbelievable. 

I didn’t know what to anticipate, so I was surprised that the plane landed us in the middle of the park. There is no airport to speak of, but I immediately saw an elephant!  

Tips:

(1) If you are tall, be sure to be one of the first people on the plane by lining up right away. You’ll want an exit seat and there is no assigned seating. Otherwise you’ll be very uncomfortable in the right seating. 

(2) The plane ride is only 45 minutes, but it can be very hot. You won’t regret a personal fan. 

(3) You’ll be hungry because chances are you won’t eat breakfast before the 6am pickup. Lunch isn’t until 12:30. Plan ahead and you won’t be stuck with the one (terrible) cafe at the airport. A sandwich and chips would have been clutch. Water was provided, but if you freeze a bottle of water the night before you’ll be happy you did. 

(4) The provided lunch is buffet style and we found it quite good.  I did fine as a vegetarian. 

(5) This is the time for a good camera if you’re in the market for one. Be sure to bring a backup battery for your cell phone if you’re using it for photos because you’ll be on it nonstop all day. 

Enjoy! ",en-gb,5.00,,t,viator,,Karla_Y,"","Dear Karla, Thank you so much for reviewing us here on TripAdvisor, your review ads much more to other good reviews and enlightens the way of obtaining other clients all over the world. It was a pleasure serving you and most of all being part of your memorable moments you had here in Tanzania. Once again thank you so much for booking with us. Regards Godfrey",en,2023-09-25 08:08:56+05:30,108,APPLICATION,2026-09-08 10:49:19.22131+05:30,,,f
PR449a3Ahmrd,RSmicfTHZyMr,2025-03-14 16:20:13+05:30,"Absolutely fantastic experience, loved it, the horse I rode was beautiful & in fabulous 1st class healthy condition, he looked very well cared for. The horse handler was very professional & friendly & took lots of photos for me. It definitely exceeded my expectations, the hotel where the tour goes from is stunning. I had a great driver called Jiga Boy who was very punctual & courteous, nothing was too much trouble. I can highly recommend this tour 5 ⭐️⭐️⭐️⭐️⭐️",en-gb,5.00,,t,viator,,Anita_h,"",,,,124,APPLICATION,2026-09-08 10:49:33.756662+05:30,,,f
PR7Qx1ZYW1RJ,RSIb61a76guJ,2023-10-01 18:57:46+05:30,Ibraham was excellent. He made me feel safe since I was a solo traveler.  He explained so much of Zanzibar history and walked me through Stone town with a lot of information.,en-gb,5.00,,t,viator,,Tina_A,"",,,,326,APPLICATION,2026-09-08 10:51:02.361035+05:30,,,f
PR31y83FQlJY,RSpIh2dgF8rI,2023-09-09 19:16:10+05:30,"Booked the tour for the 6th of September and  literally on the day, about 1 am, got a text saying the plane was fully booked on the 6th and 7th. I was given an alternate date of the 8th. On the 7th I didn’t receive any information on wether we were going on the tour the next day. I had to text the people late afternoon only to get a reply at 7pm after I texted, the second time, asking for my money back if the tour was not going ahead.  The whole thing was such a huge inconvenience as we had to change our holiday plans to accommodate the new date and the guys didn’t even apologise or acknowledge the inconvenience this whole thing caused. I wish I could give zero stars because I got nothing but a massive headache from these guys and how unprofessional they are.

I would say stay away from these guys as there’s no guarantee you’ll actually go on the tour on the dates you booked and the customer service is horrible. ",en-gb,1.00,,t,viator,,Anesu_M,"","Dear all , you were 4 people booked last minute safari on 6th September,  I told you from 6 to 9 September flight was full booked if you want you can do safari on 10 September,  you decide to cancel,  where was our problem!!! You ask asu a full refund,  we did it , sometime flight are not belong to us we have to check availability. ",en,2023-09-14 13:14:58+05:30,109,APPLICATION,2026-09-08 10:49:19.236335+05:30,,,f
PR34ShBABC9V,RS3YljPlP83U,2026-07-21 11:17:51+05:30,"10/10 — Highly recommend! This excursion was even better than we expected. Although it was about a two-hour drive from the northwest coast, it was a great way to explore southeastern Zanzibar. We loved that it was a private tour, which gave us plenty of time to enjoy each stop at our own pace. The fresh seafood lunch was delicious, the cave was peaceful and beautiful, and ending the day at a beach party with music, drinks, a bonfire, and a stunning sunset was the perfect finish. If you’re looking for a more relaxed day of exploring Zanzibar, this excursion is definitely worth it!",en-gb,5.00,,t,viator,,Jayla_M,"","Dear Jayla,

Thank you so much for your wonderful 10/10 review and for highly recommending our tour!

We are delighted to hear that the experience exceeded your expectations and that you enjoyed exploring the southeastern side of Zanzibar. It''s great to know that the private tour allowed you to take your time at each stop, and we''re especially happy that you loved the fresh seafood lunch, the peaceful swimming cave, and the unforgettable beach sunset with music, drinks, and a bonfire.

Your kind words mean a lot to us and motivate our team to continue providing memorable experiences for every guest.

Thank you once again for choosing VivaOceanTours & Safaris during your visit to Zanzibar. It was our pleasure to host you, and we hope to welcome you back for another adventure in the future!

Warm regards,

Said Abidal
VivaOceanTours & Safaris
Zanzibar ",en,2026-07-22 23:44:43+05:30,110,APPLICATION,2026-09-08 10:49:19.239885+05:30,,,f
PR34ShBABC9V,RSyNYCtLJbp3,2026-07-02 19:48:27+05:30,"It’s a nice experience to see different parts of Zanzibar. So I would recommend it however, the tour guide may not be as enthusiastic as you would expect a tour guide to be. And several stuff were made without clear communication on why those staff were made with other people picked up, but I don’t know if they’re part two or not or if they were just family members as communication was very limited. ",en-gb,4.00,,t,viator,,Uchenna_N,"","Dear Uchenna,

Thank you for taking the time to share your feedback. We truly appreciate your recommendation and are glad you enjoyed the opportunity to explore different parts of Zanzibar.

We are sorry to hear that the guiding experience and communication did not fully meet your expectations. We understand how important clear explanations and an engaging guide are to creating a memorable tour. Your comments regarding the guide''s enthusiasm and the lack of communication have been noted, and we will discuss them with our team to improve future experiences.

At VivaOcean Tours & Safaris, we are committed to providing excellent service, and your feedback helps us identify areas where we can do better.

Thank you once again for choosing to travel with us. We hope to have the opportunity to welcome you back and provide you with an even better experience in the future.

Kind regards,
Said Abidal 
VivaOcean Tours & Safaris",en,2026-07-06 09:22:45+05:30,111,APPLICATION,2026-09-08 10:49:21.032824+05:30,,,f
PR34ShBABC9V,RSinBQxr79Cp,2026-03-02 12:15:56+05:30,"Amazing and beautiful place. Perfect guide. 100% recommendations. And sure im going to come back, that’s the paradise 🌴😎🌴",en-gb,5.00,,t,viator,,Vaidas_J,"","Dear Vaidas

Thank you so much for your amazing review of our Explore Zanzibar''s 6 Quintessential Southeastern Charm – Full Day tour 🌴

We are truly happy to hear that you found Zanzibar beautiful and that your guide made the experience perfect. Your 100% recommendation means a lot to us and motivates our team to continue delivering unforgettable memories.

Zanzibar will always be your paradise, and we will be more than happy to welcome you back anytime! 😎🌴

Warm regards,
Said
VivaOcean Tours & Safaris
Zanzibar ",en,2026-03-03 20:32:39+05:30,112,APPLICATION,2026-09-08 10:49:21.036993+05:30,,,f
PR34ShBABC9V,RSacKnC5v46Z,2025-11-20 03:54:56+05:30,"This was truly an amazing experience — the perfect way to start my vacation in Zanzibar! I was able to see and do so much in just one day. It genuinely felt like getting a full “taste” of Zanzibar: activities, culture, key landmarks, and an authentic local feel all wrapped into one unforgettable excursion.

My tour guide was one of the most communicative and attentive people I’ve ever worked with. He checked in the day before to confirm everything, reached out again the morning of, and kept me updated the entire time. As a solo traveler in a foreign country, that level of communication and reassurance meant everything.

The day flowed beautifully. We started with visiting the turtles while he shared incredible history during the drive. I even got to play with a little monkey and take some amazing photos. Then we headed to the beach, where I met a local woman who made the most creative coconut crafts — such a special touch. After a delicious late lunch, we explored a serene cave where I was able to relax, recharge, and truly feel the healing energy of the space. We wrapped up the evening with a vibrant beach party that felt like the perfect finale.

This tour gave me adventure, culture, relaxation, nature, and nightlife all in one. I can’t wait to do it again. If you’re considering it… book it!
",en-gb,5.00,,t,viator,,Unique_E,"","Dear Unique_E,

Thank you so much for taking the time to share such a beautiful and detailed review! We are truly honored that this tour was the perfect way to begin your Zanzibar journey and that it felt like a full “taste” of everything our island has to offer.

We’re especially happy to hear that the communication and attentiveness of your guide made you feel safe and comfortable as a solo traveler. Creating a smooth, reassuring, and memorable experience for our guests is always our top priority.

It’s wonderful that you enjoyed every part of the day — from the turtles and playful monkey moments to the beach experience, coconut crafts, serene cave, and the vibrant beach party finale. Knowing that the tour delivered adventure, culture, relaxation, and fun all in one day means the world to us.

We truly appreciate your recommendation and look forward to welcoming you back for another unforgettable Zanzibar experience in the future.

Warm regards,
Viva Ocean Tours & Safaris Team
Zanzibar, Tanzania",en,2025-11-22 14:44:22+05:30,113,APPLICATION,2026-09-08 10:49:21.041614+05:30,,,f
PR34ShBABC9V,RSHCkF8z0P9d,2025-08-14 06:23:27+05:30,"If you’re wanting to explore the island and see many places in one day, then this is the tour for you! Said, our tour guide and driver, was great! All of the places included are definitely worth a visit. ",en-gb,5.00,,t,viator,,jessicaboothroyd,"","Thank you so much, Jessica, for sharing your lovely feedback! 🌴✨
We’re so glad you enjoyed exploring Zanzibar’s hidden gems with us and that you found the tour worthwhile. Said will be delighted to know his guiding made your experience even more memorable. We truly appreciate you choosing us and hope to welcome you back again for more adventures in Zanzibar!
",en,2025-08-17 06:25:45+05:30,114,APPLICATION,2026-09-08 10:49:21.072203+05:30,,,f
PR5KOvSz41xv,RSHkqFvZGP45,2024-08-03 11:50:42+05:30,"+great customer service (Amina was our guide)
-you’ll want to plan to tip several different people (guide, cooking class, coconut drink, driver) so have a lot of change in cash or shillings as they do not take cards for that or purchases.  It’s definitely deserving but I’d like to just tip one person then have them divide it out. 
-cooking class is not like shown in the picture for this excursion, you will be cooking on the ground.
+the food was great from the cooking class experience 
-you didn’t have to pay to use bathrooms but they aren’t in the best condition ",en-gb,4.00,,t,viator,,Marissa_I,"",,,,147,APPLICATION,2026-09-08 10:49:58.967816+05:30,,,f
PR34ShBABC9V,RSv0QWtdiYcD,2025-07-15 03:25:22+05:30,"100% recommend. Guide was on time very personable. Drive down the coast through the villages was very nice. Food at Usumba Rock was very delicious. Had a great time at Kae Funk, Salaam and Maalum caves. Would recommend bring water shoes for salaam cave. The ground was a bit rocky and slippery. Wouldn’t hesitate booking again ",en-gb,5.00,,t,viator,,Michael_L,"","Dear Michael,

Thank you so much for your wonderful 10/10 recommendation! We''re thrilled to hear you enjoyed exploring Zanzibar’s southeastern charm with us. It’s great to know the drive, the delicious food at Usumba Rock, and the visits to Kae Funk, Salaam, and Maalum caves all made your day memorable.

We also appreciate your helpful tip about water shoes for Salaam Cave – that will surely benefit future guests!

It was a pleasure hosting you, and we’d be happy to welcome you again anytime you''re back in Zanzibar.

Warm regards,
Said & the Viva Ocean Tours Team ",en,2025-07-16 14:26:01+05:30,115,APPLICATION,2026-09-08 10:49:21.07612+05:30,,,f
PR34ShBABC9V,RSCJPHKytWpf,2025-06-11 17:48:26+05:30,"Despite the rainy weather, everything was good! It was so relaxing and calming. I had a good time. I would do it again!",en-gb,5.00,,t,viator,,Saul_P,"","Dear Saul,
Thank you so much for your kind words! We''re delighted to hear that you had a relaxing and enjoyable experience, even with the rainy weather. Your positive spirit truly embodies the charm of Zanzibar! We''d be thrilled to welcome you back anytime for another adventure.

Warm regards,
The Viva Ocean Tours Team 

",en,2025-06-13 06:34:21+05:30,116,APPLICATION,2026-09-08 10:49:21.079772+05:30,,,f
PR34ShBABC9V,RSE4OHfxjD9j,2025-06-05 19:11:51+05:30,"The best way to experience Zanzibar’s natural and cultural wonders.   It is also a great way to spend a full day away from your Stone Town or Beach Hotel to see the southern part of the island.    Said will show you a great time along with conversations of anything you want to know about Zanzibar.   It’s a packed day of fun, food and memories that you will take with you when you leave Zanzibar.   Lots of picture taking opportunities ending the day with the eastern sunset, music, acrobatics and bonfire.   You will end the day riding a boat from the beach to Said’s van to take you home.  It’s a fuil day of activities to experience as a part of this private tour.  We had a great time and glad we invested in this trip!  Well worth it!.  ",en-gb,5.00,,t,viator,,Thomas_F,"","Dear Thomas and Kathy 

Thank you so much for your wonderful review! We''re thrilled to hear you enjoyed exploring the southeastern charm of Zanzibar with us. It was a pleasure having you on this full-day adventure—from discovering the island''s natural beauty and vibrant culture to ending the day with an unforgettable sunset, local music, and bonfire by the beach.

Said will be so happy to know his insights and company made your experience even more special. We truly appreciate your kind words and are so glad you found the tour to be a great investment in your Zanzibar journey.

We hope to welcome you back again for more unforgettable memories!

Warm regards,
Viva Ocean Tours & Safaris Team

",en,2025-06-06 19:38:36+05:30,117,APPLICATION,2026-09-08 10:49:21.083158+05:30,,,f
PR34ShBABC9V,RS7fLKhqSAA3,2025-04-10 11:37:20+05:30,"Conhecemos locais maravilhosos nesta visita, desde nadar com as tartarugas, praia secreta (Mtenda) acabando no sunset de Kae Beach, onde fomos presenteados com boa música, pôr do sol fantástico!!
Recomendo!!",pt-pt,5.00,,t,viator,,ANA_A,"","Cara ANA_A,

Muito obrigado pela sua adorável avaliação! Ficamos felizes por saber que gostou de explorar as preciosidades do sudeste de Zanzibar connosco — desde o nado mágico com tartarugas à beleza escondida da Praia de Mtende e, claro, aquele pôr-do-sol inesquecível na Praia de Kae com ótimas vibrações e música. A sua recomendação significa muito para nós!

Esperamos voltar a recebê-lo para mais aventuras em breve!

Atenciosamente,
A equipa da Viva Ocean Tours",pt,2025-04-12 09:15:42+05:30,118,APPLICATION,2026-09-08 10:49:21.086671+05:30,,,f
PR34ShBABC9V,RSvw0YYXUnXS,2024-10-29 11:08:53+05:30,"If you are in Zanibar and have time This is a great way to explore the Southern side of the island. It was absolutely beautiful. There was so much to see and do. Our Guide Said was amazing. He was very knowledgeable, friendly and offered superb customer service. He went above and beyond he added extra stops we were given an amazing experience ",en-gb,5.00,,t,viator,,ERita_S,"","Dear ERita_S,

Thank you so much for your wonderful review! We’re thrilled you enjoyed exploring Zanzibar’s southeastern side with us. It’s fantastic to hear that Said made your experience unforgettable by going above and beyond with his knowledge and warmth. We’ll be sure to pass along your kind words to him—he’ll be delighted to know his efforts left such a positive impression!

We’d love to welcome you back for more adventures with VivaOceanTours in the future. Until then, safe travels and take care!

Warm regards,
The VivaOceanTours Team",en,2024-10-30 22:45:25+05:30,119,APPLICATION,2026-09-08 10:49:21.09144+05:30,,,f
PR34ShBABC9V,RS7wqBKP1N0Z,2024-10-26 18:42:07+05:30,Shahid was an amazing tour guide. He was well informed and gave us a lifetime experience. I would highly recommend him for anyone coming to Zanzibar looking for a great experience. I give him 10 stars.,en-gb,5.00,,t,viator,,Susan_C,"","Hello Susan
Thank you so much for sharing your wonderful experience! We''re thrilled to hear that Said provided you with a memorable tour and made your time in Zanzibar truly special. Your recommendation means the world to us. We hope to welcome you back for more adventures in the future. Until then, safe travels and thank you for choosing Viva Ocean Tours! 🌊",en,2024-10-27 21:03:14+05:30,120,APPLICATION,2026-09-08 10:49:21.095853+05:30,,,f
PR34ShBABC9V,RSbiMiKpoVnZ,2024-08-24 07:47:10+05:30,"This day was absolutely amazing! Beautiful beaches to feeding the beautiful turtles and the sunset party to top it off! Said was an amazing tour guide! This was a private tour so we had the car to ourselves with great music, AC & charging ports. The lunch at the rock restaurant was good as well! ",en-gb,5.00,,t,viator,,Shonda_H,"","Shonda_H
Thank you so much for sharing your experience with us! We''re thrilled to hear that you had an amazing day exploring the beautiful beaches and feeding the turtles. It''s great to know that Said made your private tour even more special with his guidance, and that you enjoyed the comfort of the car with the added perks like music, AC, and charging ports. We''re also glad you enjoyed lunch at The Rock Restaurant. We hope to welcome you back for another unforgettable adventure soon!

Best regards,  
The Viva Ocean Tours & Safaris Team",en,2024-08-27 06:24:30+05:30,121,APPLICATION,2026-09-08 10:49:21.099516+05:30,,,f
PR3n6Vhq9LbE,RSQnQsMjivYM,2024-06-22 10:21:52+05:30,"This trip was a good way to get a taste/feel for Zanzibar. The spice farm was very interesting and the guide very knowledgeable. Stone Town was an interesting place, vibrant and quite an experience. Would recommend. ",en-gb,4.00,,t,viator,,Alice_L,"",,,,122,APPLICATION,2026-09-08 10:49:21.103101+05:30,,,f
PR3n6Vhq9LbE,RSBpeyKi9Ml5,2024-01-07 11:32:46+05:30,Amazing experience - highly recommended. The stone town guide was excellent and knowledgable. He listened to what we wanted to do and the spice tour was great too!! ,en-gb,5.00,,t,viator,,Hadeeqa_B,"",,,,123,APPLICATION,2026-09-08 10:49:33.751335+05:30,,,f
PR65hYjHRlbD,RSNp4xoypFad,2024-09-30 02:43:43+05:30,"I had an amazing unforgettable time. My guide Amina was amazing, helpful and knowledgeable. She and the driver was always on time. ",en-gb,5.00,,t,viator,,Kesha_K,"",,,,166,APPLICATION,2026-09-08 10:50:17.86951+05:30,,,f
PRlqORdWYOIw,RSWyVwyPXdvk,2024-08-11 18:39:54+05:30,,,4.00,,f,,family,Katarina,si,,,,1260,APPLICATION,2026-09-08 10:59:55.571672+05:30,,,f
PR449a3Ahmrd,RS1raXRNcoXB,2024-12-31 19:52:38+05:30,"Die Tour war an sich gut. Unser Hotel stand zur Abholung zwar nicht auf der Liste, jedoch sind wir zu einem anderen Hotel gelaufen, das 10 min fussläufig entfernt war - so konnten wir uns die Extragebühr für die Abholung sparen. Der Fahrer hat uns pünktlich abgeholt, jedoch die Zeiten der Aktivitäten drastisch gekürzt. Die Schildkröten und das Aquarium konnten wir nur eine Std sehen statt wie in der Beschreibung 3 und dann hat uns der Fahrer zum Reiten gefahren, wo wir dann nur 45 reiten durften, statt eine volle Std. 
Die Reitbegleiter haben sehr viele schöne Bilder geschossen. Die Pferde sahen gesund aus, das Reit-Equiment war neuwertig.
Vorsicht bei dem Fahrer: Er hat versucht noch zusätzlich seine privaten Touren zu verkaufen (Safaritour, Stone Town, Prison Island und privaten Taxiservice) - leider somit auch keinen professionellen Eindruck hinterlassen. ",de,3.00,,t,viator,,Zeynep_C,"",,,,125,APPLICATION,2026-09-08 10:49:35.068451+05:30,,,f
PR449a3Ahmrd,RSB9B0Etrr7j,2024-10-08 14:46:59+05:30,Never was picked up for the excursion. No  response from company. Had to request a refund. The refund comes in 3 days. Still had to pay another fee to book another excursion. Absolutely terrible. Ruined my bday ,en-gb,1.00,,t,viator,,Barbara_Q,"",,,,126,APPLICATION,2026-09-08 10:49:35.07218+05:30,,,f
PR449a3Ahmrd,RSKI02Ki5iZR,2024-08-29 18:28:05+05:30,"The tour guide we very personable, and make sure I was comfortable throughout the entire tour. The drivers was always ready to drive from hotel to each of the location and he was punctual.",en-gb,5.00,,t,viator,,MobolajiO_O,"",,,,127,APPLICATION,2026-09-08 10:49:35.077199+05:30,,,f
PR449a3Ahmrd,RS3eSzItjUQw,2024-06-02 18:14:07+05:30,"It was very interesting and they made very good  pictures and gave us a very fun time, so I would definitely recommend someone this fantastic trip",en-gb,5.00,,t,viator,,Irina_M,"",,,,128,APPLICATION,2026-09-08 10:49:35.080697+05:30,,,f
PR449a3Ahmrd,RSCppSZ6GEqF,2023-11-29 17:44:50+05:30,"Lovely tour, the horse riding was incredible!! Drivers were great and really friendly. The turtle experience was cool but watch out because they do bite! ",en-gb,5.00,,t,viator,,Mia_H,"",,,,129,APPLICATION,2026-09-08 10:49:35.084343+05:30,,,f
PR4c6g9KuYi6,RSJemr7uUY8h,2025-02-17 18:52:31+05:30,Book the lunch in advance at The Rock..and try to avoid the local sellers..bit overpriced but came down in price with strong bartering.,en-gb,4.00,,t,viator,,Jacqueline_E,"",Thank you for your support but the rock restaurant the price is the same no matter whether a foreigner or native.,en,2025-02-19 07:31:23+05:30,130,APPLICATION,2026-09-08 10:49:35.088362+05:30,,,f
PR4c6g9KuYi6,RSBLy3CYVEVf,2024-12-09 08:11:57+05:30,"Excellente journée passé avec notre guide Abracadabra qui parlait français à la perfection et son chauffeur attitré khamis. Nous avons fait du coup d''autres excursions encadré par eux deux.Nous avons eu plein d''explication sur zanzibar  et de très beaux souvenirs, Nous vous les recommandons vraiment pour passer de bons moments.....merci Abracadabra 😉",fr,5.00,1,t,viator,,FlorenceVallauri,"",Thank you for your support,en,2024-12-09 15:36:56+05:30,131,APPLICATION,2026-09-08 10:49:37.988813+05:30,,,f
PR4c6g9KuYi6,RSJh4pCALGU4,2024-09-25 08:15:23+05:30,This was one of my favorite days while in Zanzibar. Hassan was such a knowledgeable and attentive tour guide. He knew so much about the wild life at Jozani forest. I got to get up close to the red colobus monkeys which was awesome!! Kuza cave was marvelous and I got to dip my feet in the fresh water (heads up! Bring a bathing suit). Got to dance with the locals and learn how to play drums. Hassan was very flexible and took breaks as needed. And not to mention he is a such a great photographer! ,en-gb,5.00,,t,viator,,Hawi_I,"",Thank you for your support,en,2024-12-09 15:44:18+05:30,132,APPLICATION,2026-09-08 10:49:37.992604+05:30,,,f
PR4c6g9KuYi6,RSPweyALRvoA,2024-08-09 19:44:09+05:30,"Nos gustó mucho la experiencia. Nuestro guía Naser muy bien ✅.
Nos hubiera gustado pasar más tiempo en Jozani. 
Pudimos comer en The Rock aunque no teníamos reserva. Original.
",es,4.00,,t,viator,,Lydia_S,"",Thank you for your support,en,2024-12-09 15:46:08+05:30,133,APPLICATION,2026-09-08 10:49:37.997178+05:30,,,f
PR4JvVK6p5ld,RShNrAfwF125,2026-06-06 10:10:05+05:30,"There is no pick up as stated. We were walked around areas of stone town which we had visited several times during our visit for 40 mins. The guide had little communication with us. We were then taken back to the food night market. We picked several meat, chicken and sea food skewers to eat. The guide would not pay for the food and said we should have burger or pizza. He then agreed to pay and then left shortly after. We were shocked to find out he did not pay for the food therefore we had to pay. We paid £54 for two for a 3 hour tour with local food. We only had around 40 mins with no food and drink. We were also left with an additional cost of £35. We are struggling to get our money back from anyone. The tour operator is ignoring our messages and viator is leaving it up to the tour operator to sort. ",en-gb,1.00,,t,viator,,Debbie_S,"","Didn’t understand whta you actually booked. The tour explains everything vividly about what to do on the way, all is about local tastes nothing else. No seafood included. How $54 can cover everything you need including TOURGUIDE? We are deeply sorry for that.",en,2026-06-20 19:52:27+05:30,134,APPLICATION,2026-09-08 10:49:38.001304+05:30,,,f
PR4JvVK6p5ld,RS4Gwu8wc64Y,2025-07-23 19:46:01+05:30,"Mady gave us a lot of great information about history of the stone town and Zanzibar. Very detail. 
We walk through major sites. And pass through small alleys like a local.

And Mady gave us good tips about the street night market, some may not very safe to eat. 

Other than no tropical fruit and grilled seafood. Everything for us to try was there. Many good local experiences.",en-gb,5.00,,t,viator,,kenWenbin_X,"",Thank you for your support ,en,2025-07-24 07:26:44+05:30,135,APPLICATION,2026-09-08 10:49:41.780336+05:30,,,f
PR5drpvIV1aY,RSZhLKfpMPIJ,2026-07-07 17:09:18+05:30,"Our experience at the Spice Farm was amazing! The knowledgeable tour guide and natives were very engaging! Our knowledge as a group of spices were challenged and out of a score of 1 to 10,  we were about a seven...LOL. We highly recommend this excursion to all who are staying in Zanzibar. Also, the prices are great and we cannot wait to make one of our favorite dishes using  these great spices. ",en-gb,5.00,,t,viator,,Anthony_I,"",,,,136,APPLICATION,2026-09-08 10:49:41.785612+05:30,,,f
PR5drpvIV1aY,RSi9gNixmPwF,2026-03-22 17:37:05+05:30,"You have to put mosquito repellent, the place is an outdoor farm with plants and many mosquitoes in a tropical environment. We were hoping for a spice market and we had to withdraw because the mosquitoes bit our legs, if we had been told or hit at the start we would have enjoyed a lot",en-gb,3.00,,t,viator,,martha_b,"",,,,137,APPLICATION,2026-09-08 10:49:54.390618+05:30,,,f
PR5drpvIV1aY,RSGQ71ir7g9A,2025-12-04 14:06:04+05:30,"Great experience and most amazing day with lukman , highly highly recommended ! Everything was perfectttttt",en-gb,5.00,,t,viator,,Hiba_H,"",,,,138,APPLICATION,2026-09-08 10:49:54.395697+05:30,,,f
PR65hYjHRlbD,RSCjiZpSHmY4,2024-09-11 12:25:28+05:30,Leider ist dieser Ausflug nicht empfehlenswert. Es wurden ca 100 Menschen auf eine kleine Sandbank abgelden für ca 2h. Danach kam das gross angepriesene Seafood Mittagessen. Das hat leider auch überhaupt nicht überzeugt. Zum Schluss durften wir ca 5min in einer kleinen Lagoone schnorcheln. Alles in allem nicht empfehlenswert. Unser Guide Amine war jedoch sehr gut und hat sich sehr um uns bemüht.,de,2.00,,t,viator,,Valentina_C,"",,,,167,APPLICATION,2026-09-08 10:50:17.873553+05:30,,,f
PRlqORdWYOIw,RS32mLFuwUyM,2024-07-09 17:37:20+05:30,,,5.00,,f,,,,,,,,1261,APPLICATION,2026-09-08 10:59:55.576046+05:30,,,f
PR5drpvIV1aY,RSSFgD4AIkh6,2025-07-03 16:11:12+05:30,"Our friendly driver Salim collected us from the hotel and drove us to Stone Town where we were met by our tour guide, Hassan. He walked us around the historic parts of the city with lots of information and checking we understood, answering any questions. His English was very good. 

We weren’t entirely convinced we got the best prices at the gift shop and spice stall he encouraged us to stop at but we were also happy to invest in the local economy. 

The slavery exhibition was excellent at telling the story of this brutal part of history, and the memory of standing where the slaves were held before market will stay with us for a long time. 

Then to be taken to the Spice Farm and eat an absolutely delicious home cooked meal with stunning views was a joy. 

The Spice Farm tour was informative and entertaining, again our guide Yazan had excellent English and we enjoyed learning about the different spices and plants grown there. 

The journey was safe and we’d recommend this to any traveller ",en-gb,5.00,,t,viator,,Gareth_a,"",,,,139,APPLICATION,2026-09-08 10:49:54.400564+05:30,,,f
PR5drpvIV1aY,RScVjpAfkpYP,2025-06-02 04:19:22+05:30,"We had such a wonderful time on our **Stone Town and spice farm tour** today! Yasser, our guide, was absolutely brilliant. He did an excellent job of sharing the fascinating history of Stone Town with us.

What made it truly special was how incredibly patient and understanding Yasser was with our elderly parents. He walked at a comfortable, leisurely pace through the charming streets, making sure everyone felt at ease. It was a truly **great experience** for the whole family!",en-gb,5.00,,t,viator,,Nicole_G,"",,,,140,APPLICATION,2026-09-08 10:49:54.405774+05:30,,,f
PR5drpvIV1aY,RS4scBi7EZ2g,2025-05-29 19:56:01+05:30,"This was a wonderful experience. Walking through Stone Town and listening to the history as well as testing our knowledge of the spices on the spice farm was amazing. Yasser was an excellent tour guide, frequently checking to see if we had any questions and making sure the experience was more than what we had expected. He was responsive and was even helpful in offering suggestions for other tours that made sense for our itinerary and where we were staying. All the drivers provided to and from were prompt and friendly. We were truly able to have a great experience with no worries or as is said, Hakuna Matata. I will be reaching out to Yasser on any future trips to Zanzibar and recommend this tour as well as any others Yazan tours has to offer. ",en-gb,5.00,,t,viator,,Lamia_B,"",,,,141,APPLICATION,2026-09-08 10:49:54.409393+05:30,,,f
PR5drpvIV1aY,RSiu7QvQM8SQ,2024-07-29 18:45:59+05:30,"El tour de las especias estuvo genial, el chico estaba entusiasmado y nos explicaba todo con muchos detalles, la comida estaba muy buena, nos dijo que la cocinaban las mujeres de allí, sin embargo por la tarde al visitar stone town se veía que estaba cansado y casi ya no nos explicaba nada, también al preguntarle no sabia muy bién que responder porque no estaba bién informado, en la iglesia no nos explico nada, simplemente se sentó 5 minutos y nos fuimos, el recorrido fue muy corto por stone town viendo todo muy ràpido y sin explicar nada. Nos quedamos con ganas de ver más en stone town. Te obligan a dar propina por todo, el hombre que sube a la palmera, al que te hace unos sombreros con palma, el que te da fruta… ",es,3.00,,t,viator,,Carme_M,"",,,,142,APPLICATION,2026-09-08 10:49:54.413288+05:30,,,f
PR5hsfJHz3Jz,RSstxUn761mm,2024-06-28 11:32:31+05:30,"Jozani forest trip is soothing, interesting and funny due to Monkeys and nature. Mangrove forest is surprising and interesting, nice exploration, good guide for both. 
Spice farm is the best part, staff is funny, welcoming and deserves all the tips and in-site purchases due to their hard and interesting work. You’ll be happy to support the village and meet all the local people (if you can, bring some gifts for the children like pencils and sweets). Overall, Spice Farm is a must-go for a Zanzibar travel! 
Stone Town tour is a bit disappointing: very crowded town, feeling of being aimed constantly from vendors doesn’t allow you to look a lot around you in a calm way, if you’re a Woman you’ll be object of uncomfortably staring and comments from the local people (especially in the fish market) and honestly that could ruin your trip. A city to visit if you can place layers and filters in your judgment and just live the pulsating heart of Zanzibar, we strongly recommend to ask and talk to guide to meet your requirement (eating, bathroom, suggestions) and you’ll be satisfied with almost no issues. However, our guide’s explanation wasn’t always very clear nor involving and sometimes dropped sexist jokes which weren’t funny. Driver was not very talkative but overall ok.",en-gb,4.00,,t,viator,,AndreaDomingo,"","Thank you for sharing your experience. We appreciate your honest feedback about the Stone Town tour. We''re sorry to hear about the discomfort you felt and the guide''s conduct, which we’ll address with our team to improve future experiences. Your suggestions are valuable, and we''re glad you found some aspects of the tour helpful. We hope to provide a better experience if you visit again.

Best regards,  
The Viva Ocean Tours & Safaris Team",en,2024-08-25 15:59:04+05:30,143,APPLICATION,2026-09-08 10:49:54.416808+05:30,,,f
PR5hsfJHz3Jz,RSPRljZRv9Vn,2024-06-15 19:19:17+05:30,"We had a fabulous time . Driver took great care of us and we had brilliant guides at all of our stops. They all had fantastic knowledge and showed us all the highlights. We loved the Jozani forest where we found out about the various trees and we took some great pictures of the monkeys. At the Spice Farm we were shown where all the spices came from and what they looked like on the tree. Smelt nutmeg, lemongrass , turmeric, cloves etc and got a chance to buy some of them. Also had a fruit tasting session. At the end we were presented with woven headgear etc. Guides were friendly and asked what we wanted to experience. As part of the trip we visited a small African project and got to hold various chameleon s. 
At Stone Town we had anther fabulous guide whose knowledge was outstanding. He took us all over the town where we saw historical sites, and the markets . A memorable day packed with out standing sites which were enhanced by the superb guides and of course our driver. Big thanks to them all . We have some amazing pictures.",en-gb,5.00,,t,viator,,JayneLesley_S,"","Hello JayneLesley
Thank you for your wonderful review! We''re thrilled to hear that you had a fabulous time exploring Zanzibar with us. It''s great to know that our guides and driver made your day memorable with their knowledge and care. We''re glad you enjoyed Jozani Forest, the Spice Farm, and Stone Town, and that you took home some amazing memories and photos. We hope to welcome you back for another adventure soon!

Best regards,  
The Viva Ocean Tours & Safaris Team",en,2024-08-25 16:03:40+05:30,144,APPLICATION,2026-09-08 10:49:55.67386+05:30,,,f
PR5KOvSz41xv,RSWosBFuSFvO,2026-02-10 12:32:21+05:30,Highly recommend doing the tour and cooking class.  We got picked up in stone town did the tour with our wonderful guide.  After the tour we got to work chopping and helping make our lunch that was delicious 😋 It was a wonderful experience using the spices we learned about ,en-gb,5.00,,t,viator,,Karen_M,"",,,,145,APPLICATION,2026-09-08 10:49:55.67911+05:30,,,f
PR5KOvSz41xv,RS0luTah0X2P,2025-02-22 05:33:58+05:30,"Une expérience très enrichissante et cultivante, je recommande vivement on a passé une très belle journée ",fr,5.00,,t,viator,,Karim_M,"",,,,146,APPLICATION,2026-09-08 10:49:58.962599+05:30,,,f
PRgdJhhXie1u,RS8LM8WzSkYk,2026-01-19 12:51:30+05:30,It was a really interesting experience and spectacular views. The crew was great! Lovely trip with great food,en-gb,5.00,,t,viator,,Matas_L,"",,,,790,APPLICATION,2026-09-08 10:55:38.993025+05:30,,,f
PR5KOvSz41xv,RSX8IITXP7fs,2024-06-26 06:42:02+05:30,"Our group of three had a very enjoyable experience. Our tour guide and his assistant were knowledgeable and personable, and the farm had many spices, as well as cacao and vanilla. The cooking class at the end was fun and the resulting meal was beyond delicious, we agreed. The only reasons the raring isn’t 5 stars: (1) Their driver went to the wrong hotel to pick us up, throwing our schedule off several hours. (2) When the chef had finished cooking the meal, she scooped up portions of everything and put them aside, presumably for her family. She then served us and we ate. We definitely had no problem with her keeping food, since we couldn’t have possibly eaten it all, but her timing was a little off-putting since we were guests and we paid for it. ",en-gb,4.00,,t,viator,,LaMont_J,"",,,,148,APPLICATION,2026-09-08 10:49:59.003456+05:30,,,f
PR5KOvSz41xv,RSXQisSmwqCc,2023-10-03 06:15:59+05:30,"Une expérience  authentique de partage . Visite de la ferme aux épices avec un guide francophone  très intéressant  et preparation de cuisine ensuite avec la mama dans la case sur la natte ( pas ressemblant  à la photo du prestataire 🤣 dans une une cuisine aseptisée !!!!) Beaucoup  d échanges  de partage de sourires lors de ce moment inoubliable. A vivement recommander  pour découvrir  leur vie et la cuisine  swahili.  Dégustation  de fruits de thes et de cafes.
Seul bémol  le guide l''agence de voyage ne parlait pas du tout français contrairement  à  ma demande lors de la réservation.  ",fr,5.00,1,t,viator,,Caroline_V,"",,,,149,APPLICATION,2026-09-08 10:49:59.016033+05:30,,,f
PR5KOvSz41xv,RSLRC5rOZ4Pw,2025-12-04 15:25:34+05:30,,,5.00,,f,,alone,Alba,es,,,,150,APPLICATION,2026-09-08 10:49:59.019368+05:30,,,f
PR5KOvSz41xv,RS234BGrtowe,2025-10-21 23:00:09+05:30,,,3.00,,f,,partner,Dieter,bw,,,,151,APPLICATION,2026-09-08 10:49:59.023026+05:30,,,f
PR5l7lgLbKY7,RSlggUHR1siN,2025-01-26 12:55:54+05:30,"No one showed up on the day of the booking, I had to book something else. Luckily the company reached out at mid day and gave me a full refund.",en-gb,1.00,,t,viator,,Andri_J,"",,,,152,APPLICATION,2026-09-08 10:49:59.027009+05:30,,,f
PR5l7lgLbKY7,RSilEHaKPORL,2024-12-05 23:16:09+05:30,Zabavno i edukativno. Moj vodič je bio dobro informiran i simpatičan. Potrudio se da na Prison Island stignemo prije gužve i uživamo u miru otoka. Svježe voće na plaži 🙂,hr,5.00,,t,,alone,Ivana,hr,,,,153,APPLICATION,2026-09-08 10:50:01.318325+05:30,,,f
PR5l7lgLbKY7,RSqFfrshg0og,2024-11-06 01:09:49+05:30,"De gids en organisator van de trip heeft in feite geen toegevoegde waarde gehad, anders dan het van en naar de taxi brengen. Op het gevangenis eiland is er geen nuttig woord uitgekomen wat men niet kan lezen op Wikipedia of de bordjes naast de bezienswaardigheid. Daarbij vielen de bezienswaardigheden ons zeer tegen. De gids deed geen moeite om het verhaal aantrekkelijker te maken en extra '"charisma'" toe te voegen. Het lokale fruit op het strand was voor ons het hoogtepunt. Bij de spicefarm, een toeristische '"modelboerderij'" in het midden van het eiland van niet inheemse specerijen, was de gids geheel verdwenen totdat we weer weg gingen terug naar het hotel. We willen het niet plat slaan, maar we hadden er wel iets(!) meer van verwacht. Wellicht dat andere partijen dit beter zouden kunnen.",nl,2.00,,t,,friends,,,,,,154,APPLICATION,2026-09-08 10:50:01.322112+05:30,,,f
PR5l7lgLbKY7,RSnzsuLVdNf5,2024-10-03 14:16:58+05:30,The guides we had were very nice and funny and both prison island and spice farm was very interesting. This is a trip everyone who are visiting Zanzibar should experience.,en-gb,5.00,,t,,friends,Daniel Reoveros,no,,,,155,APPLICATION,2026-09-08 10:50:01.325797+05:30,,,f
PR5l7lgLbKY7,RSKBuBJ5egA0,2024-08-27 10:58:05+05:30,"C’est un lieu unique et extraordinaire, le paysage est magnifique",fr,5.00,,t,,alone,Willy,fr,,,,156,APPLICATION,2026-09-08 10:50:01.329463+05:30,,,f
PR5l7lgLbKY7,RS57lbWXbB1r,2024-08-04 04:24:42+05:30,,,5.00,,f,,partner,Mathilda,fr,,,,157,APPLICATION,2026-09-08 10:50:01.333695+05:30,,,f
PR5q2YDEDbq2,RSli6GMB7nvR,2024-09-22 20:15:22+05:30,"Quelle journée !! 
Tout était parfait… le remis, la taille de notre groupe, avec qui nous avons passé un très bon moment, les accompagnants, les paysages et le déjeuner : absolument tout !!!
Une activité à ne pas manquer, pour des souvenirs merveilleux. ",fr,5.00,,t,viator,,Veronique_D,"",,,,158,APPLICATION,2026-09-08 10:50:01.337742+05:30,,,f
PR5xsiMezIah,RSjRPcv8NOnp,2026-02-21 18:09:33+05:30,"We made a new friend today - his name is Masoud

He took us on a very interesting visit to a spice farm first. And we actually knew SOME of the spices he showed us. We could also see how they grew and a little of how they are processed. Many look nothing like what we are used to seeing in packets!!

Then we toured Stone Town. It is amazing how much there is to see and how much history in a small space. And it feels like a maze so a guide is vital. Otherwise we’d probably still be wandering around 🤪🤪

Nothing was too much trouble for Masoud and he had answers to all our questions

We were so lucky and so grateful. Ramadan Kareem Masoud",en-gb,5.00,,t,viator,,Phil_G,"",We are very much pleased when we hear such a touching review. You were wonderful to me and the people aroud us,en,2026-02-21 22:26:34+05:30,159,APPLICATION,2026-09-08 10:50:05.680812+05:30,,,f
PR5xsiMezIah,RSgc7yESwzMm,2025-10-21 03:45:32+05:30,Masoud is an amazing guide. He's an encyclopedia. He gave us all the facts and street knowledge about stone island and the spice farm. Absolutely worth it! ,en-gb,5.00,,t,viator,,romangcabrera,"",Mucho grasies amigo ,es,2025-10-21 17:51:09+05:30,160,APPLICATION,2026-09-08 10:50:13.750507+05:30,,,f
PR5xsiMezIah,RSR2O4ed4Y1L,2025-09-11 15:51:57+05:30,"Masoud was our guide, he was wonderful and made sure we got everything we wanted, plus some! We were unaware the excursion we signed up for did not include prison island since we saw some people post pics of it. He made sure we were still able to see it in additional to our tours. Definitely recommend him! ",en-gb,5.00,,t,viator,,Kyndra_H,"",,,,161,APPLICATION,2026-09-08 10:50:13.76115+05:30,,,f
PR5XZDvW8vtR,RSG1maIeeME3,2025-10-23 05:42:26+05:30,"Wonderful experience.  Guide went out of his way to help and educate .  Impressive markets, cathedral, slave memorial, lunch and city streets.",en-gb,5.00,,t,viator,,Jack_J,"","Thank you for your kind feedback. We’re glad you had a wonderful experience and that the guide made the effort to both support and educate throughout the tour.

It’s great to hear you enjoyed the markets, the cathedral, the slave memorial, and exploring the city streets along with the lunch. We appreciate your comments and hope to welcome you again in the future.",en,2026-03-25 14:17:42+05:30,162,APPLICATION,2026-09-08 10:50:13.765374+05:30,,,f
PR65hYjHRlbD,RSq8uqh10VTa,2025-11-19 10:38:33+05:30,"Great experience, it was all very organised and people are very friendly and welcoming and definitely worth the price. ",en-gb,5.00,,t,viator,,Leon_K,"",,,,163,APPLICATION,2026-09-08 10:50:14.889092+05:30,,,f
PR65hYjHRlbD,RSFpMxmGPni1,2025-09-12 17:40:38+05:30,"It is a once in a live time experience, one I am sure I will not forget.

From pick up to drop off the music created a good vibe and the food was great.

Thank you Mister P",en-gb,5.00,,t,viator,,Werner_R,"",,,,164,APPLICATION,2026-09-08 10:50:17.86032+05:30,,,f
PR65hYjHRlbD,RSADmVHY2vjw,2025-08-23 19:38:19+05:30,"We spent a superb day with our guide Brahim, allias Mister B. Everything was beautiful, the sandbanks, the turquoise water of the ocean, the fish, the starfish.......the boat crossing, the seafood meal, everything was top!!!! It is recommended",en-gb,5.00,,t,viator,,Emmanuel_C,"",,,,165,APPLICATION,2026-09-08 10:50:17.864863+05:30,,,f
PR65hYjHRlbD,RSNQNqsj78Gg,2024-09-03 16:08:07+05:30,"Picked up 8am at hotel.  At the beach, waited til 9.30am for the canoe to come, not a dhow.  We asked where’s the dhow.  Then waited til 10.30am for the dhow to come.  At the sand bank, there was no fruits whereas other groups had fruits.  The guide managed to borrow some fruits fr other guides.  He cut up the fruits for us when we got back on the boat.  Lunch was a let down, other groups around us had big size lobsters and out group had tiny lobsters, 1/3 of the size lobsters of other groups.  The itinerary stated a stop at Niamembe island, but the guide told us it is the same as blue lagoon, which is incorrect.  Overall experience was a negative.",en-gb,2.00,,t,viator,,Samantha_P,"",,,,168,APPLICATION,2026-09-08 10:50:17.87765+05:30,,,f
PR65hYjHRlbD,RSo4pukUT5Pw,2024-06-29 09:18:59+05:30,The tour guide was hospitable but can't say the same with the Captain. He caused an unnecessary conflict between himself and the passengers by wanting to overload the boat with passengers from his fellow colleague.,en-gb,4.00,,t,viator,,Thabiso_M,"",,,,169,APPLICATION,2026-09-08 10:50:17.881879+05:30,,,f
PR65hYjHRlbD,RSd8UUMruGJk,2024-02-21 19:21:07+05:30,"Sandbar you snorkel out has a small amount of coral and some fish. If you have never snorkeled before it may be a fun experience but for any one who has snorkeled before it is pretty dull and probably one of most boring snorkel spots I''ve ever been too. The blue lagoon is just a lagoon where water is about 4ft deep and pretty much devoid of fish. Seafood lunch wasnt bad and the staff were very friendly and helpful
However overall I believe this is not worth the money",en-gb,1.00,,t,viator,,Robert_P,"",,,,170,APPLICATION,2026-09-08 10:50:17.8863+05:30,,,f
PR65hYjHRlbD,RSz0xK7Uy0fJ,2024-02-16 07:08:17+05:30,"The spots visited were the redeeming factor. The tour guide though nice as a solo lady travelling barely spoke English or knew about the locations being visited. Each time question asked, she needed to consult with boat captain who also said nothing until the final stage of the trip. Saving grace was a guest who also doubled as a boat man who just happened to be on the trip. Do the same route but suggest finding the original Safari Blue for the tour. ",en-gb,3.00,,t,viator,,Upenyu_M,"",,,,171,APPLICATION,2026-09-08 10:50:17.890434+05:30,,,f
PR65hYjHRlbD,RSz6MJP4Ull1,2024-02-10 17:43:28+05:30,"The guide did his best to please the guests, but not well organized, the guide said we will be at the sandbank for 15-20 min. We stayed there for almost an hour - there is not so much to see. The lunch was homemade and good. Information and time schedule for each destination from the boat was spares but the captain did a good job getting us back in high tide 😊🌊 the kwale island and the blue lagoon seemed nice but not enough time to experience it properly. Honestly it was not worth 100 USD maybe 70 USD ",en-gb,3.00,,t,viator,,Adnan_H,"",,,,172,APPLICATION,2026-09-08 10:50:17.894178+05:30,,,f
PR65hYjHRlbD,RS2CuQ2MUD41,2024-01-26 18:21:48+05:30,"Snorkelling and blue lagoon was fabulous , great guide very informative amazing lunch ! Only us on the boat which was lovely!",en-gb,5.00,,t,viator,,Heather_S,"",,,,173,APPLICATION,2026-09-08 10:50:17.898181+05:30,,,f
PR65hYjHRlbD,RS5NuSoSGxcT,2024-01-18 15:35:59+05:30,Completed this tour back in December and had a wonderful day! Sunnia was my guide and she did a really good job explaining the locations we were in and how the day would play out :),en-gb,5.00,,t,viator,,Tayla_K,"",,,,174,APPLICATION,2026-09-08 10:50:17.902301+05:30,,,f
PR65hYjHRlbD,RSy3ryF7yGUd,2023-12-25 08:40:27+05:30,"The best tour I made on Zanzibar. The organisation could be however improved. They picked me up AT 8:00 as agreed but then in port I had to wait nearly 1h 45min before we start to get to boat. 
The guide is very friendly, pitty she does not provide any information about Zanzibar and places to be visited. She is there just to accompany you during the trip. 
",en-gb,5.00,,t,viator,,Martin_D,"",,,,175,APPLICATION,2026-09-08 10:50:17.908386+05:30,,,f
PR65hYjHRlbD,RS0l9kMkFGKK,2023-12-17 18:01:32+05:30,"Great Safari Blue tour, started with sand bank stop with juicy fresh fruit, snorkelling stop, a wonderful and plentiful seafood lunch and time for a final dip in the lagoon. Abas stayed with me throughout and was a fantastic guide again, attentive, supportive, knowledgeable and professional. Simba our driver was experienced and professional. I recommend this tour, a really lovely day out.",en-gb,5.00,,t,viator,,Lorraine_A,"",,,,176,APPLICATION,2026-09-08 10:50:17.913591+05:30,,,f
PR65hYjHRlbD,RSHvRynp4okb,2024-03-29 10:21:53+05:30,,,5.00,,f,,family,francesco,it,,,,177,APPLICATION,2026-09-08 10:50:17.927072+05:30,,,f
PR6AgXr5rCb1,RSmXAwrLEWfk,2026-08-31 12:11:59+05:30,On a eu droit à un guide très sympathique. L’expérience était très belle!,fr,5.00,,t,,partner,Samira,ci,,,,178,APPLICATION,2026-09-08 10:50:17.932506+05:30,,,f
PR6AgXr5rCb1,RS7SV9ncwSIC,2026-07-02 00:57:52+05:30,"We booked this full-day tour to see a bit of everything, and it didn''t disappoint. The dolphin watching portion was exciting, and we managed to get some great photos. Nungwi and Kendwa beaches are stunning—the white sand and turquoise water look like a postcard. Maldives whooo?

The lunch was a nice inclusion and saved us the hassle of finding a spot on our own. It’s a long day, but well worth it to see the northern tip of the island properly. Great value for money and a highly recommended way to see the best of Zanzibar in one go.",en-gb,5.00,,t,viator,,Valerie_P,"",,,,179,APPLICATION,2026-09-08 10:50:20.774658+05:30,,,f
PR6AgXr5rCb1,RSjlJxaZmQKw,2025-11-10 20:40:21+05:30,"The snorkeling and lunch was good. The dolphin swimming is crazy dangerous for both dolphins and humans. MANY MANY boats all recklessly rush towards dolphins and people are jumping in and out of boats to swim with dolphins. I’m amazed no one was run over with a boat. I imagine many dolphins get hit by these reckless boats. Skip this one and stop torturing, endangering, and harming these beautiful creatures.",en-gb,3.00,,t,viator,,Carol_L,"","Dear Carol
Thank you for joining our tour and for appreciating the snorkeling experience and lunch. We are truly sorry that the dolphin activity did not meet your expectations.

At Wise Tour, the safety of our guests and the protection of marine life are our top priorities. Our team follows the official Zanzibar marine guidelines for dolphin watching — keeping a safe distance, avoiding sudden movements, and educating visitors about responsible tourism.

Unfortunately, the dolphin area is open to all operators, and we share the ocean with many other boats. Even so, we always focus on eco-friendly practices to make sure guests enjoy the beauty of Zanzibar’s dolphins without stress to the animals.

We appreciate your feedback as it helps us continue improving and promoting responsible tourism.

We warmly welcome future travelers to join Wise Tour for an ethical, safe, and unforgettable Zanzibar experience — exploring our islands, reefs, and beaches with respect for nature and local culture.
",en,2025-11-11 06:38:42+05:30,180,APPLICATION,2026-09-08 10:50:20.788937+05:30,,,f
PR6AgXr5rCb1,RSSXZq0MMOoX,2025-08-01 01:25:09+05:30,This was a really fun experience- it was amazing to see the dolphins so up close (even though I didn’t personally get an opportunity to swim with them). I also really enjoyed feeding the green turtles at the aquarium! The sunset at Kendwa Beach was a perfect end to the day.,en-gb,5.00,,t,viator,,Lori_G,"",,,,181,APPLICATION,2026-09-08 10:50:20.793515+05:30,,,f
PR7Qx1ZYW1RJ,RSTQl99M7arO,2023-09-30 06:38:36+05:30,Realy nice tour. Spelially the giude in Stone town and prison island. We were taking care of from the minute they toked us to the minute they bring as back to hotel.,en-gb,5.00,,t,viator,,Raimondas_B,"",,,,327,APPLICATION,2026-09-08 10:51:02.364278+05:30,,,f
PR6W9ToY6tmq,RSb3wPGFHuMC,2026-01-18 11:08:47+05:30,Please be aware that The Fort has been closed and The Wonder House also closed for many years. This was our highlight and not mentioned in advance of the tour as we would have cancelled if we knew beforehand. ,en-gb,2.00,,t,viator,,Katherine_M,"","Hello 
Thank you for your review.
But remember the Fort is temporarily closed they do renovation and not closed for many years the Fort renovation still happened this January but soon once they finish they will be open again.
The same as house of wonder they fall down some part because its old building but they do renovation again and once you pass there you see people working.
The only mistake that we didn''t say is that place is temporarily closed.
But even if its closed they are so many attractions is open and we bring the bring people to learn the history.
Even the Fort is renovate now but still from outside and the guide explains the history of the Fort the only thing that you miss is you didn''t enter inside.
You stay outside.",en,2026-01-18 18:43:26+05:30,182,APPLICATION,2026-09-08 10:50:20.798868+05:30,,,f
PR6W9ToY6tmq,RSzgxhi5nsGj,2025-01-26 00:35:06+05:30,"Een privétour door de oude, smalle straatjes van Stone Town is een aanrader. En ook het bezoek aan de voormalige slavenmarkt vonden we erg indrukwekkend",nl,4.00,,t,,partner,Brenda,NL,,,,183,APPLICATION,2026-09-08 10:50:32.284951+05:30,,,f
PR7fiYrDBhm0,RStjRKcHxKPf,2025-03-21 21:02:19+05:30,"Tour operator never showed
 After 90 min late they called and apologized. Too late made other plans.
No communication, very frustrating.
 ",en-gb,1.00,,t,viator,,Todd_H,"","we had internet problems due to frequently power cut, once restored we had to contact a customer and had already made other plan.",en,2025-03-24 11:31:31+05:30,184,APPLICATION,2026-09-08 10:50:32.304311+05:30,,,f
PR7fiYrDBhm0,RSBhbYYhyl6i,2023-12-23 19:03:39+05:30,"We were able to get a few pictures in here and there, however overall the experience was not the most memorable for us hence the 2 stars.  The were no warning shots of what we were just about to see until suddenly we got there. It also felt quite rushed at times. When we arrived the tour guild had not identification on him so we had difficulty trusting it was who it was supposed to be. I think that set the tone for the rest of the day. 

Lastly we did not get lunch or soft drinks included never mind bottled water. We knew it was included in the package and expected the tour guide to sort this out but he disappeared and did not make any attempt to pay whilst he watched us pay and then we noticed him taking some money from the waitresss. And when we finished the tour he tried to come into our hired car to get a lift to where he lived. 

Not a great experience overall but thankfully we went as a couple and could keep each other company and take pictures of ourselves. ",en-gb,2.00,,t,viator,,Adenike_o,"",,,,185,APPLICATION,2026-09-08 10:50:43.959672+05:30,,,f
PR7g45Xbw3Mk,RSR0eFqS20R1,2026-02-17 18:29:03+05:30,"Arrived and had a swim in the cave.. We believe we been bit by some little creatures in the water though ..but cannot confirm . Water is crystal clear , you cant even see where the surface starts :)
You can also buy a coconut or bottle of beer. It was not busy at all",en-gb,5.00,,t,viator,,Tomas_V,"",,,,186,APPLICATION,2026-09-08 10:50:43.964679+05:30,,,f
PR7g45Xbw3Mk,RSQnTbJMR7Vl,2024-09-21 08:20:09+05:30,Swimming in the Cave was amazing. The cooking lesson was very inspiring & drum bear lessons were also quite cool,en-gb,4.00,1,t,viator,,Hellen_E,"",,,,187,APPLICATION,2026-09-08 10:50:45.967182+05:30,,,f
PR7g45Xbw3Mk,RSKu4jYMa1Gb,2023-10-13 10:51:08+05:30,Most beautiful caves we have seen. We however had to ask to be shoen the other attractions as the guide was attending to four groups. The tea garden was disappointing. But once again - the caves were stunning and swimming there was some experience. We did not partake in the vooking as my wife was not well,en-gb,4.00,,t,viator,,Alex_J,"",,,,188,APPLICATION,2026-09-08 10:50:45.972222+05:30,,,f
PR7Qx1ZYW1RJ,RS4IL0KmJ4MS,2026-08-09 14:59:36+05:30,"Amina was delightful and very knowledgeable about Stone Town and Zanzibar’s history. I had a great day and would highly recommend this tour and Amina in particular.  
Also how cute are the tortoises!",en-gb,5.00,,t,viator,,Eileen_w,"",,,,189,APPLICATION,2026-09-08 10:50:45.976999+05:30,,,f
PR7Qx1ZYW1RJ,RShCkxRzogZg,2026-07-21 16:31:01+05:30,"You are going to discover a very interesting city, Stone Town, with many very interesting corners and it has the complement of Prison Island, where you will be surrounded by giant tortoises. The spice farm, I could have done without it",en-gb,4.00,,t,viator,,JoseLuis_J,"",,,,190,APPLICATION,2026-09-08 10:51:00.451702+05:30,,,f
PR7Qx1ZYW1RJ,RSdWBVi7ZEeM,2026-06-20 21:49:08+05:30,Good way to get to know  stone town and prison island! We also enjoy the spice farm Ali our guide made it a very enjoyable experience ,en-gb,5.00,,t,viator,,Anna_A,"",,,,191,APPLICATION,2026-09-08 10:51:00.455857+05:30,,,f
PR7Qx1ZYW1RJ,RSVXq6JqmgVe,2026-04-07 12:35:54+05:30,Amazing experience! Our tour guide Amina was wonderful and we really enjoyed our time with her. It was perfect — the spice tour was our favorite part! Definitely worth every penny. ,en-gb,5.00,,t,viator,,Nikki_K,"",,,,192,APPLICATION,2026-09-08 10:51:00.459996+05:30,,,f
PR7Qx1ZYW1RJ,RSl87fmP28yS,2026-03-21 16:13:57+05:30,Amina was an amazing guide. We learned so much from her. She was so adaptable and was able to navigate us around rain and Eid craziness in town. We thoroughly enjoyed our time on this tour. We felt like we hit all the highlights of Stonetown that we could have in one tour. ,en-gb,5.00,,t,viator,,Jennifer_K,"",,,,193,APPLICATION,2026-09-08 10:51:00.463535+05:30,,,f
PR7Qx1ZYW1RJ,RSpmJwDWQgN2,2026-03-12 10:37:02+05:30,"A really enjoyable, informative and excellent day. Amina was simply brilliant so knowledgable, constantly checking that all was ok, tour was meeting my needs and expectations. Highly recommend",en-gb,5.00,,t,,alone,Mark,je,,,,194,APPLICATION,2026-09-08 10:51:00.467211+05:30,,,f
PR7Qx1ZYW1RJ,RSnrpYOR1ioD,2026-02-20 22:01:38+05:30,Amina (the only female guide in her company) was our guide. She was well informed and very knowledgeable. At the beginning she asked what our interests are. We said history and culture. She proceeded to give the normal tour but expanded it with the interesting history and the historical and current culture of Zanzibar. It was the first day of Ramadan and she explained many of the rules & customs around Ramadan. If we return to Zanzibar we will definitely request Amina to be our guide,en-us,5.00,,t,,family,Andre,mx,,,,195,APPLICATION,2026-09-08 10:51:00.470738+05:30,,,f
PR7Qx1ZYW1RJ,RSzysH6LYg2t,2026-01-31 11:40:23+05:30,"This private tour included a visit to the Tangawizi spice farm followed by a walking tour of Stone Town.

The Tangawizi “spice farm” was not really a farm in the traditional sense. It was a couple of acres on the outskirts of Stone Town with various plants growing there. That said, we did see examples of nutmeg, vanilla, cocoa, coffee, cinnamon, jackfruit, ginger, turmeric, and lemongrass. It was informative at a basic level, but if you are looking for a true working spice farm experience, I would recommend seeking out a larger, more authentic operation.

After the spice stop, we continued with a walking tour of Stone Town. The route through the vegetable, fish, meat, and spice markets was visually fascinating and lively. Unfortunately, the guide’s explanations were fairly perfunctory. He spent more time greeting friends and acquaintances than explaining the history, culture, or nuances of what we were seeing.

Our guide (Mr. P) was knowledgeable but not very enthusiastic. He had difficulty making eye contact and made little effort to engage with us personally or to learn anything about us, which made the experience feel transactional rather than “private.”

Several practical aspects could have been improved, especially given the heat. Water was not offered (we had to ask), restroom breaks were not proactively suggested, and there were no suggestions to rest during the walking portions.

The van itself was adequate and nicely air-conditioned. The driver’s English was limited, but he eagerly—perhaps a bit too eagerly—engaged us about an upcoming football match. Once football topics were exhausted (and so was his English), he turned on music.

We met the guide at the spice farm, and he returned with us to Stone Town. During the drive, the guide and driver spoke to each other and made no effort to include us. They asked to play “Swahili music,” which turned out to be about 30 minutes of techno rap in Swahili accompanied by videos of gangsters throwing money around. One song featured women singing “who the f*** is the master?” This felt like a poor and somewhat jarring representation of Zanzibar and Tanzania.

Overall, the tour covered interesting places, but the delivery, engagement, and attention to guest comfort significantly detracted from the experience. With more thoughtful guiding and better logistics, this could be much stronger.",en-gb,3.00,,t,viator,,Lisa_S,"",,,,196,APPLICATION,2026-09-08 10:51:00.474614+05:30,,,f
PR7Qx1ZYW1RJ,RS0CQMII72rA,2026-01-27 20:13:03+05:30,Both our tour guys were great. Abraham was awesome!! Super knowledgeable and very patient. He made sure we were well taken care of and even went over his time to accommodate us. Would highly recommend ,en-gb,5.00,,t,viator,,LaRhonda_M,"",,,,197,APPLICATION,2026-09-08 10:51:00.47962+05:30,,,f
PR7Qx1ZYW1RJ,RSEv8kIlUrP8,2026-01-23 13:23:11+05:30,Our tour guide Ibrahim was kind accommodative and very knowledgeable. We needed an ATM he went out of the way to assist us. We enjoyed spending time with him.,en-gb,5.00,,t,,partner,Ingrid,za,,,,198,APPLICATION,2026-09-08 10:51:00.483888+05:30,,,f
PR7Qx1ZYW1RJ,RSjvGGoQBh3r,2026-01-16 17:00:21+05:30,"Very nice experience. It was perfect except crossing to Island prison, too many waves and lack of communication before pickup.
I recommend.",en-gb,5.00,,t,viator,,Patricia_I,"",,,,199,APPLICATION,2026-09-08 10:51:00.487377+05:30,,,f
PR7Qx1ZYW1RJ,RSqlpkvBE8PI,2026-01-15 14:47:45+05:30,"Fantastic day picked up by Ibrahim and Ali who made our day special, safe and informative, I''m not a great come and buy some products guy but the Spice Farm was very informative and the Prison  Island Tour was made by the zaniest boat trip ever where we virtually bounced  off four walls.. ....awesome!!! Saw lots of old Tortoises 🐢 😕 ha ha  and then walked around a mainly inaccessible Stone Town where we had hoped to visit the old Fort...shut and Museum shut etc but we walked around and soakedup the atmosphere in a very very safe environment. Fantastic tour guides, brilliant information but let''s just say a lot of areas advertised are inaccessible then you know what you are getting!! Great value though and a great day !!",en-gb,5.00,,t,viator,,Robert_C,"",,,,200,APPLICATION,2026-09-08 10:51:00.491067+05:30,,,f
PR7Qx1ZYW1RJ,RSCekeFCfrqh,2026-01-14 07:22:07+05:30,"This tour is not wheelchair accessible in any reasonable sense of the phrase, though the guide did his best and got us to all the listed stops. My wife was lifted, in her wheelchair, into and out of the boat by four men. I feared for both my wife and the chair!

Prison Island was possibly not worth such an effort, but that’s only our opinion. The tortoises were interesting and plentiful.

Stone Town was good, though the limitations of wheelchair accessibility were obvious in that internal visits were off the agenda. We had realised this beforehand, as it’s almost impossible to make a historic place like this accessible.

Our favourite stop was the spice farm. We both enjoyed the fruit tasting and being shown the various spice plants and trees. The paths around the various plantings are just about accessible with the chair, though there are multiple roots to be negotiated.

As other reviewers have said, there are various people other than the main guide who expect tips along the way, so have some small dollar bills to hand.

Overall it was enjoyable, but I believe we were lucky to have a guide who made it work.",en-gb,4.00,,t,viator,,Tony_L,"",,,,201,APPLICATION,2026-09-08 10:51:00.494753+05:30,,,f
PR7Qx1ZYW1RJ,RSxbMl3nEfO9,2026-01-10 18:20:51+05:30,"This tour was advertised as wheelchair accessible with flat surfaces, which is completely inaccurate.

While we genuinely enjoyed the Spice Farm, describing it as accessible is a stretch. My husband uses an electric wheelchair and another passenger had significant mobility issues. We clearly advised the operator of these needs prior to the tour, yet the experience was anything but smooth. Our guide was friendly and helpful at the Spice Farm, however navigating the site was very difficult for both my husband and the other passenger. Thankfully there were occasional places to sit and rest.

We were also told to tip two workers USD $5 each, which we did, but this was an unexpected additional cost on an already expensive tour.

Before heading to Stone Town, we specifically checked with our guide, Ali, about Prison Island and Stone Town accessibility. He advised Prison Island was not accessible due to many steps, meaning two members of our group would not be able to participate. We asked if an alternative could be arranged — he repeatedly said he would check, but never did.

By the time we arrived in Stone Town and walked to the Slave Museum, it had already been a long walk for our less mobile passenger. We then asked how far it was to walk back to the port through Stone Town and were told 30 minutes, despite being told it was 5 minutes just moments earlier. There was absolutely no way our friend could manage that distance.

Unfortunately, the driver had already been dismissed by the guide. We had to insist he be called back so we could return to the ship. At that point, we were done with a tour that let us down. 

To say we are disappointed is an understatement. I contacted the operator to express our concerns and have received no response. We have requested a 50% refund directly from the operator and have now escalated the matter through Viator. In all my years of travelling, I have never felt the need to request a refund — until now.

Tip for operators: Do not advertise tours as wheelchair accessible or suitable flat surfaces when they are not. People with disabilities rely on honesty when booking experiences. What makes this worse is that our accessibility needs were communicated in advance and still could not be met.
",en-gb,1.00,,t,viator,,Jen_S,"",,,,202,APPLICATION,2026-09-08 10:51:00.499167+05:30,,,f
PR7Qx1ZYW1RJ,RSuzJVl7MoWU,2026-01-08 17:08:00+05:30,"Everyone knew the weather was bad but they still confirmed the Prison Island Tour, but that was then cancelled and replaced with a cooking class!

The cooking class sounded ok but it was just peeling of vegetables rather than cooking, so it was an expensive let down! 

No offer to refund the Prison Island Tour! ",en-gb,1.00,,t,viator,,Christian_M,"",,,,203,APPLICATION,2026-09-08 10:51:00.503319+05:30,,,f
PR7Qx1ZYW1RJ,RSN46z5qVFua,2025-12-30 15:53:36+05:30,"La visite fut mémorable, on dirait que huit heures furent compactées en deux heures, tellement les découvertes étaient sensationnelles en plus du savoir-faire et du professionnalisme de haut niveau d''Ibrahim, le guide, avec un surprenant et excellent accent français.",fr,5.00,,t,,family,MBANZABIGWI,"",,,,204,APPLICATION,2026-09-08 10:51:00.507405+05:30,,,f
PR7Qx1ZYW1RJ,RSHOdrSjSpub,2025-12-23 04:08:31+05:30,"We had a great guide- Amina- who was super knowledgeable and empathetic. We travelled with our son, who’s 2, she adapted the tour to our needs and we managed to have a comfortable full day out. Thanks!",en-gb,5.00,,t,viator,,Letisha_D,"",,,,205,APPLICATION,2026-09-08 10:51:00.511221+05:30,,,f
PR7Qx1ZYW1RJ,RSxyAzeucuZG,2025-10-06 10:17:25+05:30,Amina was great! I learned a lot about the island and the history. I totally recomented if you want to visit the main historical sites in one day and learn more about Zanzibar's history,en-gb,5.00,,t,viator,,Vasiliki_N,"",,,,206,APPLICATION,2026-09-08 10:51:00.515595+05:30,,,f
PR7Qx1ZYW1RJ,RSWKI8TVXvi1,2025-10-02 19:13:28+05:30,"We had an excellent tour of Stone Town, the spice farms, and Prison Island with Ibrahim (Ibu) and his team, Rashid and Hamisa. From start to finish, the experience was outstanding. Ibu guided the tour at our pace, making sure we were comfortable throughout, while sharing fascinating knowledge and history about the island. His passion and professionalism really stood out, and his team was equally fantastic. I would highly recommend Ibu and his team to anyone visiting Zanzibar.",en-gb,5.00,,t,viator,,Mfana_M,"",,,,207,APPLICATION,2026-09-08 10:51:00.520179+05:30,,,f
PR7Qx1ZYW1RJ,RS53DSPKfs5p,2025-09-21 16:08:55+05:30,Great taste of zanzibar. Our guide was informative and a pleasure to spend the day with. Whole team made sure we had a great day.,en-gb,5.00,,t,viator,,BryanneLeigh_B,"",,,,208,APPLICATION,2026-09-08 10:51:00.52402+05:30,,,f
PR7Qx1ZYW1RJ,RSPn8LAgdEvk,2025-08-24 09:33:26+05:30,"The most amazing, refreshing experience. Our tour guide was beyond patient, very informative, friendly and a breath of fresh air",en-gb,5.00,,t,viator,,khanyi_t,"",,,,209,APPLICATION,2026-09-08 10:51:00.527746+05:30,,,f
PR7Qx1ZYW1RJ,RSkMXV631PuD,2025-08-19 09:45:59+05:30,"This was an enjoyable experience. Our guide, Amira, spoke excellent English, was very knowledgeable, and shared so much information about Zanzibar and its fascinating history. And our driver Simba did an outstanding job of navigating the traffic as we traveled around the island. We only had one full day in Zanzibar and this was a great tour to show us places beyond the beach! ",en-gb,5.00,,t,viator,,Patricia_K,"",,,,210,APPLICATION,2026-09-08 10:51:00.531527+05:30,,,f
PR7Qx1ZYW1RJ,RSUGkUvf3a2K,2024-12-10 07:52:12+05:30,"We did this tour on Tuesday 3 Dec. Our guide Amina was exceptional and is a valuable asset to the tour company. She was extremely informative, chatty and easy to get along with. The highlight of this tour was the Spice Farm as we learnt a lot about how the spices we use a lot for cooking are actually grown.  

Tony and Fiona Cullen",en-gb,5.00,,t,viator,,Anthony_C,"",,,,227,APPLICATION,2026-09-08 10:51:00.591654+05:30,,,f
PR7Qx1ZYW1RJ,RSft869eeoPy,2024-06-10 20:05:38+05:30,Superbe journée avec Charisma notre guide francophone ! Tout était parfait et bien expliqué ! De la ferme aux épices à Stone Town en passant par Prison Island ! C'était un plaisir de découverte ! ,fr,5.00,,t,viator,,Dylan_M,"",,,,274,APPLICATION,2026-09-08 10:51:00.829186+05:30,,,f
PR7Qx1ZYW1RJ,RSlcjX4WSdJs,2025-07-24 18:03:31+05:30,"The tour itself didn’t really align with the description. There was no snorkeling and the guide didn’t have the same itinerary from the company that was on Viator. In Stone Town he asked what we wanted to see and didn’t have a prepared tour. We also had to share the itinerary with him to be able to make the stops at the church and old dispensary. He wasn’t aware those were supposed to be stops. 

Also, it would have been good to know that at each stop, a local guide would take you instead of the main guide you’re with. Each of these local guides also expect a tip, so we ended up having to tip 4-5 additional people we didn’t expect to.

A set lunch time also wasn’t part of the full day tour. We knew it wasn’t included, but assumed there would be a set time to stop for an opportunity to get lunch. We ended up not eating until almost the end of the tour when we had to ask to be taken somewhere. 

Overall, the tour was informative and we did see all the main attractions mentioned. It just wasn’t the smoothest and not quite as expected.",en-gb,3.00,,t,viator,,Sarah_B,"",,,,211,APPLICATION,2026-09-08 10:51:00.535424+05:30,,,f
PR7Qx1ZYW1RJ,RSYiEiBPopSx,2025-07-09 18:00:39+05:30,"The guide was very friendly. He just spent a lot of time on the phone but for a good cause. He told us he was trying to help clients whose suitcases had been lost. The visits were very interesting. We particularly enjoyed the spice farm. We just had a little surprise. It was noted in the tour description that lunch was not included. We thought we would have been given time to eat at our expense but there was no down time. We waited for the end of the excursion to eat. I am convinced, however, that the guide would have offered us a solution if we had asked him.",en-gb,5.00,,t,viator,,Christelle_M,"",,,,212,APPLICATION,2026-09-08 10:51:00.539578+05:30,,,f
PR7Qx1ZYW1RJ,RSKafbnsuWCS,2025-07-05 11:12:10+05:30,"Loved the Spice farm experience. The farm provides a guide which was very knowledgeable. Loved smelling and seeing all the spice plants. Got to see someone climb up the coconut tree and drank/tasted fresh coconut. Also we were treated to fresh fruit and teas. There''s also a store in which you can purchase. For the farm though it is CASH only and the spice guide, assistant spice guide, coconut guy, and fruit/tea shack people primarily work on tips so that caught us a bit off guard. Recommended bringing extra small bills for tips and additional cash if you want to buy spices. Stone town was neat and loved the architecture and slave market history. There''s plenty of souvenir options. Prison island and seeing the tortoises and peacocks was cool. ",en-gb,5.00,,t,viator,,Ed_T,"",,,,213,APPLICATION,2026-09-08 10:51:00.543464+05:30,,,f
PR7Qx1ZYW1RJ,RSjO8lXeQ0FF,2025-07-03 14:26:41+05:30,"Spice farm tour was nice. Prison island is OK, there is no scheduled time for snorkeling as advertised and even though they tried to accommodate us, there is no good snorkeling spot nearby. Stone town tour was average. Was expecting more history from guide. No water offered had to buy my own. ",en-gb,3.00,,t,viator,,Cesar_R,"",,,,214,APPLICATION,2026-09-08 10:51:00.546748+05:30,,,f
PR7Qx1ZYW1RJ,RSH99Om9eJ3I,2025-06-23 18:11:21+05:30,Very OK. Do it if you have time to kill and are bored. The guide was also very dis engaged and did not care to show much. ,en-gb,3.00,,t,viator,,Karl_E,"",,,,215,APPLICATION,2026-09-08 10:51:00.550052+05:30,,,f
PR7Qx1ZYW1RJ,RSLHDoX1PBRT,2025-06-14 01:33:11+05:30,Super geweldig dag gehad veel gezien en veel informatie gekregen. Gids wist heel veel te vertellen. Super geweldig gids heel geduldig en vriendelijk. Echt de moeite waard 👍🏿shoutout to Ibriham,nl,5.00,,t,,friends,,,,,,216,APPLICATION,2026-09-08 10:51:00.553239+05:30,,,f
PR7Qx1ZYW1RJ,RSyk8JIFmZmb,2025-05-26 16:34:41+05:30,"Thank you Mango Tours. Your guide,Amina, was amazing. They collected us on time. She was very thorough taking us everywhere and explaining the history. Had lots of patience and did the tour at our pace and was very helpful.",en-gb,5.00,,t,,partner,Muneer,za,,,,217,APPLICATION,2026-09-08 10:51:00.556637+05:30,,,f
PR7Qx1ZYW1RJ,RSvQHsm1cxEt,2025-04-07 06:01:00+05:30,"O guia foi fantástico, explicou-nos muito sobre a ilha de Prisão e a cidade 
Na fazenda foi outro guia, de lá, e foi igualmente fantástico!!!
Recomendo!!
",pt-pt,5.00,,t,viator,,ANA_A,"",,,,218,APPLICATION,2026-09-08 10:51:00.560462+05:30,,,f
PR7Qx1ZYW1RJ,RSMENFyFeJZw,2025-04-01 21:12:17+05:30,We booked through Viator; the local tour company was Mango Travel. Travel agent was Armenia - she was excellent. She had a driver with her to take us to the spice farm and transport us to Stonetown. Then she hired a boat to take us to Prison Island. Explained things well. She spoke English fluently. We had a great time and recommend this tour. ,en-gb,5.00,,t,viator,,Linda_W,"",,,,219,APPLICATION,2026-09-08 10:51:00.563713+05:30,,,f
PR7Qx1ZYW1RJ,RS6EeSazbIBS,2025-03-24 18:17:42+05:30,"The tour was great and we had a wonderful time exploring the attractions. The driver, Jiga Boy, was excellent and punctual. The guide, Amina, was very knowledgeable and eloquent. Highly recommend!",en-gb,5.00,,t,,partner,Herman,ke,,,,220,APPLICATION,2026-09-08 10:51:00.567076+05:30,,,f
PR7Qx1ZYW1RJ,RSGtH5GUiJk3,2025-03-20 20:39:15+05:30,Very professional guide. Stonetown was a bit of a large-scale tourist trap but nice to visit.,en-gb,4.00,,t,,friends,Manuela,ch,,,,221,APPLICATION,2026-09-08 10:51:00.570454+05:30,,,f
PR7Qx1ZYW1RJ,RSx6gAovM3HZ,2025-02-19 15:24:52+05:30,"The tour guide Amina was exceptional. She was knowledgeable, funny and easy to get along with. She was by far the best part of the experience . The walk through all the historical places was nice.",en-gb,4.00,,t,,partner,Thandeka,za,,,,222,APPLICATION,2026-09-08 10:51:00.573808+05:30,,,f
PR7Qx1ZYW1RJ,RSgO4R5jcYNL,2025-02-04 10:12:38+05:30,"Avoid Mango Tours at all cost.
Whilst the guides are ok the management back up is non existent. We were left marooned on Prison Island beach for over an hour in 35 degrees with no shade - our return boat never turned up and we had to hitch a lift on another boat. The management of Mango did nothing to rectify the situation when they eventually answered their reps call after 30+ minutes.",en-gb,1.00,,t,viator,,Wil_B,"",,,,223,APPLICATION,2026-09-08 10:51:00.577346+05:30,,,f
PR7Qx1ZYW1RJ,RSk4IJVsfJDH,2025-01-20 16:17:15+05:30,"We had an amazing day with our unforgetable guide Amira. It was great to see and hear lot of information about Zanzibar history , but also prezent. We manage to interact with local people and have a glimpse of real life and thoughts. That was priceles experience. Thank you Amira. 
 It has been a long day, but we enjoyed every minute. I would recomend this tour to everyone who has a limited time to spent in Stone Town  but still want to see something else nearby and are not afraid to get a little bit tired. ",en-gb,5.00,,t,viator,,Anita_K,"",,,,224,APPLICATION,2026-09-08 10:51:00.581556+05:30,,,f
PR7Qx1ZYW1RJ,RSq9WdKKxKV4,2024-12-30 10:21:29+05:30,"Amina [sp] was our guide and she was excellent.  Very knowledgeable, very personable, and great company for the day. It was a full on day and definitely worthwhile.",en-gb,5.00,,t,viator,,Matthew_W,"",,,,225,APPLICATION,2026-09-08 10:51:00.584978+05:30,,,f
PR7Qx1ZYW1RJ,RSVKf8yeLcD0,2024-12-29 02:42:29+05:30,"Our tour guide iebraham was excellent. Very knowledgeable, patient and polite. The spice farm was amazing. Learning about the culture of Zanzibar was very interesting. ",en-gb,5.00,,t,viator,,octavia_p,"",,,,226,APPLICATION,2026-09-08 10:51:00.588104+05:30,,,f
PR7Qx1ZYW1RJ,RSRjPDQopaa4,2024-09-16 16:30:30+05:30,Ameena was a great tour guide. She had so much information and patience. The tour was a great way to experience Zanzibar. Thoroughly enjoyed it,en-gb,4.00,,t,viator,,Dianne_S,"",,,,244,APPLICATION,2026-09-08 10:51:00.703489+05:30,,,f
PR7Qx1ZYW1RJ,RSNdHLZhyC4b,2024-11-25 15:55:07+05:30,"Our guide, Amina, willingly shared from her knowledge about the Islands history, culture and attractions. She was kind and pleasant to be around, and with a good sense of humour. She was considerate about what we wanted out of our day. We were also happy about our driver Simba, Who took us safely around.",en-gb,5.00,,t,,partner,Camilla,no,,,,228,APPLICATION,2026-09-08 10:51:00.595256+05:30,,,f
PR7Qx1ZYW1RJ,RSSmRFMalZjh,2024-11-12 16:40:51+05:30,It was an overall good experience. The guide was knowledgeable. Towards the end the tour felt slightly rushed.,en-gb,4.00,,t,,friends,,,,,,229,APPLICATION,2026-09-08 10:51:00.599932+05:30,,,f
PR7Qx1ZYW1RJ,RSsD4JlOLD2M,2024-11-07 16:03:06+05:30,"Fantastic trip from start to finish 
Amina was a wonderful tour guide and was full of useful information 
Our driver (can''t remember his name) was lovely and very professional 
Can highly recommend doing this tour",en-gb,5.00,,t,viator,,Ann_M,"",,,,230,APPLICATION,2026-09-08 10:51:00.604013+05:30,,,f
PR7Qx1ZYW1RJ,RSv6CIPCxTiY,2024-11-04 15:34:27+05:30,"Nous avons passé une journée avec un guide vraiment extra pour nous expliquer la vie à Zanzibar.

Toutefois, la visite n''était pas forcément intéressante dans sa globalité.
La visite d''une ferme à épices peut se faire facilement avec un guide de la ferme.
En effet, il y a plein de ferme aux épices et chacune d''elle peut se visiter.

Prison island offre peut d''intérêt sauf pour les tortues terrestres et peut se faire sans guide.
La vue sur Stonetown n''est pas la plus belle et il y a d''autres iles bien plus belles à voir.

Enfin, la ville de Stonetown est intéressante avec un guide car il vous accompagnera dans les coins moins connus de la ville mais cela reste facultatif et un plan vous aidera à vous orienter.

",fr,4.00,,t,viator,,PierreAntoine_G,"",,,,231,APPLICATION,2026-09-08 10:51:00.607205+05:30,,,f
PR7Qx1ZYW1RJ,RShLVIdYAp4l,2024-10-26 22:34:16+05:30,"Amina was a wonderful guide, she was very patient and knowledgeable with all of our questions. The tours of all locations was a bit long for me as we did a 9 hour day and we ended before seeing everything scheduled. Amina found us a delightful restaurant for lunch and was constantly checking in with us to make sure we were looked after .
",en-gb,4.00,,t,viator,,bubblesk1999,"",,,,232,APPLICATION,2026-09-08 10:51:00.610519+05:30,,,f
PR7Qx1ZYW1RJ,RSpia26ASmQC,2024-10-25 14:27:22+05:30,My guide was great but perhaps was trying a little to please. Prison Island was a little disappointing -really just a big tourist shop now with little to see of the of the original prison but tortoise sanctuary made the trip to the island worthwhile,en-gb,5.00,,t,,alone,Sharon,au,,,,233,APPLICATION,2026-09-08 10:51:00.613627+05:30,,,f
PR7Qx1ZYW1RJ,RSE9qfiwGNIs,2024-10-22 11:46:41+05:30,"Our tour guide Ibrahim had no interest in providing tour services. I asked him how long he''s been a guide and if he likes giving tours. He said he didn''t enjoy providing tours and that this job was only temporary.  Such a disappointment.  He merely checked the boxes on the list of sites and provided very little information. He asked me several times where I wanted to go, as if I were a native to Zanzibar. This is most likely the worst tour I''ve done in my travels to 50+ countries. ",en-gb,2.00,1,t,viator,,Levia_D,"",,,,234,APPLICATION,2026-09-08 10:51:00.616956+05:30,,,f
PR7Qx1ZYW1RJ,RSr3Tumvxu4I,2024-10-21 09:18:38+05:30,"Nos encantó la space farm y callejear por Stone Town, lo que pasa es que son guías diferentes, ellos nos gustaron mucho pero son más propinas, además en el space farm hay que darle a todo el que se cruza. Las tortugas gigantes son increíbles. No se nos dió la opción del snorkel.",es,4.00,,t,viator,,Laura_T,"",,,,235,APPLICATION,2026-09-08 10:51:00.620758+05:30,,,f
PR7Qx1ZYW1RJ,RSn7OnJ2Xa9Q,2024-10-18 10:18:41+05:30,This was a great experience!  I learned a lot of history.  Our tour guides were very knowledgeable and answered all our questions.,en-gb,5.00,,t,viator,,dmcfarland55,"",,,,236,APPLICATION,2026-09-08 10:51:00.624221+05:30,,,f
PR7Qx1ZYW1RJ,RS59KVllgppC,2024-10-17 22:13:05+05:30,"The guide was fairly new and a bit shy so I had to work to open him up with time he''ll be great-- nice kid. Spice farm was very informative no pushy sales probably the best part of the tour. Prison island lots of build up for a quick 10 min walk. Beware boats were a bit scary. Stone town was overwhelming, busy at and had good information however they walk you through tons of markets and you feel like you can''t shop because your on a timed tour bit you in a heavily crowded area so you''re dodging people and motorbikes. Very overwhelming. Overall we got the tour we paid for but do some research there may be parts you want to miss.",en-gb,3.00,,t,viator,,Beyonka_C,"",,,,237,APPLICATION,2026-09-08 10:51:00.63062+05:30,,,f
PR7Qx1ZYW1RJ,RSC6szJM3qac,2024-10-17 12:42:59+05:30,"The tour was phenomenal!  We learned so much about Zanzibar from eating, to stone town, prison island and just being with the locals!  Without question, book the tour!! ",en-gb,5.00,,t,viator,,Dynesha_H,"",,,,238,APPLICATION,2026-09-08 10:51:00.633993+05:30,,,f
PR7Qx1ZYW1RJ,RSxEp2heR1ks,2024-10-14 12:11:02+05:30,Great tour! Had a great time learning about the history of Zanzibar. Take extra cash to tip your local guides and driver,en-gb,5.00,,t,viator,,Arthur_S,"",,,,239,APPLICATION,2026-09-08 10:51:00.637612+05:30,,,f
PR7Qx1ZYW1RJ,RSgr00iR612n,2024-10-11 18:10:39+05:30,Had Amina as my guide and joboy as my driver. Made me feel very comfortable as a solo female traveler and had great personalities and knowledge that made a long tour very fun and chill.,en-gb,5.00,,t,viator,,eyerusalemasegdew,"",,,,240,APPLICATION,2026-09-08 10:51:00.641832+05:30,,,f
PR7Qx1ZYW1RJ,RSUlt5RQGrNs,2024-09-23 08:21:28+05:30,"Amini my tour guide is the best on the Zanzibar. She is knowledgable about the island culture, history and way of life and educated me quite a bit. She plans very well and provides the best experience. We visited the Prison island, the spice farms, stone town slave market and the fort. She even organized a price music concert with a local Swahili music group.  I give her 10 stars for being the most hospitable host.

Also our driver Giga Boy was amazing and took us us to all these places. Very courteous and professional in a luxury vehicle. 

Thanks to both of them for the pleasant experience and I want to come back to the island.

Nandha, USA ",en-gb,5.00,,t,viator,,Nandha_B,"",,,,241,APPLICATION,2026-09-08 10:51:00.645434+05:30,,,f
PR7Qx1ZYW1RJ,RSiKwOQzNAC6,2024-09-20 14:11:06+05:30,"L''histoire se Stone Town, la visite du cartier. La ferme des épice était très intéressante aussi, Prison Island les tortues sont impressionnante, très beau site",fr,5.00,,t,viator,,Mario_P,"",,,,242,APPLICATION,2026-09-08 10:51:00.648523+05:30,,,f
PR7Qx1ZYW1RJ,RSPNp5VwXxgp,2024-09-18 00:04:58+05:30,"My friend and I had an amazing experience on our tour, and Ibrahim, our guide, made it unforgettable! We started at the Spice Farm, where Ibrahim’s knowledge of the spices and their uses was fascinating. We had the opportunity to not only learn about different spices and fruits, but also ate some fruits. One of the locals got crafty and made these cute flower crowns and rings for us. Visiting Prison Island was another highlight—learning its history and meeting the giant tortoises was incredible. The tour ended with a walk through Stone Town, where Ibrahim’s insights brought the history and culture of the city to life. His passion and expertise truly made the tour special. We highly recommend this tour for anyone visiting Zanzibar!",en-gb,5.00,,t,viator,,Mariama_D,"",,,,243,APPLICATION,2026-09-08 10:51:00.651654+05:30,,,f
PRlqORdWYOIw,RSNy8yuzPsmH,2024-05-01 15:14:27+05:30,,,5.00,,f,,friends,Amanda,dk,,,,1262,APPLICATION,2026-09-08 10:59:55.580607+05:30,,,f
PR7Qx1ZYW1RJ,RSnxWuW3qLgB,2024-09-13 20:08:57+05:30,We especially enjoyed the time at the spice farm it was a very hands on experience and we learned a great deal about the various plants. The island tour was very memorable. The walking tour of the city was exceptional. Our guide for the day was Ali. I recommend him to future travellers if you can express a preference,en-gb,5.00,,t,viator,,James_S,"",,,,245,APPLICATION,2026-09-08 10:51:00.708063+05:30,,,f
PR7Qx1ZYW1RJ,RST9TfGuiVeN,2024-09-11 12:30:14+05:30,"Leider hatten wir wohl falsch verstanden, dass unter Guide verstanden wird. Ibrahim war mehr ein Begleiter, er hat uns von Punkt zu Punkt gebracht. Er hat jedoch kaum etwas erklärt über die Insel/Kultur oder den Ausflug. Wir sind eifach pberall durchgelaufen ohne Erklärung. Sehr schade.",de,2.00,,t,viator,,Valentina_C,"",,,,246,APPLICATION,2026-09-08 10:51:00.712287+05:30,,,f
PR7Qx1ZYW1RJ,RSSDu2qkU5os,2024-09-10 12:38:41+05:30,"Our guide Amina was very knowledgeable and informative in our tour of Spice Farm, Prison Island and Stone Town and ably supported by her driver Gigabiy and his music selection 
Thank you for a great day",en-gb,5.00,,t,viator,,Neil_C,"",,,,247,APPLICATION,2026-09-08 10:51:00.719779+05:30,,,f
PR7Qx1ZYW1RJ,RSIfvORxzmY3,2024-09-09 10:54:59+05:30,"We were picked up at 8:30 am by our guide and his driver Simba.

The spice farm was great, our guide seemed to be energetic, knowledgeable and welcoming. We enjoyed walking around and seeing everything from the source and learning what everything was used for. We watched people climbing trees to fetch coconuts and we were given crowns made out of leaves. 

Please be aware, you are taking to product tables and expected to purchase from them at the end. 

Next was prison island, this is where our guide seemed to lose his enthusiasm. We got on a boat to get there which was fun and when we arrived he just kind of left us to it and said go and have a look and find me when you''ve finished. He then showed us where the tortoises were, and said the same again ''you have a look and I''ll wait here for you''. Pretty disheartening when all the other tourists were getting shown around and given information as they walked around. 

Lastly we went to stone town. When we arrived he just said, ''what do you want to see?'' We stated that we didn''t know what was here and this is why we booked a tour guide. He just walked us around not really saying much and asked if we could leave multiple times. We said we wanted to go to a rooftop bar, which we did and it was incredible. But we wouldn have done if we didn''t mention it. 

When we got back to the car, the driver had parked somewhere he shouldn''t of. So he got clamped and didn''t have enough money to pay the fine. So, we just sat and waited for around an our until they managed to find the money. 

All in all, it was an okay day. But if you do decide to go on this tour, I suggest you research stone town and decide what you want to see before you get there. And I''d do your research on the history of each place, because you don''t really get much info on the tour. 

The guide and the driver were nice enough guys, but it just seemed a bit half hearted and unorganised. ",en-gb,3.00,,t,viator,,Ryan_C,"",,,,248,APPLICATION,2026-09-08 10:51:00.724802+05:30,,,f
PR7Qx1ZYW1RJ,RSgsXNEjA9G9,2024-09-01 06:07:46+05:30,We enjoyed our day exploring Zanzibar and learning more about the island with our guide Ali and driver Ali. They were prompt in picking us up and explaining the day. Learning about the spices was very interesting and being up close to the tortoises was nice. All in all a great way to spend the day!,en-gb,5.00,,t,viator,,Lindsay_S,"",,,,249,APPLICATION,2026-09-08 10:51:00.7283+05:30,,,f
PR7Qx1ZYW1RJ,RSmAs7Q02LQ0,2024-08-29 19:53:11+05:30,The spice farm was a home run but the tour seemed to run out of steam shortly after noon. Truly believe tourism in Zanzibar could benefit from greater (focused) training. We are world travelers and lived overseas for nearly three decades and the tour did not meet western standards although again believe better training would benefit all. ,en-gb,3.00,,t,viator,,YINGZI_L,"",,,,250,APPLICATION,2026-09-08 10:51:00.731521+05:30,,,f
PR7Qx1ZYW1RJ,RSihEnTMHdNW,2024-08-25 22:35:21+05:30,"A nice trip around Zanzibar. The guide in Stone Town was prepared, available and really kind. Suggested.",en-gb,5.00,,t,,partner,Alberto,it,,,,251,APPLICATION,2026-09-08 10:51:00.734843+05:30,,,f
PR7Qx1ZYW1RJ,RSIY1bkrd4tT,2024-08-24 14:52:53+05:30,"Toda la atención recibida por Nasher, muy atento, nuestro conductor fum que nos llevo al hotel, y que no nos faltase agua, así como si querías comprar. Nasher se adaptó a todo lo que queríamos, tanto tiendas como comida, compartimos un día muy bonito juntos.",es,5.00,,t,viator,,Lucas_C,"",,,,252,APPLICATION,2026-09-08 10:51:00.73861+05:30,,,f
PR7Qx1ZYW1RJ,RSFJ5t1qHyJr,2024-08-21 19:36:51+05:30,Excellent service. Good driver and very comfortable car. No rush for time good experienced guide. The spice tour was really good and so was prison island ,en-gb,5.00,,t,viator,,Kishore_C,"",,,,253,APPLICATION,2026-09-08 10:51:00.742491+05:30,,,f
PR7Qx1ZYW1RJ,RShL1PJIhFvl,2024-08-19 17:01:26+05:30,Prison Island with the tortoises was interesting and fun.  Spice Island was different but it rained heavily while there. There were several instances where the locals did things *made us palm frond hats and climbed trees for coconuts* and expected tips.  We had left our money in the van.  It should be advised to the guests prior to going.  Driver spoke little English.  Did not advise us that we were meeting a guide at the Spice farm.  It should also be advised in Stone Town to have some shillings because many vendors do not take dollars or US credit cards.,en-gb,3.00,1,t,viator,,Robin_J,"",,,,254,APPLICATION,2026-09-08 10:51:00.746062+05:30,,,f
PR7Qx1ZYW1RJ,RS2ZYuyYXdgF,2024-08-06 19:41:03+05:30,"I recently took the Full-Day Private Stone Town + Spice Farm and Prison Island Tour and it was fantastic! We began with an informative exploration of Stone Town, learning about its rich history with a knowledgeable guide. Prison Island was a highlight with its giant tortoises and a fun snorkeling session. The spice farm was equally impressive, offering a sensory delight with fresh spices and fruits. The tour was well-organized, with seamless hotel transfers and personalized attention throughout the day. It was both safe and enjoyable, and I highly recommend it for anyone wanting to experience the best of Zanzibar in one day!",en-gb,5.00,,t,viator,,ANGIE_Z,"",,,,255,APPLICATION,2026-09-08 10:51:00.749477+05:30,,,f
PR7Qx1ZYW1RJ,RSxPlyLNEs6e,2024-08-06 18:27:05+05:30,"Amina and the driver were wonderful!!! Highly recommend them. She was so patient, knowledgeable and really worked with my needs during the tour. Thank you. ",en-gb,5.00,,t,viator,,Dee_F,"",,,,256,APPLICATION,2026-09-08 10:51:00.762683+05:30,,,f
PR7Qx1ZYW1RJ,RS4aWB489oF6,2024-07-28 21:58:39+05:30,"You definitely want to see the Spice Farm, Stone Town and Tortoise Island, you just don''t want to hire this company to do this tour!
Omar was our driver and he was the worse we''ve ever hired. He was driving extremely aggressively to the point where my neck is in pain right now as I type. He made no effort to talk to us, tell us about Zanzibar or ensure we enjoyed our trip. He answered his phone 8 times and took personal calls as if we weren''t even there and played inappropriate videos even though we had an 8 year old in the car. 
The guide not bad but he wasn''t great either. It was simply low effort and I didn''t walk away feeling like they made me fall further in love with this beautiful country. ",en-gb,1.00,,t,viator,,Shay_L,"",,,,257,APPLICATION,2026-09-08 10:51:00.766487+05:30,,,f
PR7Qx1ZYW1RJ,RSZ4zeP4GjMz,2024-07-28 18:40:14+05:30,"Die Gewürzfarm, war wirklich beeindruckend und mega interessant. 
Echt viel zum erkunden und lernen. 

Auch das Obst und Tee welches man dort bekommt ist einfach herrlich und es gibt vieles, dass man dort kaufen kann. 

Prison Island war auch toll, groß ist es zwar nicht aber zum ansehen ist es definitiv wert. - und die Riesen Schildkröten sind der Hammer. 

Stone town ist eher schlicht gehalten und allzu viel darf man nicht erwarten, aber trotzdem interessant, dass ganze kennenzulernen und sich anzusehen. 

Danke an Abbas unseren Guide, der das wundervoll gemacht hat. Ein super tolles Erlebnis. ",de,5.00,,t,viator,,Patrick_G,"",,,,258,APPLICATION,2026-09-08 10:51:00.770214+05:30,,,f
PR7Qx1ZYW1RJ,RSLBCmMfoQPm,2024-07-27 23:50:10+05:30,"Great experience and very pleasant to be able to see 3 things (Stone city, prison Island and spice farm) all at once in one day. The tour guide (her name is Pretty) is very helpful and nice to take care of me and show me lots of interesting places. I am very happy to have Pretty with me during this day, and I really appreciate her help! Oh, at the end of the day, she also helped me to take photo and video of me joining the local kids to jump water into the sea at evening. It was truly great eperience and would be very valuable memory :)",en-gb,5.00,,t,viator,,Xinzhong_Z,"",,,,259,APPLICATION,2026-09-08 10:51:00.773782+05:30,,,f
PR7Qx1ZYW1RJ,RSTsDnkSpt4e,2024-07-26 18:25:07+05:30,"Tour was ok, guide was kind, but his knowledge about the places we saw was quite limited. Considering the price, the experiece was 3 stars, not more",en-gb,3.00,,t,viator,,Christine_S,"",,,,260,APPLICATION,2026-09-08 10:51:00.777674+05:30,,,f
PR7Qx1ZYW1RJ,RSHYuaabqXoK,2024-07-24 19:39:05+05:30,"Gewürzfarm war gut und Abholung vom Hotel hat ebenfalls ohne Probleme geklappt. Leider war unser Guide bei der Gefängnis Insel eher wortkarg und wir mussten uns alles in dem kleinen Museum selbst erlesen. Außerdem war das Gefängnis keinen Besuch wert. Es besteht nur aus einer Bar, zwei Shops und dem kleinen Museum. Stonetown war leider auch enttäuschend. Wieder wurde uns wenig über die Geschichte erzählt. Im Grunde wurden wurde nur durch die Straßen mit den Shops geführt.",de,1.00,,t,viator,,Florian_A,"",,,,261,APPLICATION,2026-09-08 10:51:00.782172+05:30,,,f
PR7Qx1ZYW1RJ,RSiDdssXC1Ni,2024-07-17 09:53:39+05:30,"Nette Führung in deutscher Sprache, Besonders die Gewürzfarm war beeindruckend, 
Schnorcheln an Prison Island war nicht möglich, Bitte diese Info aus dem Angebot nehmen. 

",de,4.00,,t,viator,,Andrea_D,"",,,,262,APPLICATION,2026-09-08 10:51:00.785983+05:30,,,f
PR7Qx1ZYW1RJ,RShP2F8nOv0Y,2024-07-06 18:21:18+05:30,Excellent guide and driver. It was amazing. It was great. Great tour with lots of fun. I could add more.,en-gb,5.00,,t,viator,,JoAnna_P,"",,,,263,APPLICATION,2026-09-08 10:51:00.789441+05:30,,,f
PR7Qx1ZYW1RJ,RSiYJthasVpS,2024-07-03 14:29:28+05:30,"The tour itinerary was good and the guide and driver were pleasant. However, the trip to Prison Island was on a small motor boat through the ocean with no life jackets. Viator should not promote tours that are unsafe like this.",en-gb,1.00,,t,viator,,Larry_P,"",,,,264,APPLICATION,2026-09-08 10:51:00.793195+05:30,,,f
PR7Qx1ZYW1RJ,RSvOmlrmIZ4M,2024-06-27 19:48:23+05:30,"Sehr guter deutschsprachiger Guide (Abas)
Gut geplanter Ausflug, pünktliche Abholung und persönliche Wünsche mit integriert.
 Simba ist ein sehr sicherer und ruhiger 
Fahrer.
Dieser Ausflug ist weiter zu empfehlen, wenn auch bei den ungewohnten Temperaturen sehr anstrengend.
",de,5.00,,t,viator,,Norbert_S,"",,,,265,APPLICATION,2026-09-08 10:51:00.796461+05:30,,,f
PR7Qx1ZYW1RJ,RS0zsEysuA7C,2024-06-25 08:30:39+05:30,Meilleure visite que j’ai pu faire à Zanzibar accompagné de notre guide Charisma qui était à notre disposition et qui nous a partagé l’histoire de l’île. ,fr,5.00,,t,viator,,Ass_K,"",,,,266,APPLICATION,2026-09-08 10:51:00.800494+05:30,,,f
PR7Qx1ZYW1RJ,RSU9Uxao5FtC,2024-06-23 13:35:47+05:30,"Whilst the places we visited on our tour were great (our spice farm guide was brilliant), we haven''t learned anything from the guide that we paid for. We felt like we had a driver to drive us around and that''s it - certainly not worth USD200 for two people! Plus, there was no snorkeling as per description. Disappointing experience with this company.",en-gb,2.00,,t,viator,,Simona_H,"",,,,267,APPLICATION,2026-09-08 10:51:00.804452+05:30,,,f
PR7Qx1ZYW1RJ,RS9D6Zm76jzS,2024-06-18 05:40:36+05:30,"Overall, it was okay...we would say the spice tour was totally worth it but Prison Island and Stone Town were just okay. The spice tour was conducted by a tour guide from the spice farm, he was very knowledgeable, checked in with us along the way, and the fruit tasting at the end was amazing! Prison Island was fine, the tortoises were very cool to see. However, the boat we took was super slow and at one point we got stuck for about 15 minutes because the engine stopped. There was another group with us and on our way back we made a game of how many other boats passed us (it was 7 LOL). Our tour guide was also not engaged at all, he left us on our own and unless prompted, he was not sharing anything with us. Our last stop was Stone Town - there too our tour guide pointed out one thing and then just left us to wonder by ourselves. 

We had to reach out the day prior to the company because nobody had reached out about pick-up or confirming. Overall, we would say you could do all three of these activities on your own. ",en-gb,3.00,1,t,viator,,Eric_B,"",,,,268,APPLICATION,2026-09-08 10:51:00.80784+05:30,,,f
PR7Qx1ZYW1RJ,RS0qLvyHA6wS,2024-06-17 08:04:34+05:30,"Ladies, please be aware to dress in accordance with the locals. I was not aware that stone town was predominantly Muslim. My guide told me that he had the same issue a few days prior. As a result I could not do the walking tour as I did not bring any layers. This should have been advised to avoid disappointment. My guide told me to leave a review stating this for prospective guests.",en-gb,3.00,,t,viator,,Michelle_W,"",,,,269,APPLICATION,2026-09-08 10:51:00.81124+05:30,,,f
PR7Qx1ZYW1RJ,RSqtL7Yh0FmP,2024-06-16 19:12:10+05:30,"The tour was great in accomodating us, allowing us to bring our suitcases and travel straight to the airport at the conclusion of the tour.  I really enjoyed the spice tour, but at the end of the spice tour we felt like we were taking to 4 place/experiences were we had to tip. 
The prison island tour was not a tour, we got dropped off, walked us to the museum and then took us to where the tortoises were. Leant very little about anything as the guide didn’t cover any information. Also did not have any chance to snorkel. 
Stone town was very disappointing, going into the tour we knew that stone town was a pivotal place in the history of the slave trade and had a lot of culture. We were not told anything about anything on the tour. Only walked to the markets and fish market. That is all. Very disappointing.",en-gb,3.00,,t,viator,,Matthew_M,"",,,,270,APPLICATION,2026-09-08 10:51:00.814447+05:30,,,f
PR7Qx1ZYW1RJ,RSNFN7Io2hPd,2024-06-12 10:00:22+05:30,"Great tour of Stone Town, Spice Farm and Prison Island. Ali and Simba our private guide and driver, were extremely knowledgeable, professional and friendly. The day was at our pace, interesting and unique, and included sampling many local fruits and spices, a tour through Stone Town’s historic, narrow streets and a private boat ride to  a beautiful island, rich in history.",en-gb,5.00,,t,viator,,Joanne_O,"",,,,271,APPLICATION,2026-09-08 10:51:00.817912+05:30,,,f
PR7Qx1ZYW1RJ,RSo5bXirfUfM,2024-06-11 19:08:39+05:30,Driver arrived on time. Hassan our guide was very informative and knowledgeable about each location and the local culture. He took his time and never rushed us allowing us to experience everything at our own pace. Make sure you bring or wear water shoes as you will be stepping in the water to board the boat to Prison Island. Was a great day and would definitely recommend this tour.,en-gb,4.00,,t,viator,,Greg_J,"",,,,272,APPLICATION,2026-09-08 10:51:00.822002+05:30,,,f
PR7Qx1ZYW1RJ,RSn5mvXn8x47,2024-06-11 17:34:22+05:30,"Ir a la playa prisión, ver tortugas gigantes 🥰 caminar por los callejones de Zanzíbar, la seguridad, la gente, la comida sus playas, todo es hermoso 😍 ",es,4.00,,t,viator,,Luz_A,"",,,,273,APPLICATION,2026-09-08 10:51:00.825828+05:30,,,f
PRgdJhhXie1u,RSr93s9LdIPq,2025-12-28 08:51:57+05:30,Great tour. Everything went smoothly and the guide was very friendly. Nakupenda sandbank was stunning! ,en-gb,5.00,1,t,viator,,Kevin_O,"",,,,791,APPLICATION,2026-09-08 10:55:38.996503+05:30,,,f
PR7Qx1ZYW1RJ,RSmqwHmftMEx,2024-06-10 18:42:40+05:30,"Hemos podido disfrutar de una excursion maravillosa, gracias en gran parte a nuestro guia Salomon. Atento en todo momento, cuidando de q todo estuviese perfecto, explicandonos todo lo q necesitabamos saber e incluso ayudando más allá del deber. Excellente professional y muy muy recommendable.",es,5.00,,t,viator,,IsabelMara_B,"",,,,275,APPLICATION,2026-09-08 10:51:00.832674+05:30,,,f
PR7Qx1ZYW1RJ,RSsGoXgEOKPf,2024-06-09 12:02:14+05:30,"Sat jun 8th 24'' ...Great tour if time is tight, lots seen but beware its a long day..  Guide & driver were lovely, friendly and prompt.. they even made an unscheduled stop at a roadside market to buy me a watermelon.  Please tour operator pass on my thanks to the guide and driver, I was distracted when ending the tour and forgot to leave a Tip which they deserved.. & im afraid I forgot their names. I would recommend this company.  I felt safe and lots seen for the fair price. ",en-gb,5.00,,t,viator,,Catherine_G,"",,,,276,APPLICATION,2026-09-08 10:51:00.838181+05:30,,,f
PR7Qx1ZYW1RJ,RSN4RbTecEV3,2024-06-08 14:32:50+05:30,"Pick up at 8.30 as promised, very nice driver who took us to the Spice farm to meet our guide (Ali or Aly or whatever). We did a tour with very detailed explanations from Ali, with the only downside being 2 '"events'" made for you to tip the other workers there (made us a crown from leaves, went up a tree to grab cocconuts while singing and gave us fruit to taste). Ali suggested a tip but we carried on.
We proceeded to Prison Island, which is very small but you can see and touch the turtles. Again, Ali gave us a 10 minute explanation about the island.
Afterwards, we went to visit Stone Town guided by Ali and then headed back to the hotel (around 4 pm without Lunch - we chose not tô get it).

We didnt snorkel or got offered water. Ali was very fun and provided great insight in every visit we made so overall was a good experience, the Spice farm being the plus in my opinion.
",en-gb,4.00,,t,viator,,Miguel_C,"",,,,277,APPLICATION,2026-09-08 10:51:00.843316+05:30,,,f
PR7Qx1ZYW1RJ,RSPewVm7kmYU,2024-06-07 07:54:03+05:30,"Ibrahim was very personable and well informed on many things included in the tour. The spice farm visit was interesting and important and exceeded expectations. The van used until we arrived in Stone Town was comfortable and air conditioned. We were disappointed that a lunch break didn''t seem to have been planned originally. After a lot of walking on a hot, humid day, it was a welcome break. The boat to be used to go to Prison Island required a water entry and climb into the small fishing boat, something my short and heavy friend felt was too difficult to do. I wish there had been a warning in the tour description about that. We were not offered a visit to the cathedral. We were given incorrect instructions for accessing the ferry terminal for our return trip. So, in brief, we enjoyed much but, for the money paid, expected more.",en-gb,3.00,,t,viator,,Bruce_M,"",,,,278,APPLICATION,2026-09-08 10:51:00.847632+05:30,,,f
PR7Qx1ZYW1RJ,RS9MABWvjS15,2024-05-29 23:42:43+05:30,The driver simba was great and also the tour guy ebou was very friendly and make us experience everything smoothly.,en-us,5.00,,t,,partner,musa,us,,,,279,APPLICATION,2026-09-08 10:51:00.851893+05:30,,,f
PR7Qx1ZYW1RJ,RSyI3nzKbrZs,2024-05-28 11:18:44+05:30,"Both our driver and our tour guide, Hassan, went above and beyond to make sure we had a wonderful experience. We learned so much on this trip and saw amazing sights. We highly recommend this experience. ",en-gb,5.00,,t,viator,,SYARD_E,"",,,,280,APPLICATION,2026-09-08 10:51:00.856824+05:30,,,f
PR7Qx1ZYW1RJ,RS2KGcTpQqLV,2024-05-23 18:11:33+05:30,"Nice enough trip, nice enough guides but nothing special or additional that I couldn’t have gleaned myself from reading the info boards at the various places. The driver was good.",en-gb,3.00,,t,viator,,James_B,"",,,,281,APPLICATION,2026-09-08 10:51:00.861872+05:30,,,f
PR7Qx1ZYW1RJ,RSgeWkdyNL3S,2024-05-19 21:11:41+05:30,"Absolutely everyone was so kind and knowable, the spice tour was particularly fun. You need to make sure you''re in cool comfortable clothing as it''s a long day. 
",en-gb,4.00,1,t,viator,,Samantha_F,"",,,,282,APPLICATION,2026-09-08 10:51:00.866355+05:30,,,f
PR7Qx1ZYW1RJ,RSiWisM64PNL,2024-05-18 19:02:26+05:30,"Ibrahim was punctual and picked us up at the ferry as promised. We appreciated that we could identify him easily since there was a lot of folks exiting the ferry terminal.
His greeting was cordial as we walked to our transportation. He outlined our daily program as we headed for our first stop at the Spice Farm. Ibrahim was knowledgeable in all aspects of the tour and we felt a genuine sense of wanting to share the richness of the culture of Zanzibar.
He was thorough, patient and ensured that our needs were met. He went above and beyond our requests throughout the tour. 

We enjoyed all aspect of this tour",en-gb,5.00,,t,viator,,Junior_S,"",,,,283,APPLICATION,2026-09-08 10:51:00.870182+05:30,,,f
PR7Qx1ZYW1RJ,RSnV4gS1o79T,2024-04-30 19:19:06+05:30,Tour guide was friendly and accommodating. He was knowledgeable and patient with us. Ended with a fantastic lunch at a local restaurant! ,en-gb,5.00,,t,viator,,Crystle_W,"",,,,284,APPLICATION,2026-09-08 10:51:00.873834+05:30,,,f
PR7Qx1ZYW1RJ,RSvXEgyNjhOg,2024-04-13 08:57:48+05:30,Terrible experience. Tour operators were not friendly at all. The description was not accurate and we didn’t get to snorkel as mentioned. Would not recommend this tour! Was told we could get a refund and was never given one. We up booking through our hotel for a tour that included swimming with turtles. Book with your resort you won’t regret! ,en-gb,1.00,,t,viator,,Ashley_S,"",,,,285,APPLICATION,2026-09-08 10:51:00.877508+05:30,,,f
PR7Qx1ZYW1RJ,RSqBLHJMaey4,2024-04-10 21:04:35+05:30,"Super journée ensoleillée
Guide à l''écoute et super  gentil
L''île est magnifique et le restaurant est très bien ",fr,5.00,1,t,viator,,Roger_M,"",,,,286,APPLICATION,2026-09-08 10:51:00.882066+05:30,,,f
PR7Qx1ZYW1RJ,RSOaCdyOTz61,2024-04-09 22:40:32+05:30,Wir wurden pünktlich morgens an der Rezeption von unserem Reiseleiter Abas abgeholt. Der Abas sprach sehr gutes Deutsch und sang uns sogar Deutsche Hits vor. Der Abas war sehr freundlich und brachte uns immer wieder zum Lachen. Der Reiseleiter konnte uns alles zur Geschichte von Sansibar und Tansania erzählen. Wir fühlten uns sehr gut aufgehoben und würden diese Tour jederzeit wiederholen.,de,5.00,,t,viator,,Ayyoub_M,"",,,,287,APPLICATION,2026-09-08 10:51:00.886889+05:30,,,f
PR7Qx1ZYW1RJ,RSN3da4sgi8Y,2024-04-08 17:13:31+05:30,"Ibrahim is an amazing guide. Very knowledgeable about so many things. The tour at the spice farm, he explained all the spices and their use in food as well as their medicinal use. 

The walking part of the tour in Stone Town was also very informative.  He knew where all the cool doors are! 

An amazing guide!",en-gb,5.00,,t,viator,,Michal_S,"",,,,288,APPLICATION,2026-09-08 10:51:00.910874+05:30,,,f
PR7Qx1ZYW1RJ,RSS0gw0mbX1Z,2024-03-25 19:53:39+05:30,"Hassan was a phenomenal guide. His insight of the culture and history was impressive. 

Hassan provided an unforgettable tour of Zanzibars historic sites. His passion for history was evident as he shared stories and facts that you can’t find in guidebooks. The tour was well-organized, starting on time and covering all the promised sights without feeling rushed. Hassans ability to engage with all the participants, answering questions and ensuring everyone felt included, made the experience truly special. His recommendations for local activities were a delightful bonus, adding an authentic touch to our visit. I highly recommend this tour to anyone wanting to delve deeper into the heart of Zanzibar. Thank you, Hassan for a memorable day!
",en-gb,5.00,,t,viator,,Hakemia_J,"",,,,289,APPLICATION,2026-09-08 10:51:00.914153+05:30,,,f
PR7Qx1ZYW1RJ,RS0Ffm5gBDrV,2024-03-21 22:09:43+05:30,We enjoyed ever part of this tour. It was educational and also a great opportunity to shop and experience the culture. The full day tour allowed us to experience a lot in a short period of time. Our guides answered our questions and were very knowledgeable.,en-gb,5.00,,t,viator,,Jaceline_C,"",,,,290,APPLICATION,2026-09-08 10:51:02.222863+05:30,,,f
PR7Qx1ZYW1RJ,RScP0gBoJjC9,2024-03-20 17:08:18+05:30,"At first thank you to our Tourguide Mr. Abas. It was very good and may one of the best tours in Zanzibar. 

At first we visit the spicefarm, second stop was the prison Island and last but not least Stone Town.

All in all it was very good. 👍🏻",en-gb,5.00,,t,viator,,Felix_Z,"",,,,291,APPLICATION,2026-09-08 10:51:02.226787+05:30,,,f
PR7Qx1ZYW1RJ,RSdi3zjjdIey,2024-03-13 07:44:49+05:30,"There was not much of a tour. They picked me up late (not a bid deal), and then essentially just took me places, with little explanation. Not a tour, more like just follow some guy and just let me read the signs where we were. You can find a better tour and a much cheaper one. Not worth the price and did not get to learn much. ",en-gb,3.00,,t,viator,,Christina_S,"",,,,292,APPLICATION,2026-09-08 10:51:02.231132+05:30,,,f
PR7Qx1ZYW1RJ,RSAB9ojPyvgT,2024-03-04 10:04:02+05:30,"Ali, our guide was most informative and attentive. We felt he’d become a part of our family. One of our members was recently injured and was traveling with a wheelchair. Ali was most accommodating about her limits. Even then we saw and experienced everything we wanted to. ",en-gb,5.00,,t,viator,,Gulam_H,"",,,,293,APPLICATION,2026-09-08 10:51:02.234615+05:30,,,f
PR7Qx1ZYW1RJ,RS95Q0ffDPml,2024-03-04 05:42:23+05:30,"The guide slowed down to my pace. He was very good. Polite and informative. I was amazed at the nutmeg seed. I had never seen one before. Very beautiful 
",en-gb,5.00,,t,viator,,dfranksville,"",,,,294,APPLICATION,2026-09-08 10:51:02.237898+05:30,,,f
PR7Qx1ZYW1RJ,RScQgzZ7xxZU,2024-02-26 02:22:29+05:30,"Really enjoyable day. Prompt collection & lovely vehicle. Spice farm was amazing. Next was Prison Island. The boat is small to get you across & the sea was very choppy but it’s only a short distance. Saw the giant tortoises & that was great. 
Then a walk through Stone Town. Fascinating. The market is something to behold! 
",en-gb,4.00,,t,viator,,Clair_B,"",,,,295,APPLICATION,2026-09-08 10:51:02.241312+05:30,,,f
PR7Qx1ZYW1RJ,RSovfwSAOyGD,2024-02-04 08:55:22+05:30,"Trip itself was interesting (the Spice Farm was the highlight) but our tour guide was not very engaged. Little explanations, we had expected more…",en-gb,3.00,,t,viator,,Britta_K,"",,,,296,APPLICATION,2026-09-08 10:51:02.244542+05:30,,,f
PR7Qx1ZYW1RJ,RSWTdT0YcNMI,2024-02-02 13:39:50+05:30,"A wonderful on this tour with our 4 friends. Our tour guide Hassan, Hassan Wiseguide gave us a fully guided tour with very detailed information. All our questions were answered and he made sure our day was just perfect. We''ll done, thoroughly recommend this tour with our guide.",en-gb,5.00,,t,viator,,Gary_A,"",,,,297,APPLICATION,2026-09-08 10:51:02.248626+05:30,,,f
PR7Qx1ZYW1RJ,RSARWoSflAV8,2024-02-02 13:01:08+05:30,"Our driver safely got us to Stone Town and back and was on time. Our guide Hassan was very informative, friendly and professional. We really enjoyed the tour and would definitely recommend it to everyone! Great customer service!",en-gb,5.00,,t,viator,,Emilia_C,"",,,,298,APPLICATION,2026-09-08 10:51:02.25252+05:30,,,f
PR7Qx1ZYW1RJ,RS7714xmq4ue,2024-01-30 15:20:04+05:30,"The sites I saw were great, but the guide could have been better. Prison Island is great but as the guide thereafter rushed through Stonetown, the trip was like 2 hours shorter than expected and I did not have any free time at all.",en-gb,3.00,,t,viator,,Hanne_D,"",,,,299,APPLICATION,2026-09-08 10:51:02.256243+05:30,,,f
PR7Qx1ZYW1RJ,RSQoAswe492B,2024-01-28 17:43:15+05:30,Excellent tour and excellent guide Ibrahim! He was very knowledgeable about spice farming and Prison Camp island. The giant tortoises were awesome. Ibrahim was very responsive to my safety. Excellent tour! ,en-gb,5.00,,t,viator,,Fred_R,"",,,,300,APPLICATION,2026-09-08 10:51:02.260912+05:30,,,f
PR7Qx1ZYW1RJ,RScnQhlVlnAt,2024-01-26 15:34:06+05:30,Our guide was very attentive and knowledgeable.  He was friendly and kind.  We felt we received an all round experience for the hours we had in port.,en-gb,5.00,,t,viator,,Lucia_B,"",,,,301,APPLICATION,2026-09-08 10:51:02.26495+05:30,,,f
PR7Qx1ZYW1RJ,RSpMedfkIjBk,2024-01-22 11:52:51+05:30,"Mohammed, our guide was excellent who gave us an overview into local culture. Stone town tour very good, spice farm not so good. Bumpy ride on boat to Prison Island which was very picturesque but only needs one hour. ",en-gb,5.00,,t,viator,,Stephen_C,"",,,,302,APPLICATION,2026-09-08 10:51:02.269657+05:30,,,f
PR7Qx1ZYW1RJ,RSFjgWqM9xIv,2024-01-18 03:17:26+05:30,"The tour operator was excellent! They arrived at the cruise ship terminal on time and had our guide and driver waiting. Rose was knowledgeable about Zanzibar and accomplished everything on the itinerary. We asked to do a little shopping and have some lunch to try local cuisine and she accommodated both those requests as well. We had a great day in Zanzibar! The boat ride over to prison island was an experience in itself!
Rose was very good with timing everything so we arrived back to the cruise ship in plenty of time.",en-gb,5.00,,t,viator,,Marla_A,"",,,,303,APPLICATION,2026-09-08 10:51:02.274052+05:30,,,f
PR7Qx1ZYW1RJ,RSYBACVs8hYW,2024-01-07 04:58:16+05:30,"We were meet on time by our guide and taken to a spice farm that was fantastic, The operators of this location were fantastic and made it fun while learning aobut the spices. We given a breif history on Stone town during our second part of the tour although we learnt alot, we feel there was more infomation that could have been shared,whilst walking around.We  enjoyed the locations that we were taken to. Travelling by boat to the Island to visit the Prison was intertesting and a pleasure to see that they are saving the turtles. The only issue we had was a lunch where the guide joined us and then expected us to pay for his lunch (considering what he had) had we known prior there would have been no issues.",en-gb,3.00,,t,viator,,Geoff_N,"",,,,304,APPLICATION,2026-09-08 10:51:02.277576+05:30,,,f
PR7Qx1ZYW1RJ,RStg7jMnv9tF,2024-01-01 16:26:15+05:30,Spice farm was the best part of the trip. Our guide Ibrahim was very knowledged about plants and usages of spices. Prison island and Stone town part was bit miss but likely due to extreme heat that consumed us.,en-gb,4.00,,t,viator,,Dani_D,"",,,,305,APPLICATION,2026-09-08 10:51:02.281282+05:30,,,f
PR7Qx1ZYW1RJ,RSVyPdlzjwPj,2023-12-24 19:23:34+05:30,"From the three tours I made on Zanzibar this was the less interesting one. The Spice farm is not a farm but just kind of botanical garden with different plants. Prison island IS overcrowded with nothing much too see. The tour is not worh 85€ I payed, especially when compared with other tours I made. ",en-gb,2.00,,t,viator,,Martin_D,"",,,,306,APPLICATION,2026-09-08 10:51:02.284556+05:30,,,f
PR7Qx1ZYW1RJ,RSVaXh1G97oA,2023-12-24 15:57:29+05:30,"Superbe journée avec un super guide ! 
Merci Charisma pour le français parfait, pour toutes les explications et pour les.belles découvertes tt au long de cette journée.
Que de saveurs lors de la visite de la ferme aux épices. Nous repartirons en connaissant mieux Zanzibar.",fr,5.00,,t,viator,,Sophie_R,"",,,,307,APPLICATION,2026-09-08 10:51:02.289662+05:30,,,f
PR7Qx1ZYW1RJ,RSaCwDq3jPcN,2023-10-07 18:19:00+05:30,Me gusto el guía en español una persona muy amable Zeidy. El chofer que nos mandaron no fue tan amable. Nos tocó lluvia pero estuvo muy bien. ,es,3.00,,t,viator,,Marcelita,"",,,,325,APPLICATION,2026-09-08 10:51:02.357789+05:30,,,f
PR7Qx1ZYW1RJ,RSWfvl8PtHDg,2023-12-16 06:30:02+05:30,"Tour super completo. Calidad precio buena con respecto a otras. No incluye agua aunque si el resto de cosas (recogida en hotel, transporte privado, entradas...)
Nuestro guía Salhe Sonda sabía español, muy dispuesto a enseñar, nos cuidó y nos dio muy buenos consejos.
Muy contentos",es,5.00,,t,viator,,Isabel_l,"",,,,308,APPLICATION,2026-09-08 10:51:02.293557+05:30,,,f
PR7Qx1ZYW1RJ,RS1S2wOwmBvN,2023-12-12 12:21:01+05:30,"Overall, great day and amazing value for money. Highly recommend. Pickup from the hotel was good, air-conditioned car. Spice farm was cool although I did get sick from the fruit tasting so maybe avoid that if you’re not used to them normally (I’m English). Prison island was fascinating and seeing the tortoises was sweet. And it was good to learn about the history of the Stone Town. Ibrahim, our guide was as good as one could hope for, the driver was also super friendly. ",en-gb,5.00,,t,viator,,Matthew_G,"",,,,309,APPLICATION,2026-09-08 10:51:02.297205+05:30,,,f
PR7Qx1ZYW1RJ,RSGVinbCqLep,2023-12-11 17:51:36+05:30,"Mohamed et Said étaient parfaits 
Très belle visite, sympathique et connaissant très bien la ville et maîtrisant très bien son sujet ",fr,5.00,,t,viator,,herve_G,"",,,,310,APPLICATION,2026-09-08 10:51:02.300497+05:30,,,f
PR7Qx1ZYW1RJ,RSOdq64dRCGY,2023-12-04 12:27:49+05:30,Simba and Ibrahim were absolute gems. Stone town is a real must. Walking around is  a breeze. I had so much fun and i fully recommend the tour!,en-gb,5.00,,t,viator,,Marie_E,"",,,,311,APPLICATION,2026-09-08 10:51:02.305227+05:30,,,f
PR7Qx1ZYW1RJ,RSA7KqwGRqTg,2023-11-21 19:23:36+05:30,"The boat ride and time on prison island were my highlights. Ibrahim is a wonderful guide with a lot of knowledge and his English is excellent! I did enjoy this day trip but the info definitely needs updating as its not accurate, even the order of the activities have been turned on their heads, whether this is a local guides/driver choice is unknown but clients should know what they are booking! The driver Mal was very skilled at getting through the stone town traffic. Lucky I took my own water though as non available otherwise.",en-gb,5.00,,t,viator,,Deborah_S,"",,,,312,APPLICATION,2026-09-08 10:51:02.30936+05:30,,,f
PR7Qx1ZYW1RJ,RS0lMdedBzaN,2023-11-17 21:59:42+05:30,"Superbe excursion grâce à Ibrahim qui maîtrise très bien le français.
Je recommande Ibrahim pour les français qui veulent faire cette excursion.
Christelle et Bilal",fr,5.00,,t,viator,,Christelle_V,"",,,,313,APPLICATION,2026-09-08 10:51:02.312929+05:30,,,f
PR7Qx1ZYW1RJ,RSptkpOQg9f6,2023-11-15 10:54:58+05:30,"Wonderful tour by a great guide. Took super care of my wife. In spice garden it rained. One person held the umbrella over my wife the second carried a chair for her. If you are mobility challenged this is the only way to go
",en-gb,5.00,,t,viator,,DANIEL_G,"",,,,314,APPLICATION,2026-09-08 10:51:02.316294+05:30,,,f
PR7Qx1ZYW1RJ,RSFpDoFi7duB,2023-11-15 06:53:23+05:30,"The tour was great. Our tour guide was courteous, attentive and well informed. We only had one day in Tanzania but we felt like we recieved good insight into their culture and its people.",en-gb,5.00,,t,viator,,Lavita_J,"",,,,315,APPLICATION,2026-09-08 10:51:02.319642+05:30,,,f
PR7Qx1ZYW1RJ,RSQFhatzRtye,2023-11-10 06:43:40+05:30,"Book the whole set - Ask for Ibrahim and Simba!
Went on this tour with Ibrahim as our guide and Simba as the driver. Ibrahim is super knowlegable and especially the tour of the Spice Farm is great! His english is great! Simba makes sure that everyone gets to where they are supposed to be despite the madness of the Zanzibarian trafic and provides consistent water supply!",en-gb,5.00,,t,viator,,Camilla_J,"",,,,316,APPLICATION,2026-09-08 10:51:02.323675+05:30,,,f
PR7Qx1ZYW1RJ,RScyIbJdADre,2023-11-04 12:30:22+05:30,"Leuke gezellige gids. Helaas de chauffeur was niet bereid om ons op te pikken in Stonetown, hij heeft ons 1,5 uur door de stromende regen te laten lopen. Het excuus was dat de weg was afgesloten, terwijl er genoeg andere auto’s reden. Helaas geen mogelijkheid voor een lunch, viel eind van de dag om van de honger. Spicefarm was erg leuk. Stonetown ook prachtig, maar helaas afgebroken door de enorme regenval. Prison island was ook mooi met al die grote schildpadden. Grote borden met niet aanraken werden totaal genegeerd. Mensen zaten, aaiden de schildpadden. Toezicht was er niet. Best zielig.",nl,4.00,,t,viator,,Irma_S,"",,,,317,APPLICATION,2026-09-08 10:51:02.328382+05:30,,,f
PR7Qx1ZYW1RJ,RSdW9E46x0NC,2023-11-04 09:53:03+05:30,"Trotz unserer kurzfristigen Anfrage am späten Vorabend, war es eine klasse Tour und wurde toll und spontan umgesetzt. Der gesamte Tag war sehr interessant und unser Guide Karim war super. Sehr empfehlenswert!",de,5.00,,t,viator,,Alexander_W,"",,,,318,APPLICATION,2026-09-08 10:51:02.332391+05:30,,,f
PR7Qx1ZYW1RJ,RS7uL0qBU1ZH,2023-10-18 21:32:41+05:30,"Fahrer und Guide waren sehr freundlich und kompetent und sind sehr gut auf unsere Wünsche eingegangen. Damit haben sie dies zu einem tollen Ausflug für uns gemacht, vielen Dank dafür.",de,5.00,,t,viator,,Klaus_A,"",,,,319,APPLICATION,2026-09-08 10:51:02.335661+05:30,,,f
PR7Qx1ZYW1RJ,RSMCHS8aSGkY,2023-10-18 07:41:42+05:30,The guide was not knowledgeable about the places we were visiting. She just felt she had to take me to places. She refused to enter the Anglican Church. She made me pay the fees for the museum,en-gb,3.00,,t,viator,,Maxime_G,"",,,,320,APPLICATION,2026-09-08 10:51:02.339367+05:30,,,f
PR7Qx1ZYW1RJ,RS7lDfHPxlaj,2023-10-14 07:24:37+05:30,"Bonne organisation, guide et chauffeur agréable, à l’écoute. Visite essentielle pour découvrir la culture Tanzanienne. ",fr,4.00,,t,viator,,Fabrice_M,"",,,,321,APPLICATION,2026-09-08 10:51:02.343022+05:30,,,f
PR7Qx1ZYW1RJ,RSwVjiNIfkOV,2023-10-12 16:30:08+05:30,Pour cette journée nous avons été accompagnés de Ibrahim notre guide francophone qui nous a accompagné tout au long des activités et nous a donné de nombreuses explications. Il a été très attentionné toute la journée et soucieux de bien faire. Il nous a amené chez un marchand d'épices et nous a obtenu un bon prix. Le chauffeur Saïd était un très bon conducteur malgré la circulation très dense. N'hésitez pas à réserver cette excursion ! ,fr,5.00,,t,viator,,Manon_V,"",,,,322,APPLICATION,2026-09-08 10:51:02.346786+05:30,,,f
PR7Qx1ZYW1RJ,RSWrEVZafl1V,2023-10-10 20:00:12+05:30,"Un guide francophone super et qui connaissait très bien son sujet. Très à l’écoute et disponible. A l’heure, tout était parfait !",fr,5.00,,t,viator,,Chapuis_R,"",,,,323,APPLICATION,2026-09-08 10:51:02.350696+05:30,,,f
PR7Qx1ZYW1RJ,RSd6xycgOr2S,2023-10-08 11:55:43+05:30,"Wie der Titel es sagt - fünf Sterne sind viel zu wenig. Jungs und sein Fahrer haben uns einen unfassbaren Ausflug beschert.
Zunächst mal gingen wir davon aus in Einer Gruppe zu fahren - nein der ganze Trip war nur alleine ! Das erste Highlight war auf persönlichen Wunsch der Halt in einer lokalen Schule !
Die Gewürzfarm war ein weiteres Highlight - ein unfassbar Fülle an Gewürzen und Früchten welche auch alle probiert werden konnten .
Die Gefängnisinsel mit den bis zu 198 Jahre alten Schildkröten und die anschließende Führung in Stone Town waren ebenso überwältigend !
Auf gutem deutsch und auch mit Erklärungen zu den dunkleren Zeiten der Sklaverei und einer offen und freundlichen Art fühlten wir uns mehr als wohl .
Selbst als wir durch vier oder fünf Geschäfte streifen wollten um einheimische Kleidung zu kaufen war Juma stets ohne Stress und Eile.
Und krönender Abschluss war die Rückfahrt mit deutschem Schlager und gemeinsamen Gesang 😅.
Vielen Dank für diesen Ausflug den wir niemals vergessen werden ! Nur zu empfehlen !",de,5.00,,t,viator,,Johannes_K,"",,,,324,APPLICATION,2026-09-08 10:51:02.354348+05:30,,,f
PR7Qx1ZYW1RJ,RSK88a7HJhWF,2023-09-19 11:29:35+05:30,"An amazing day that started at the Spice Farm which was a highlight during our time on Zanzibar. The guides and explanations were exemplary with a chance to smell and taste a lot of the produce from the farm.

The trip to Prison Island was fun, a short trip on a boat to see the giant tortoises is well worth it and there''s a great photo spot overlooking the water for couples!

Finally the guided walk around Stone Town was interesting, a town steeped in history that was explained in detail by our guide. Fully recommend this day out!",en-gb,5.00,,t,viator,,Scott_W,"",,,,328,APPLICATION,2026-09-08 10:51:02.367625+05:30,,,f
PR7Qx1ZYW1RJ,RSJ3EImNE6Vi,2023-09-18 09:18:25+05:30,"Me and my partner enjoyed this tour very much, our tour guide Ibrahim was very knowledgable, friendly and polite he told us so much about each stop of the tour and answered all questions we had. I would highlight recommend this tour if you are looking to learn about Zanzibar and stone town. The transfer driver Simba was also very punctual.",en-gb,5.00,,t,viator,,Jade_f,"",,,,329,APPLICATION,2026-09-08 10:51:02.37158+05:30,,,f
PR7Qx1ZYW1RJ,RSn3lg3SFSN8,2023-09-08 18:56:51+05:30,"Notre guide a été vraiment à la hauteur,parlant très bien le français et nous informant pendant le circuit. 
Bonne expérience ",fr,4.00,,t,viator,,SEJOURNANT_N,"",,,,330,APPLICATION,2026-09-08 10:51:02.383609+05:30,,,f
PR7Qx1ZYW1RJ,RS2Vi6fImZR7,2026-01-06 22:57:13+05:30,,,3.00,,f,,partner,Zainaliambidina,yt,,,,331,APPLICATION,2026-09-08 10:51:02.387419+05:30,,,f
PR7Qx1ZYW1RJ,RSZqDB2hWSPQ,2025-06-13 21:34:42+05:30,,,5.00,,f,,,,,,,,332,APPLICATION,2026-09-08 10:51:02.391576+05:30,,,f
PR7Qx1ZYW1RJ,RSLy6hpxEQTO,2024-11-09 13:09:05+05:30,,,4.00,,f,,,,,,,,333,APPLICATION,2026-09-08 10:51:02.39516+05:30,,,f
PR7Qx1ZYW1RJ,RSkPcUmm9zQ9,2024-09-02 16:11:17+05:30,,,5.00,,f,,alone,,,,,,334,APPLICATION,2026-09-08 10:51:02.39896+05:30,,,f
PR7tkJnDP1m5,RSfWBUtwF3j0,2026-07-20 08:39:09+05:30,Magnificent Site food kindness Perfect Magnificent Site food kindness Perfect Magnificent Site food kindness Perfect,en-gb,5.00,,t,viator,,Patrick_S,"",Merci ,it,2026-07-20 16:11:16+05:30,335,APPLICATION,2026-09-08 10:51:02.402523+05:30,,,f
PR7tkJnDP1m5,RSSn9SrnotVB,2026-01-15 19:37:49+05:30,"We had an amazing experience on our day trip to Nakupenda bis / Nyange Sandbank and Prison Island.  Our tour guide, Hassan, was very professional, kind and knowledgeable.  He led us around Prison Island to learn about the history and see the tortoises, and then we went to the stunningly beautiful Nakupenda bis.  Him and the crew cooked us a delicious, fresh seafood lunch and they let us have as much time as we wanted to swim and relax.  I highly recommend this tour if you are looking for a private, personalized experience.  ",en-gb,5.00,,t,viator,,Gregory_W,"",Thank you for supporting us ,en,2026-01-16 04:51:21+05:30,336,APPLICATION,2026-09-08 10:51:06.354085+05:30,,,f
PR7tkJnDP1m5,RSbBnnAi4mDo,2025-09-14 09:26:22+05:30,Hasan and crew were the best! The sandbank was extremely beautiful and the food was delicious too! Definitely recommend! ,en-gb,5.00,,t,viator,,Anonymous,"","Thank you for sharing your experience and supporting us.
Much appreciate ",en,2025-09-14 20:50:28+05:30,337,APPLICATION,2026-09-08 10:51:06.35771+05:30,,,f
PR7tkJnDP1m5,RSDs0vr4f6bC,2025-08-17 16:49:26+05:30,"I really enjoyed it, amazing place",en-gb,5.00,,t,,alone,PANAGIOTA,gr,,,,338,APPLICATION,2026-09-08 10:51:06.361108+05:30,,,f
PR7tkJnDP1m5,RSgjGtyDzHOK,2025-06-08 21:23:29+05:30,"Incredible activity, well organized, a big thank you to our guide Yaya for accompanying us for this magical day on a paradise island!",en-gb,5.00,,t,viator,,Elsa_B,"",Merci,en,2025-06-09 14:02:12+05:30,339,APPLICATION,2026-09-08 10:51:06.364511+05:30,,,f
PR7tkJnDP1m5,RSNC0BFAzhof,2025-02-06 09:07:21+05:30,This is a unique private tour of a sand bank in the middle of the ocean. They collect you with a private local boat while the guide talks about the history of Zanzibar. When you reach the island they set up a tent for cover while you swim and they serve a delicious seafood Braai or bbq . Definitely would highly recommend it was a perfect day.,en-gb,5.00,,t,,alone,Linda,za,,,,340,APPLICATION,2026-09-08 10:51:06.368207+05:30,,,f
PR7tkJnDP1m5,RSVm19ERKJBn,2024-07-09 12:15:55+05:30,"This is the perfect tour to avoid the large crowds on the main sandbank that most of the tours go to. Nakupenda bis was beyond belief, absolutely stunning! Our guide, Ismail, was fantastic. Great communication beforehand to confirm everything, hotel pick up was on time and the whole excursion was flawless. Highly recommend!",en-gb,5.00,,t,viator,,Michael_P,"",,,,341,APPLICATION,2026-09-08 10:51:06.372081+05:30,,,f
PR7tkJnDP1m5,RSkLCvBAsG1l,2025-10-13 22:46:24+05:30,,,4.00,,f,,partner,Thao,vn,,,,342,APPLICATION,2026-09-08 10:51:06.37593+05:30,,,f
PR80dCQk4inJ,RSTtXnmW5Hyq,2026-05-19 12:04:56+05:30,Safari part was good. The booking agent and logistics getting there and getting back not so much.,en-us,3.00,,t,,,,,,,,343,APPLICATION,2026-09-08 10:51:06.379382+05:30,,,f
PR80dCQk4inJ,RSCTqxRjn2AZ,2025-12-03 09:25:20+05:30,"Even though we went on a safari in Mikumi National Park at the end of November, during the small rainy season, we were more than thrilled and saw a lot of wildlife. We spotted 4 of the Big 5, though unfortunately there are no more rhinos in the park.

During the day, we were even lucky enough to see a leopard, which our guide said is very rare. It was truly a wonderful day, and our guide was simply fantastic! While other jeeps drove past certain animals, we stopped for each and every one, giving us plenty of time to take photos and enjoy the experience.

Since it was the low season, there were also far fewer jeeps than what is often shown online, which made the safari even more enjoyable.

I specifically chose this tour because it was advertised as being offered in German. Despite several German-speaking tourists being on the tour, there was no German-speaking guide. I chose this tour because my partner doesn’t speak English well, and it would have been more comfortable for him. I don’t understand why it’s advertised this way if it’s not actually available.

Despite that, it was still a beautiful and exciting day, and we thoroughly enjoyed the experience.",en-gb,5.00,,t,viator,,Sophia_S,"",,,,344,APPLICATION,2026-09-08 10:51:07.843018+05:30,,,f
PR80dCQk4inJ,RSXedjKVTg3M,2025-08-17 11:56:52+05:30,Such an amazing experience. Unforgettable moment can be able to see all those animals in Africa 🦒🦓🐘🦍🦌,en-gb,5.00,,t,,,Putri,id,,,,345,APPLICATION,2026-09-08 10:51:07.846893+05:30,,,f
PR80dCQk4inJ,RSAGw0ZBFkPV,2024-11-29 18:44:42+05:30,"The good food for lunch. The food was very tasty. The hostess was very pleasant. The animals were shy and did not show up.

",en-gb,3.00,,t,viator,,Arlene_O,"","Dear Arlene
thank you for your kind comments and hope to see again on board
",en,2024-12-03 10:21:12+05:30,346,APPLICATION,2026-09-08 10:51:07.850474+05:30,,,f
PR80dCQk4inJ,RSvLY8xuTLzp,2024-11-16 10:37:09+05:30," VIATOR  !

Mauvaise gestion de dernière minute pour laquelle j''ai du rappeler moi même, renvoyer le voucher et idem pour la confirmation et les horaires.
J''avais demandé un guide français, j''ai eu un anglophone.
Le petit déjeuné prévu n''a pas eu lieu.
Tout cela pour avoir payé plus cher que la même prestation à l''hôtel.
avis sur  trustpilot",fr,1.00,1,t,viator,,jaunclaude_j,"","Dear Customer
very sorry for the inconvenience,",en,2024-12-03 10:35:25+05:30,347,APPLICATION,2026-09-08 10:51:07.854556+05:30,,,f
PR80dCQk4inJ,RSwEsaoQXdrv,2024-11-07 04:11:28+05:30,"A day to remember! The guides were knowledgeable, fun and helpful.  So many amazing animals to see! Saw more than I expected and had so much fun searching through the reserve for them.  ",en-gb,5.00,,t,viator,,Amber_M,"",thank you for your kind comments,en,2024-12-03 10:35:49+05:30,348,APPLICATION,2026-09-08 10:51:07.858753+05:30,,,f
PR80dCQk4inJ,RSl1vLq8TIiN,2024-07-21 23:14:15+05:30,Ein sehr schönes Erlebnis. Bis auf eine etwas längere Wartezeit aufgrund eines verspäteten Fluges hat alles reibungslos geklappt. Wir können diesen Tagesausflug empfehlen!,de,4.00,,t,,family,Ines,nc,,,,349,APPLICATION,2026-09-08 10:51:07.872356+05:30,,,f
PR80dCQk4inJ,RSB3cw2Ky3O4,2026-04-10 19:38:14+05:30,,,5.00,,f,,,,,,,,350,APPLICATION,2026-09-08 10:51:07.877401+05:30,,,f
PR82beXuFxaD,RSuHHykDugsw,2026-01-11 16:08:03+05:30,"What an amazing trip to celebrate a big birthday, James was the most humorous, affable and friendly guy you could possible have as a driver, he is a credit to his company. The trip wasn''t rushed, it was well organised and coordinated and we bounced along the roads of Zanzibar with a smile on our faces.",en-gb,5.00,1,t,viator,,Robert_C,"",Thank you so much for taking your time to rate and comment ,en,2026-01-11 21:00:18+05:30,351,APPLICATION,2026-09-08 10:51:07.881486+05:30,,,f
PR83sG5hl1PW,RS2g25z6aQHz,2025-09-22 10:12:28+05:30,Mr P. was amazing and very accommodating.  Swimming with the dolphins and the sandbar was amazing. We felt very secure with him.  ,en-gb,5.00,,t,viator,,faiza_a,"",,,,352,APPLICATION,2026-09-08 10:51:12.03661+05:30,,,f
PR83sG5hl1PW,RS1kdMV8MwPX,2024-09-20 14:20:55+05:30,Les endroits à visiter c’était 😍. Je plains juste le guide touristique il ne comprenait pas vraiment le français et on avait du mal à communiquer . Il y’avait pas les équipes pour faire le snokling comme prévu.,fr,4.00,1,t,,alone,Sharon,cd,,,,353,APPLICATION,2026-09-08 10:51:13.300107+05:30,,,f
PR83sG5hl1PW,RSaZRnIVx1sW,2024-08-12 23:40:40+05:30,Si potrebbe gestire meglio la visita alle tartarughe perché il posto è piccolino e 4 ore sono troppe da passare lì... magari aggiungendo nel prezzo la visita allo zoo lì vicino.,it,4.00,1,t,,partner,Alan,tz,,,,354,APPLICATION,2026-09-08 10:51:13.304213+05:30,,,f
PR83sG5hl1PW,RShPTnNwUPhq,2024-08-11 14:56:56+05:30,"Para empezar nuestro guía Nasser fué fantástico! Sabe hablar español, fué muy amable con nosotros. La recogida puntual con coche privado y aire acondicionado. Nos fuimos a ver delfines, lástima que hubiera más de 20 barcas detrás de los delfines y por miedo a que nos pasara una barca por encima no nos tiramos a verlos en el agua, en algún momento parecía como si estuvieramos haciendo carreras… nos dejaron cerca de la isla mnemba para hacer esnorkel y ver peces mientras nos prepararon una fantástica bandeja de fruta con sandía, piña, naranja, fruta de la pasión, aguacate y plátanos. Luego nos llevaron al aquarium de baraka donde tuvimos mucho tiempo para nadar con las tortugas y hacernos muchas fotos. Nos dejaron tiempo para comer en un restaurante de Nungwi y luego nos llevaron a hacer un crucero en dhow, la única pega es que el barco estaba demasiado lleno y casi no podías moverte, tenías que estar con las piernas dobladas… por lo demás fué uno de los mejores días que tuvimos en Zanzíbar.",es,5.00,,t,viator,,Carme_M,"",,,,355,APPLICATION,2026-09-08 10:51:13.30796+05:30,,,f
PR83sG5hl1PW,RSKBbnLPvwc7,2024-12-30 17:39:14+05:30,,,2.00,,f,,family,Modeste,cd,,,,356,APPLICATION,2026-09-08 10:51:13.311494+05:30,,,f
PR83sG5hl1PW,RSgKtgoNBqJb,2024-09-27 16:04:20+05:30,,,5.00,,f,,alone,NADA,gh,,,,357,APPLICATION,2026-09-08 10:51:13.31487+05:30,,,f
PR83sG5hl1PW,RSZlKEZo0OXj,2024-08-05 14:19:04+05:30,,,5.00,,f,,,,,,,,358,APPLICATION,2026-09-08 10:51:13.319166+05:30,,,f
PR83sG5hl1PW,RS9EOXQtgx2J,2024-06-29 10:35:40+05:30,,,4.00,,f,,,,,,,,359,APPLICATION,2026-09-08 10:51:13.323168+05:30,,,f
PR85VBsyp1h7,RSgl6mbGRQno,2024-06-19 13:23:20+05:30,"10 of us U.S. journalists and professional friends traveled together. The informed and amiable tour guide taught us a lot about how spices are grown on the island. The lunch they cooked for us at the end was, we agreed, one of the best meals we had in Zanzibar - and all were good. Plus, all of us bought some of the great soap, spice, coffee, and other products before leaving. Highly recommend this!",en-gb,5.00,,t,viator,,LaMont_J,"",Thanks Lamont,en,2024-06-19 19:38:54+05:30,360,APPLICATION,2026-09-08 10:51:13.327133+05:30,,,f
PR85VBsyp1h7,RS89hSgvsjcs,2024-03-06 19:25:21+05:30,I was driven to the farm. I had a most intensive tour of all the spice plants and was dressed up in garlands of palm leaves and hibiscus! The meal and the fresh fruit afterwards was a bit of a high point. We saw a man climb a coconut palm and then we ate fresh coconut and drank coconut water. Everything was good and the guide was happy to let me sit and rest as I needed.,en-gb,5.00,,t,viator,,catherine_w,"",Thank you Catherine ,en,2024-03-07 19:51:36+05:30,361,APPLICATION,2026-09-08 10:51:15.094534+05:30,,,f
PR8PnKpiFbsM,RSUQytbqq3Dw,2024-12-22 06:27:48+05:30,What you see in the picture is a little miss leading. It’s not really a beach to go enjoy the day or snorkel. It’s a destination to go look at the old prison which is really nothing. The tortoise were real cool to see that’s the highlight.  There’s so many boat around the small beach area that it’s difficult to even to swim if you wanted to. ,en-gb,3.00,,t,viator,,Joann_S,"","Thank you for your review. This is a tourist attraction and we normally expect many visitors from different parts of the country, number of boats means many tourists which is not our problem unfortunately. We normally give your guides so you seek advice from them on where to go for snorkelling or even swimming.",en,2024-12-23 17:38:54+05:30,362,APPLICATION,2026-09-08 10:51:15.098373+05:30,,,f
PR8PnKpiFbsM,RSgx7dcQ5oLD,2024-08-29 04:04:41+05:30,"Unfortunately, it wasn’t the best of weather, so the excursion was only 1.5 hours long.  Considering the price of the excursion ($80 USD ) you certainly didn’t get value for money",en-gb,1.00,,t,viator,,Marion_I,"","Dear Marion 
Thank you for your review.
I would like to remind you that the weather is not something that We could control mind that when you left for the activity, the weather was still good and it changed while you were already at the spot and the guide gave you the option to stay at the beach or swim and you still chose to leave after the visit. we do not get why you would come here and leave this review.",en,2024-08-29 08:44:52+05:30,363,APPLICATION,2026-09-08 10:51:21.360493+05:30,,,f
PR95pOUE4ssR,RSAJB9rmkawD,2026-07-11 21:07:22+05:30,"Seeing the dolphins was great in their natural habitat, however there were so many boats, that most probably scared them, so this does need to be looked at. 
The island we were supposed to visit was private my assumption was that we could snorkel off of it, but this was not the case, so slightly misleading however seeing all the fish in the sea was amazing. 
The beaches we were taken too were beautiful and well worth visiting, the only downside is the continuous hassle you get from beach vendors it does not stop! ",en-gb,4.00,,t,viator,,Elaine_S,"",,,,364,APPLICATION,2026-09-08 10:51:21.365278+05:30,,,f
PR95pOUE4ssR,RSyfDdMYwbwg,2026-07-09 15:35:44+05:30,"Caveat Emptor! Although they use a sailing ship to sell you on this tour there is no sailing on this tour. Although they call it a Mnemba Island tour there is no going to Mnemba Island on this tour. you board an old fragile fiberglass dinghy to chase down dolphins, then use a rusty old ladder to get in and out of the water, A tetanus shot waiting to happen. You maybe get less than a minute of time in the water before the dolphins take off or the other 10 boats of people scare them off. its not worth the price. Especially when they misrepresent what actually happens. Feeding sea turtles at the aquarium was the only highlight.",en-gb,1.00,,t,viator,,Christopher_J,"",,,,365,APPLICATION,2026-09-08 10:51:26.317451+05:30,,,f
PRir9Z31zc5X,RSb5OXk7xq0c,2026-05-10 12:43:19+05:30,Had a good tour eventhough it was raining heavily. Our guide was very thorough with his explanation.,en-gb,2.00,,t,,partner,,,,,,922,APPLICATION,2026-09-08 10:57:46.934194+05:30,,,f
PR95pOUE4ssR,RSaLBezGbs8O,2025-09-22 14:32:26+05:30,"Best trip I’ve done in Zanzibar. Simba was a great driver and Amina was an incredible guide. She was very knowledgeable, very friendly and was always making sure I was having a good time and getting what I wanted out of the trip. I couldn’t recommend the pair of them enough. Pick up and drop off were exactly the times originally stated which was a pleasant surprise based on other trips too 10/10",en-gb,5.00,,t,viator,,Ryan_G,"",,,,366,APPLICATION,2026-09-08 10:51:26.321177+05:30,,,f
PR95pOUE4ssR,RSx2u273fpAW,2025-05-17 18:19:46+05:30,"Superb experience!! We''ve seen the dolphins quickly, we''re taking our time for snorkeling. Same with turtles.
The guide was very good.
I highly recommend",en-gb,5.00,,t,viator,,Chloe_G,"",,,,367,APPLICATION,2026-09-08 10:51:26.325653+05:30,,,f
PR95pOUE4ssR,RSbxk0gr2kEw,2024-06-18 18:56:56+05:30,"BRILLIANT!! 

I got to see dolphins and snorkel and the tour was amazing. So informative and well planned. It was loads of fun, and the time we had with people was great! ",en-gb,5.00,,t,viator,,Nombulelo_B,"",,,,368,APPLICATION,2026-09-08 10:51:26.329329+05:30,,,f
PR95pOUE4ssR,RSXoxvGWaaux,2024-04-18 10:51:46+05:30,"Belle journée avec Ibrahim et Simba qui ont parfaitement su s’adapter a ma demande et respecter mon rythme. L’aquarium de tortues est un petit bassin d’eau salé qui ne vaut pas forcément le détour . La plage de Mnemba est la plus belle et agreable et la plus authentique des 3 plages. Beaucoup de sollicitations par des vendeurs de plage partout, difficile de passer un moment seule 
Nungwi est bordee d’hotels mais le site reste beau pour kendwa , immeubles kitesurf et beaucoup de vents zone touristique pas nécessaire et manquant d’authenticité 
Mnemba vaut le detour .",fr,5.00,,t,viator,,Annabelle_E,"",,,,369,APPLICATION,2026-09-08 10:51:26.332686+05:30,,,f
PR95pOUE4ssR,RS2HFcdsfR3B,2024-01-04 10:17:35+05:30,"I wish I would have spent the day back at my hotel by the beach. The only reason I’m giving this review a 2 star is because of the lovely time we had with the turtles and beautiful pictures that were taken for us by the workers at the aquarium. 
Our tour guide was very basic, at times I thought she had no clue what she was doing. She turned up nice and early at our hotel but just sat at reception, didn’t notify anyone just sat there until I came looking for her. 
Long story short, don’t bother with the dolphin swimming. Such a waste of time. 30+ boats all chasing 1 dolphin. Tour guide had no clue and even tried to get us on the boat without fins until we kicked up a fuss. She said her captain only borrows fins from one supplier and he had run out. I had to force her to use another supplier. 
Once on the boat her instructions where ‘when I say jump you jump ok’ as soon as a dolphin was seen she would shout ‘JUMP, look down look down’ an absolute joke. 
The visits to the beach were even worse. We got the entrance of Nungwi beach and she said what do you think of the beach. We replied nice and she said ok let’s go. 
Then we went to Kenwa beach and same thing. 
Simply wasted our day to drive from the south of the island all the way to the north for this. 
If you want to do real snorkelling use Safari blue. ",en-gb,2.00,,t,viator,,Nancy_O,"",,,,370,APPLICATION,2026-09-08 10:51:26.336133+05:30,,,f
PR95pOUE4ssR,RSz1iOoL5adh,2023-12-24 19:26:22+05:30,"The tour is fine and the tour guide was friendly. 
The turtle zoo could be skipped, too many people and facility in bad condition. ",en-gb,4.00,,t,viator,,Martin_D,"",,,,371,APPLICATION,2026-09-08 10:51:26.339916+05:30,,,f
PR95pOUE4ssR,RST3vQbIkO0k,2023-12-16 19:35:10+05:30,"This tour was truly a memorable one. It was really fun swimming with the family of dolphins, snorkeling with many colorful fish, feeding the sea turtles and then relaxing at all the beaches. This was a great tour and highly recommend!",en-gb,5.00,,t,viator,,Jairo_M,"",,,,372,APPLICATION,2026-09-08 10:51:26.343192+05:30,,,f
PR95pOUE4ssR,RStBmb8iWGBd,2023-11-29 08:36:52+05:30,"The day excursion was great and filled with many things to do. I wish there was more explanation of what was going to take place initially. We were driven to the north side of the island and then were able to go to the destinations listed. In my mind we were going to take a boat from stone town to the north side of the island. But again, it was fun and we were able to see lots of different things. A variety of fruits were provided. ",en-gb,4.00,,t,viator,,Estherknoll,"",,,,373,APPLICATION,2026-09-08 10:51:26.346376+05:30,,,f
PR95pOUE4ssR,RS2jRflwmqFW,2023-10-09 02:32:23+05:30,Amazing trip I've experienced in a long time. The pickup was easy and convenient. It was a pleasure seeing the dolphins swim in their habitat. ,en-gb,5.00,,t,viator,,Charles_C,"",,,,374,APPLICATION,2026-09-08 10:51:26.349533+05:30,,,f
PR984bSV1fXn,RSgJwDlyGoEV,2026-02-18 09:16:13+05:30,"Was a beautiful trip around the mangrove the kids loved it. Really good guide
Recommend checking time to go due to tide level. ",en-gb,5.00,,t,viator,,Elaine_T,"",,,,375,APPLICATION,2026-09-08 10:51:26.352871+05:30,,,f
PR984bSV1fXn,RS3vjE5c8cdd,2025-07-20 22:27:33+05:30,"Marshed was a very good tour guide through the mangroves. We had to paddle hard for a bit against the current to get to them but then it was easy. Just the two of us so it was very peaceful. I am a fairly strong kayaker and I think that got us through the available pathways perhaps quicker than normal, so we just relaxed and floated for a bit at the end. I very much appreciate it the mango and coconut milk at the end. I would recommend this experience.",en-gb,4.00,,t,viator,,Andrew_G,"",,,,376,APPLICATION,2026-09-08 10:51:27.294894+05:30,,,f
PR9MAxvWINY4,RSEIby42DsKp,2026-08-02 14:38:22+05:30,"An Absolute 5-Star Experience with Ramjun!
I had a fantastic time on this tour! Ramjun reached out to us on WhatsApp the day beforehand to ensure we were ready and set for the tour the next day.

When Ramjun provided a brief of the itinerary, we asked if we could change it up slightly and skip the Nakupenda Beach Nature Reserve portion since we had already done that tour previously. Because we were quite tired from previous tours, we also asked if we could make the rest of the tour a bit shorter. Ramjun was completely accommodating and flexible with our request!

He speaks really good English and is extremely knowledgeable about history, you can truly tell how much he loves it. He even checks in to see whether you prefer long or short historical details while on the tour, easily tailoring the experience to your liking.

He was professional from start to finish, and I would highly recommend this tour to anyone visiting Zanzibar!",en-gb,5.00,,t,viator,,Yesenia_R,"",,,,377,APPLICATION,2026-09-08 10:51:27.31246+05:30,,,f
PR9MAxvWINY4,RSWHEkKnLJg0,2026-08-02 13:08:55+05:30,"Everything about this experience was top 10. I traveled solo so I felt VIP the entire time! The transfers were smooth, lunch was delicious, and I was completely informed about each location. Highly recommend if visiting Zanzibar. ",en-gb,5.00,,t,viator,,Katura_T,"",,,,378,APPLICATION,2026-09-08 10:51:34.310117+05:30,,,f
PR9MAxvWINY4,RSqmBZHr2km6,2026-07-24 19:11:42+05:30,"The city is intresting the beach was magical and Abdul the guide was wonderfull, funny and patiant, 10/10",en-gb,5.00,,t,viator,,Magen_M,"",,,,379,APPLICATION,2026-09-08 10:51:34.313903+05:30,,,f
PR9MAxvWINY4,RSFcHy1UMNlM,2025-06-11 17:49:40+05:30,"Despite the rain, the tour guide was good, very professional and gave me the best time. I would do this tour again in the future. The food was good as well. ",en-gb,5.00,,t,viator,,Saul_P,"",,,,408,APPLICATION,2026-09-08 10:51:34.435123+05:30,,,f
PRir9Z31zc5X,RSZsUoCZ4HIM,2026-01-26 21:49:46+05:30,일일투어로 저렴하고 만족스러웠습니다. 추천합니다.,ko,5.00,,t,,alone,,,,,,936,APPLICATION,2026-09-08 10:57:47.015823+05:30,,,f
PR9MAxvWINY4,RS3ym5OmPr84,2026-07-08 18:59:46+05:30,"We had an incredible excursion today to Prison Island, Nakupenda Sandbank, and Stone Town. The whole experience was well organized, and each destination was absolutely beautiful and full of fascinating history.

A huge thank you to our tour guide who shortened his name to, Decko, who truly made the day unforgettable. He was incredibly knowledgeable, friendly, and passionate about sharing the history and culture of Zanzibar. He answered all of our questions, made us feel welcome throughout the trip, and ensured everything ran smoothly.

What we especially appreciated was that Decko also gave us honest local advice on the best places to buy souvenirs and genuine Tanzanite, helping us avoid overpriced tourist traps. Those recommendations made a real difference and showed that he genuinely cared about making sure we had the best experience, not just during the tour but throughout our stay.

We genuinely couldn’t have asked for a better guide. If you’re planning this tour, we highly recommend requesting Decko. Thank you for an amazing day and memories we’ll never forget!",en-gb,5.00,,t,viator,,Hannah_M,"",,,,380,APPLICATION,2026-09-08 10:51:34.317493+05:30,,,f
PR9MAxvWINY4,RSKLqzyoSz3J,2026-06-26 13:40:00+05:30,The guide was great and took us round lots of interesting sites. Prison island and the sandbanks were a great experience. The food was all cooked fresh and were massive portions!,en-gb,5.00,,t,viator,,Joe_H,"",,,,381,APPLICATION,2026-09-08 10:51:34.321146+05:30,,,f
PR9MAxvWINY4,RSYVq6Wh8L0m,2026-04-17 00:54:35+05:30,"It is a wonderful tour, especially if the guide is the Sharif who was amazing from beginning to end, in every detail. A combination of must-see places. Super recommend",en-gb,5.00,,t,viator,,LuciaHelena_F,"",,,,382,APPLICATION,2026-09-08 10:51:34.324579+05:30,,,f
PR9MAxvWINY4,RSy78tIu021M,2026-03-20 01:07:41+05:30,"Our guide Abdull Majid was great, provided all information about customs and about the places visited, even sang with us the traditional music of Tanzania. The tour is great, the highlight being the lunch in Nakupenda, prepared there, with a great variety of seafood. The tour in Stone Town is also imperative, where we could learn more about the history of Zanzibar and the dynamics of the place.",en-gb,5.00,,t,viator,,Henrique_V,"",,,,383,APPLICATION,2026-09-08 10:51:34.328297+05:30,,,f
PR9MAxvWINY4,RSkijcpTktwX,2026-01-05 17:31:25+05:30,"Very nice experience! there is not much to see in prison iland, net of giant turtles! Too bad only for the strong wind that did not allow us to snorkel, otherwise all crazy, both the guide (Sharif) and the '"captain'" of the boat (private) who cooked an exceptional lunch in Nacupenda! The advice :)",en-gb,5.00,,t,viator,,Roberta_L,"",,,,384,APPLICATION,2026-09-08 10:51:34.332191+05:30,,,f
PR9MAxvWINY4,RSGbmbcD7CFv,2026-01-03 18:12:19+05:30,"My guide for the day was a very nice young man called Abdull Majid. A great day out very informative about the history off zanzibar visiting a beautiful beach, stone town and prison island.  Being a solo traveller was always asking if everything was ok. I would definitely recommend this trip. ",en-gb,5.00,,t,viator,,trudifrost1,"",,,,385,APPLICATION,2026-09-08 10:51:34.335369+05:30,,,f
PR9MAxvWINY4,RSqIzpt4iML9,2025-12-25 15:23:22+05:30,"I had a fantastic time with my guide Jun - he tailored the experience to what was important to me, and there was plenty of time in each location.  Transportation was smooth and easy.",en-gb,5.00,,t,viator,,Kirsten_B,"",,,,386,APPLICATION,2026-09-08 10:51:34.338513+05:30,,,f
PR9MAxvWINY4,RS4nBmsiEajK,2025-11-27 13:40:34+05:30,"Fantastic Experience! 
Sultan and his Chef took amazing care of us. He is extremely knowledgable and takes his time telling us all about the Area. 1000% recommend! 
Definitely do Stone Town first as it gets really busy and hot during the day and it will be hard to keep up and listen. Amazing finish on Nakapenda beach with a great meal and wonderful snorkeling ",en-gb,5.00,,t,viator,,Lauren_P,"",,,,387,APPLICATION,2026-09-08 10:51:34.341594+05:30,,,f
PR9MAxvWINY4,RSGmzrbXxLB5,2025-10-21 08:26:12+05:30,"Nakupenda was fabulous. A special experience. Beautiful and the lunch of lobster, shrimp, fish, octopus and squid cooked on a fire pit was great! Prison Island was a little underwhelming. Stone Town was pretty with great history. We were exhausted for the tour. If possible would recommend doing Stone Town first. ",en-gb,4.00,,t,viator,,Lana_A,"",,,,388,APPLICATION,2026-09-08 10:51:34.346064+05:30,,,f
PR9MAxvWINY4,RSE7vVDJIbqm,2025-10-19 20:09:58+05:30,"The Stone Town, Prison Island, and Nakupenda tour with snorkeling and lunch was absolutely amazing! Our guide, Khalid, was outstanding. We were traveling with my elderly mom, and he went above and beyond to make sure she was comfortable and enjoying herself, she loved every moment of it. Khalid introduced us to the Swahili language, teaching us new words along the way, and shared fascinating stories about the area’s history. Every part of the trip was perfectly planned. I would definitely book this tour again and highly recommend it to my family and friends!",en-gb,5.00,,t,viator,,Michelle_V,"",,,,389,APPLICATION,2026-09-08 10:51:34.350222+05:30,,,f
PR9MAxvWINY4,RS1Ft3i2psmm,2025-10-16 11:37:04+05:30,"Versatile and interesting tour to get to know the island. The tour guide spoke good German, but seemed rather unmotivated at the beginning",en-gb,4.00,,t,viator,,Maria_I,"",,,,390,APPLICATION,2026-09-08 10:51:34.353808+05:30,,,f
PR9MAxvWINY4,RSgew51i6H72,2025-10-08 21:40:36+05:30,"We had an amazing tour of Stone Town, Nakupenda, and Prison Island! Our guide, Sultan, was friendly, funny, and very professional. He shared fascinating insights about the history, culture, and daily life in Zanzibar, making the experience both fun and educational.

Stone Town was magical, and Nakupenda and Prison Island were beautiful and exotic. Sultan also took us to special, less touristy spots where we found wonderful souvenirs at fair prices. Highly recommend this tour!",en-gb,5.00,,t,viator,,Yulia_P,"",,,,391,APPLICATION,2026-09-08 10:51:34.35712+05:30,,,f
PR9MAxvWINY4,RS5zKaRJT9a8,2025-09-30 14:59:09+05:30,"This tour was absolutely amazing! Ramjun, our guide, was awesome—friendly, knowledgeable, and full of energy. He shared so much about Stone Town, Prison Island, and Nakupenda, and you could tell how proud he is of Zanzibar.

The highlight was definitely the incredible seafood lunch right on the beach—fresh lobster, shrimp, and calamari cooked to perfection. Ramjun even helped us negotiate prices throughout the day, which made everything stress-free.

From swimming in crystal-clear water to walking along the beautiful sandbank, every moment felt special. Highly recommend this tour, especially with Ramjun as your guide!",en-gb,5.00,,t,viator,,Michael_O,"",,,,392,APPLICATION,2026-09-08 10:51:34.379023+05:30,,,f
PR9MAxvWINY4,RS8ACQB6SeDT,2025-09-08 18:49:27+05:30,"Our guide Sherrif was funny, interesting and helpful. We enjoyed every minute. Nakupenda is so beautiful, the seafood lunch and fresh fruit were excellent.",en-gb,5.00,,t,viator,,RENATA_K,"",,,,393,APPLICATION,2026-09-08 10:51:34.382588+05:30,,,f
PR9MAxvWINY4,RSts9CBc2qcE,2025-09-08 07:56:40+05:30,"Great experience overall. We went to Prison Island first, then Nepukenda Island, and then Stone town. Our guide Khalid was knowledgeable in the history and provided excellent guide. 

Few things to note, Nepukenda Island can get a bit crowded unlike seen in the picture. Clear water but occasional seaweeds. Water tides are quick to change from low to high. Overall, we saw plenty but because there is a lot to see, I would advise maybe two sites in one day trip to enjoy maximum time in each places. Our tour seemed a bit fast because of pick up and drop off from distance location. But trip was good.",en-gb,5.00,,t,viator,,Mukta_M,"",,,,394,APPLICATION,2026-09-08 10:51:34.386137+05:30,,,f
PR9MAxvWINY4,RSgRWGBXHifo,2025-08-31 12:43:55+05:30,"Unexpectedly to me I was the only person on tour so it was definitely a VIP experience. Khalid was very welcoming, sharing details about history and other bits of information about Zanzibar. There was no rush so I could explore and enjoy every step of the tour. He was also very helpful when I asked to help me get a sim. I really had a great time on this tour. Shopping in stone town was great too, I found some locals artists that were selling their amazing works! The only part I would skip is Nakupenda as in my opinion it’s just a tourist trap and really not necessary ",en-gb,5.00,,t,viator,,Mariia_K,"",,,,395,APPLICATION,2026-09-08 10:51:34.390341+05:30,,,f
PR9MAxvWINY4,RSOUe4jJG86l,2025-08-26 13:46:42+05:30,"Great day trip with a very good guide. He spoke English well, made everything feel safe and comfortable, and explained a lot about Stone Town and Prison Island. ",en-gb,5.00,,t,viator,,Alina_M,"",,,,396,APPLICATION,2026-09-08 10:51:34.394004+05:30,,,f
PR9MAxvWINY4,RScGK8QEdHga,2025-08-17 16:13:47+05:30,"Our flights were delayed and we would miss the pick up time and half the tour. We had limited time before we joined our safari tour and could not rebook a different. Hassan worked out an alternate itinerary while we were in transit including pick a up at the airport to save time. Our guide, Khalid did a great job making sure we could experience everything with our compressed schedule including meeting us in the morning to show us the slave market museum so we would not miss it. ",en-gb,5.00,,t,viator,,Trena_R,"","Dear Trena,
Thank you! We’re happy we could make your Zanzibar experience special—our team is always ready to go the extra mile for our guests.
We wish you all the best.😊
",en,2025-08-17 21:55:44+05:30,397,APPLICATION,2026-09-08 10:51:34.39749+05:30,,,f
PR9MAxvWINY4,RSFGiAyDpV5m,2025-08-08 07:47:14+05:30,"As a solo traveler & the only person on this tour, My experience was great. I never felt uncomfortable & was able to enjoy some alone time & my guide was very knowledgeable. Thank you ",en-gb,5.00,,t,viator,,Lisa_Q,"",,,,398,APPLICATION,2026-09-08 10:51:34.400664+05:30,,,f
PR9MAxvWINY4,RSJPlNq3DJqz,2025-08-05 15:38:19+05:30,"This excursion was hands down the highlight of our trip to Zanzibar! From start to finish, everything was perfectly organized and delivered an unforgettable experience.

A special shout-out to Sultan, our guide, who was not only incredibly knowledgeable about the rich history of Prison Island, but also one of the friendliest people we met in Zanzibar. His energy and storytelling made the day feel personal and engaging.

On the water, we were treated to the warm hospitality of the captain and chef, who made us feel completely safe and relaxed on the boat. The meal he prepared was absolutely delicious—fresh, flavorful, and cooked with so much care. He also took us scuba diving and made us feel incredibly safe. Dining on the sandbar at Nakupenda Island felt like a dream.

Abdul, who was in training was also attentive and kind.

This tour was everything we hoped for and more. The only downside is very lengthy and we didn’t get to experience as much of Stone Town as we would have liked because we were exhausted. But if you’re visiting Zanzibar, do not miss this experience!",en-gb,5.00,,t,viator,,Nia_L,"",,,,399,APPLICATION,2026-09-08 10:51:34.404031+05:30,,,f
PR9MAxvWINY4,RSDotmXUQZDw,2025-08-02 06:16:54+05:30,It was a very good day and the activities were very enjoyable especially Nakapendu and Stone Town. Our guide was very helpful and informative. The seafood platter was amazing and the giant tortoises were a sight to behold Highly recommended ,en-gb,5.00,,t,viator,,Herman_D,"",,,,400,APPLICATION,2026-09-08 10:51:34.407884+05:30,,,f
PR9MAxvWINY4,RSRZOWhk0rFb,2025-08-01 01:21:22+05:30,"I truly enjoyed this day trip! Nakupenda Beach is absolutely beautiful and the seafood lunch was delicious- this was my favorite part of the day! It was also great to see & interact with the aldabra tortoises at Prison Island, and learn about the history of the various intended uses for the island. The walk around Stone Town was also educational. Overall, a great excursion ",en-gb,5.00,,t,viator,,Lori_G,"",,,,401,APPLICATION,2026-09-08 10:51:34.411626+05:30,,,f
PR9MAxvWINY4,RSwQTRBoPWaY,2025-07-23 07:52:39+05:30,June was the best host! I can’t imagine navigating this day without him. Great experience for my family and I,en-gb,5.00,,t,viator,,NicoleJ_R,"",,,,402,APPLICATION,2026-09-08 10:51:34.414972+05:30,,,f
PR9MAxvWINY4,RS7PXlBeZ5lH,2025-07-21 06:51:10+05:30,"It was a great experience, Captain Jose behaved very well and gave us an amazing tour!! It is highly recommended if you go with family and friends, although the sandbank is not a very good place to snorkel you will enjoy and relax, it is wonderful",en-gb,5.00,,t,viator,,Chus_L,"",,,,403,APPLICATION,2026-09-08 10:51:34.418041+05:30,,,f
PR9MAxvWINY4,RS9jn2hGAvc9,2025-07-16 11:45:18+05:30,"The trip began with the guide Khalid and driver picking us up at 0830 before travelling to a port just outside Stone Town where we boarded a boat with another couple and headed to Prison Island. Khalid gave us a wonderful tour of the island with lots of information and time to read and explore the little museum. We then took the boat to Nakupenda where the tide was out and we had time to swim, snorkel (though there wasn’t much to see) and sunbath whilst Khalid expertly prepared a seafood lunch with his team. The final and best stop was Stone Town, where Khalid gave us a walking tour of the town by foot, pointing out historical and architectural insights, a spot of shopping and a ‘Welcome to Zanzibar’ video opportunity with the locals at the port. :) The most harrowing part of the tour was sitting in the dungeon where slaves were kept… a very emotional moment. After visiting the market, Khalid and his driver returned us to our hotel having had an interesting cultured day exploring Zanzibar. ",en-gb,5.00,,t,viator,,Steven_R,"",,,,404,APPLICATION,2026-09-08 10:51:34.421164+05:30,,,f
PR9MAxvWINY4,RSHGdyF7uwjQ,2025-07-13 15:29:54+05:30,"Stone town was amazing and we loved Prison Island with its giant Tortoises. The sand bank was a bit busy and a little bit disappointing, but we loved the tour overall and our guide Sultan was excellent.",en-gb,5.00,,t,viator,,Sherif_H,"",,,,405,APPLICATION,2026-09-08 10:51:34.424269+05:30,,,f
PR9MAxvWINY4,RSvtsi0rNxvV,2025-06-25 22:04:38+05:30,"We did not do our excursion. It was storming from the previous night and through the day of our excursions. We called to cancel and was told by the tour guide that there was no rain in that area, which was not true. They insisted on picking us up from our hotel. A relative of one of my travel partners who lives near Stone Town verified that it had been storming all morning. The rain continued when we arrived. We insisted on being returned to our hotel and asked for a refund. Later, the tour company issued a partial refund. I find this unacceptable. They knew it was raining and were purposely deceptive. It continued to rain for hours. We could not have taken boat rides and snorkel. I do not recommend this excursion due to the local tour company that provides the service and their dishonesty.",en-gb,1.00,,t,viator,,toytoy91,"","Dear Customer,

Thank you for taking the time to share your feedback. We truly regret that your experience did not meet your expectations, and we understand your frustration regarding the weather conditions.

We want to address your concern about the rain. On the day of your tour, there was indeed some light rain in the morning, but our team continuously monitored the weather, and by the time the tour was scheduled to begin, the conditions had cleared up. We spoke with several other customers, who experienced favorable weather and proceeded with the tour without any issues. We would never put our guests'' safety at risk, and if the weather had been as severe as described, we would have canceled the tour entirely.

We also understand that you were in contact with our tour guide, and we apologize if there was any confusion regarding the weather in the area. Our goal is always to provide clear and accurate information, and we regret if there was any miscommunication.

In regard to your request for a refund, we did issue a partial refund in line with our cancellation policy. As mentioned in our policy, cancellations within 24 hours of the tour are eligible for a partial refund, as we have already paid deposits for taxes, fees, and other operational costs. We understand this policy can be disappointing, but it is in place to ensure we can continue providing high-quality services to all our customers.

We sincerely value all feedback, both positive and constructive, as it helps us improve our services. While we are disappointed that your experience did not go as planned, we hope that others considering booking with us understand that we always aim to provide safe, enjoyable, and professional experiences.

We appreciate your feedback and hope to have the opportunity to welcome you back in the future, should you decide to give us another chance.

Warm regards,
Hassan Abdulrahaman
",en,2025-06-26 07:59:21+05:30,406,APPLICATION,2026-09-08 10:51:34.42793+05:30,,,f
PR9MAxvWINY4,RSxtlbWcz1iC,2025-06-20 12:43:05+05:30,Jun was an excellent tour guide who put our requirements first at all times.  His enthusiasm was infectious and knowledge helped us to understand his culture and country.  We would definitely recommend the company to others.,en-gb,5.00,,t,viator,,Maria_R,"",,,,407,APPLICATION,2026-09-08 10:51:34.431786+05:30,,,f
PRlqORdWYOIw,RSOJhqXYagWf,2024-02-29 19:43:00+05:30,,,5.00,,f,,partner,,,,,,1263,APPLICATION,2026-09-08 10:59:55.58534+05:30,,,f
PRlqORdWYOIw,RSd5RQ6npevm,2023-12-03 23:15:28+05:30,,,4.00,,f,,family,Yong Chan,"",,,,1264,APPLICATION,2026-09-08 10:59:55.589574+05:30,,,f
PR9MAxvWINY4,RS1FmxyeHU9G,2025-05-12 17:29:45+05:30,"Started the day with a very rainy day although we didn’t let this put the mood down, Hassan picked us up from the hotel at half past 8 we then drove to stone town where we got on the boat and went to prison island (we went to prison island first as it was raining heavily in stone town) . Had a walk round seeing all the tortoises and learned a little about the history of the island, from there we went onto Nakupenda island which was absolutely beautiful and the water was crystal clear! We then sat down as Hassan and the team cooked our food. It is only seafood along with chips and fruit so if you aren’t big on seafood I would definitely put in comments to make sure there is something for you. We didn’t but the chips and fruit were definitely more than enough. After food we enjoyed the time on the island in the sun. Hassan told us more about the history of Zanzibar and Tanzania which was very interesting. We then made our way back to stone town where we walked round all the landmarks and seen Freddie mercury''s house and also learnt all about the slave trade. 
Overall a great day out and would highly recommend. Couldn’t thank Hassan for the great tour guide that he was!
Also the boat trips are not for everyone as it was very wobbly and wouldn’t recommend fit anyone that gets sea sick",en-gb,5.00,,t,viator,,Amelia_T,"",,,,409,APPLICATION,2026-09-08 10:51:34.438828+05:30,,,f
PR9MAxvWINY4,RSDZ5HQvX1Fj,2025-04-23 21:51:45+05:30,"Interesante ( prison island y Stone Town ) y bellisimas e idilicas playas y comida BBQ exquisita!
Gracias",es,5.00,,t,viator,,irene_g,"",,,,410,APPLICATION,2026-09-08 10:51:34.442417+05:30,,,f
PR9MAxvWINY4,RSwGq4fU0fEH,2025-04-13 07:09:11+05:30,"Overall tour was excellent. My guide was very knowledgeable sharing the history of stone town, prison island, and nakupenda. However, I paid for snorkeling and he was not aware that snorkeling was a part of my trip and therefore didn’t have the proper equipment. ",en-gb,4.00,,t,viator,,Elizabeth_P,"",,,,411,APPLICATION,2026-09-08 10:51:34.445762+05:30,,,f
PR9MAxvWINY4,RSLUVeDauhgj,2025-04-10 20:03:05+05:30,"Hassan was my tour guide for the day, and he was excellent. Very punctual with starting the day at 8:30a as listed, and from there on was very knowledgeable about the history of all the places we visited in Stone town and Prison Island. Ending the day at Nakupenda beach was the icing on the cake. The seafood lunch at that location was in abundance (I certainly couldn''t finish it all) and I felt like the time we spent there was catered towards what I wanted to do. By the time I got home, I actually had to take a nap. I would highly recommend!",en-gb,5.00,,t,viator,,Belinda_I,"",,,,412,APPLICATION,2026-09-08 10:51:34.449393+05:30,,,f
PR9MAxvWINY4,RSIWco7YaW2S,2025-03-16 17:26:11+05:30,Decent not really worth the price you can find someone to do it for cheaper my tour guide was over it he seemed bored but beautiful sight seeing,en-gb,3.00,,t,viator,,Christine_M,"","Dear Christina
Thank you for sharing your feedback. We’re truly sorry to hear that your experience didn’t meet your expectations. We take great pride in offering high-quality tours with knowledgeable and passionate guides who strive to make every experience memorable.
We understand that pricing is an important factor, and while there may be cheaper alternatives, we focus on providing excellent service, safety, and a well-curated experience that reflects the beauty and culture of Zanzibar. That being said, we regret if your guide didn’t seem as engaged as expected, and we will address this internally to ensure every guest receives the enthusiasm and attention they deserve and also next time when you book the tour try to select your language because you couldnt able to understand well your tour guide because you booked the tour and select english which you dont understand.
We appreciate your visit and hope to have the opportunity to give you a much better experience in the future. Please feel free to reach out to us directly so we can improve from your valuable feedback.
Best regards,
Hassan Abdulrahman 
Thank you.
",en,2025-03-18 11:25:40+05:30,413,APPLICATION,2026-09-08 10:51:34.452871+05:30,,,f
PR9MAxvWINY4,RSY0q4qS81rI,2025-02-23 08:54:17+05:30,"We had such a great day with our tour guide Sharif - he took such good care of us and was knowledgeable and easy to talk to. Prison Island is very crowded but he did a great job of navigating us around and through it all. Nakupenda was absolutely beautiful, and the seafood lunch was heavenly! Sharif will also look out for you with vendors - use his knowledge to get fair prices! Our walk in Stone Town was illuminating - we had walked around ourselves the day before but having his knowledge and context was great, and we even got a tour through the Darjani Souk, which I don''t think we would have tackled on our own. We finished the evening back in Forodhani Park to watch the guys jump into the water at sunset! Overall it was a really wonderful day, and we''re so grateful to Sharif for his kindness and generosity. ",en-gb,5.00,1,t,viator,,Nanette_M,"",,,,414,APPLICATION,2026-09-08 10:51:34.456305+05:30,,,f
PR9MAxvWINY4,RSAgYi5EJ4qP,2025-02-22 20:08:48+05:30,"Thank you Hassan for being the best tour guide, so caring and looking out for me to ensure I don''t get scammed when making purchases. Will book more tours with him!",en-gb,5.00,,t,viator,,Adedoyin_A,"",,,,415,APPLICATION,2026-09-08 10:51:34.459439+05:30,,,f
PR9MAxvWINY4,RSkjgMVaOF28,2025-01-28 05:13:00+05:30,Brilliant experience and one of the best so far in all other activities done! Room for improvement should on the pick up in the morning. Clear identification for the person picking up with board for person being picked up. ,en-gb,5.00,,t,viator,,Zamo_G,"",,,,416,APPLICATION,2026-09-08 10:51:34.462773+05:30,,,f
PR9MAxvWINY4,RSkJkzKRWtZJ,2025-01-16 10:20:08+05:30,"The most memorable part of the trip was how detailed oriented Hassan the tour guy was and curating the best experience, he talked about the culture and history of the island and was very knowledgeable.
 During my tour I mentioned wanting to visit the night market and Hassan told me if it was ok with me he would show me the market after checking out stone town since the market is in stone town. With his guidance I got the best prices and tried traditional dishes - Zanzibar mix and Zanzibar pizza which were really good. ",en-gb,5.00,,t,viator,,Christiana_D,"",,,,417,APPLICATION,2026-09-08 10:51:34.466055+05:30,,,f
PR9MAxvWINY4,RS8VH8a7KNxP,2024-12-25 18:14:24+05:30,Our tour with Hassan was excellent. He really made us feel comfortable. He is very patient and knowledgeable. This truly was a wonderful experience. Thank you for all you do and making us feel at home!,en-gb,5.00,,t,viator,,Corey_B,"","Karibu sana, we also really appreciate the wonderful moment with your family. 
Asante sana. ",en,2024-12-29 12:55:56+05:30,418,APPLICATION,2026-09-08 10:51:34.474284+05:30,,,f
PR9MAxvWINY4,RS6SruK9KWOe,2026-08-12 09:39:03+05:30,,,5.00,,f,,,,,,,,419,APPLICATION,2026-09-08 10:51:34.477876+05:30,,,f
PR9MAxvWINY4,RS63qlx2gcAT,2025-12-05 15:46:12+05:30,,,5.00,,f,,alone,,,,,,420,APPLICATION,2026-09-08 10:51:34.481846+05:30,,,f
PRA4hInoyfdB,RSar4ep1B8ob,2023-10-05 21:59:23+05:30,"Very personal, relaxing tour with an option to shop afterwards. Some delightful entertainment as well.",en-gb,5.00,,t,viator,,Paula_B,"",,,,421,APPLICATION,2026-09-08 10:51:34.485771+05:30,,,f
PRA5SPETAZY4,RSdTPXFL429H,2024-08-03 12:51:31+05:30,I really loved the entire island.  The tortoises were interesting but the museum outlined the history in an interesting and fascinating way.  The shop was one of the best I've seen with a large variety of items.  The pace was leisurely.  We never felt hurried even though the island got a little crowded as the day went by.  I would recommend arriving as early as possible to avoid the crowds.,en-gb,5.00,,t,viator,,Martha_S,"",,,,422,APPLICATION,2026-09-08 10:51:38.255469+05:30,,,f
PRA5SPETAZY4,RSevALQLv34s,2024-06-29 17:44:09+05:30,"Turtle Island was fascinating. The boat ride out was also an adventure. Our guide was very friendly and excellent. However, Viator Should have notified people that they must Be prepared to walk out in a foot of water to the boat, therefore shorts or raised pants legs are mandatory..  Also, the boat trip out to the island had very rough water which guests should be prepared for.",en-gb,4.00,,t,viator,,jwakb,"",,,,423,APPLICATION,2026-09-08 10:51:39.10139+05:30,,,f
PRaAEWsGRo9C,RSjoHWtlIYdO,2025-10-21 17:28:20+05:30,"Fantastic Experience, seeing prison island and the Tortoise, as well as the city as we passed through.",en-gb,5.00,,t,viator,,Linleeya_W,"",Thanks so much Linleeya.It was amazinf to have you.,en,2025-10-23 07:55:21+05:30,424,APPLICATION,2026-09-08 10:51:39.105056+05:30,,,f
PRafOZhTqCQg,RSn3p1wAzPJt,2025-11-13 05:18:23+05:30,"I did this tour as a solo traveller and had a brilliant experience with my guide, Mohamed. He was extremely polite, very knowledgeable, and gave great information throughout the visit to Prison Island.

The tour starts with a speedboat ride to the island, which is home to a tortoise reserve as well as peacocks, peahens, and chicks. The tortoises were incredible — the oldest is 200 years old! Mohamed shared lots of interesting facts about the wildlife, including the tortoises, the deer, and even the fancy pigeons (definitely not your typical British pigeons!).

After spending time with the tortoises, we walked around to the main prison complex. There’s a café/bar, some lovely gift shops, and a beautiful panoramic view across the sea. There’s also a small museum with helpful information about the building’s history.

Next, we headed to the snorkelling spot. I was under time pressure to get to another tour, and there was a bit of rain, so I didn’t end up snorkelling — but the water was crystal clear and full of visible sea life, including starfish, fish, sea urchins, and more. We were also given cassava chips as a snack, which were great.

A practical note: if you plan to snorkel, you usually arrive in your swimwear as there isn’t a clean changing area on the island. Most people head back to their hotel to change afterwards. Since I had a walking tour immediately after, it didn’t work out for me this time. On a hot day you might dry quickly, or you could bring spare clothes and use a restroom if needed.

Overall, this was a fantastic tour — beautiful scenery, a very knowledgeable guide, and Mohamed is also highly skilled at taking great photos!

For solo travellers: the website says it’s suitable for individuals, which it absolutely is. The team were very accommodating, but there weren’t others in the group on this occasion, so it ended up being a private tour. This made it more flexible for me, though it does mean you may or may not meet other travellers.

Highly recommended",en-gb,5.00,,t,viator,,Louise_A,"",,,,425,APPLICATION,2026-09-08 10:51:41.327963+05:30,,,f
PRafOZhTqCQg,RSXFYbT5chvG,2024-01-22 05:53:20+05:30,The tour company accommodated my schedule change and the tour guide was very knowledgeable.  There were plenty of photo opportunities and the Museum on the Island was very impressive.,en-gb,5.00,,t,viator,,Zanele_M,"",,,,426,APPLICATION,2026-09-08 10:51:44.930296+05:30,,,f
PRafOZhTqCQg,RSci8yEKWVCW,2026-01-06 16:38:46+05:30,,,5.00,,f,,,,,,,,427,APPLICATION,2026-09-08 10:51:44.934081+05:30,,,f
PRAgTErnCvTT,RSt0sU4M8mBs,2026-09-02 03:08:39+05:30,Actividad completa que cumple con lo esperado Guía puntual y correcto,es,4.00,,t,,friends,,,,,,428,APPLICATION,2026-09-08 10:51:44.937586+05:30,,,f
PRAgTErnCvTT,RSIuNksHMLQ4,2026-01-27 20:29:29+05:30,Beautiful location.,en-us,5.00,,t,,friends,Dorothy,us,,,,429,APPLICATION,2026-09-08 10:51:46.405391+05:30,,,f
PRAgTErnCvTT,RSJ6dyoEzDV4,2025-08-26 18:19:58+05:30,,,4.00,,f,,,,,,,,430,APPLICATION,2026-09-08 10:51:46.409558+05:30,,,f
PRAjKlLhFlkj,RSjmhYOQSQX8,2024-09-22 20:44:27+05:30,"What a great day out!! We had the pleasure of spending the day with Joffrey(hope I’ve spelt it correctly) and his lovely wife Mary. I really enjoyed the boat trip, swimming with the fish and finding Starfish. The Dolphins didn’t play ball unfortunately so we never got to see them but instead Joffrey arranged for a stop off at the sand bank, which really feels like a little taste of Heaven. It was an amazing day, I wish we could have stayed longer.",en-gb,5.00,,t,viator,,Jennifer_N,"",,,,431,APPLICATION,2026-09-08 10:51:46.41394+05:30,,,f
PRALaoIk9MFy,RSCeNd1Eynfx,2025-11-29 14:45:56+05:30,"Enriching experience, in contact with nature with a guide at the top Abra! I recommend this activity and especially the guide!",en-gb,5.00,,t,viator,,Melanie_A,"",Thank you for your support ,en,2025-11-30 03:10:48+05:30,432,APPLICATION,2026-09-08 10:51:47.666113+05:30,,,f
PRAULvrQJb1W,RS3fkHdoDIj2,2025-06-01 08:50:24+05:30,"Great guides, great tour and delicious food 🥰
Can only recommend the tour was totally interesting and educational input.",en-gb,5.00,,t,viator,,Heike_M,"","vielen Dank für die Bewertung, willkommen zurück",de,2025-06-03 00:43:12+05:30,433,APPLICATION,2026-09-08 10:51:49.904439+05:30,,,f
PRAULvrQJb1W,RSh14VVD2JUP,2024-08-14 03:27:36+05:30,"Visiting the spices farm was pleasant and interesting. Our guide Ibrahim « Latutu » was kind and entertaining.
We really spend a good time and recommend the tour for everyone.",en-gb,5.00,,t,viator,,Laurence_D,"","Thank you Laurence 
You promised and Did it 
Wish you all the best and welcome back ",en,2024-08-14 12:11:40+05:30,434,APPLICATION,2026-09-08 10:52:03.081097+05:30,,,f
PRAULvrQJb1W,RS3iTegCrEOj,2024-07-18 17:32:24+05:30,"I found this tour to be very interesting. The guide would crumble leaves and have you guess what spice you''d be learning about. I liked that interaction. I expected a field with rows of spices but it''s not like that. I found that interesting!
The guides helper made me a pretty purse, ring, necklace, and crown of palms and flowers; loved it!
The guy climbing the coconut tree and then us all drinking from our individual coconut was just ok.
There was the opportunity to buy spices and fruits to eat.
Monkeys were playing in the forest. They were cute.
Overall a good tour!",en-gb,5.00,,t,viator,,Susan_S,"","Thanks in advance for your great review , wish you all the best 
And see you next time ",en,2024-07-24 14:28:53+05:30,435,APPLICATION,2026-09-08 10:52:03.086011+05:30,,,f
PRaWD64R0jrK,RSQasiBQwR2t,2024-09-19 08:38:42+05:30,Luckmani was great. Very knowledgeable and offered to take photos. As a solo female traveler i had no concerns regarding safety. Great tour ,en-gb,5.00,,t,viator,,suzanne_m,"",Thank you suzanne for your support ,en,2024-09-19 21:32:27+05:30,436,APPLICATION,2026-09-08 10:52:03.09133+05:30,,,f
PRaWD64R0jrK,RS8aWuB3W4Cm,2024-03-06 19:20:45+05:30,"The boat trip was good in a small motor boat. I think the fort and the prison were most interesting and also there were lovely views of the coast, very photogenic. The tortoises and their babies were fascinating, also the peacocks and the general flora and fauna of the island.",en-gb,4.00,,t,viator,,catherine_w,"",Thank you for your feedback have the best day ,en,2024-03-07 19:53:14+05:30,437,APPLICATION,2026-09-08 10:52:06.643431+05:30,,,f
PRaWD64R0jrK,RSbQIyziXKeh,2023-11-28 04:51:06+05:30,"Zanzibar 🇹🇿🩵🤍 visiting the island was awesomely fun, the guide Fatima company and the driver was friendly and enjoyable, funny haha , prison island and the turtle sanctuary + snorkelling was a good  experience ,the trip was well organised and on time 🙏 joyful trip with you thank you ❤️❤️",en-gb,5.00,,t,viator,,Samira_D,"","We thoroughly appreciate 
Stay Safe and Happy ",en,2023-11-28 12:22:06+05:30,438,APPLICATION,2026-09-08 10:52:06.648764+05:30,,,f
PRaWD64R0jrK,RSqyImhsyExA,2023-11-17 14:05:24+05:30,This was Ann Excellent tour and we had an excellent tour Guide. This price for this tour was well worth the money and was half the cost offered by the Cruise Line. 👍🏾,en-gb,5.00,,t,viator,,Cynthia_L,"",Thank you Cynthia. Travel safe on the way home.,en,2023-11-18 05:49:32+05:30,439,APPLICATION,2026-09-08 10:52:06.65383+05:30,,,f
PRAxLqvqQLtw,RSpd8Wi1APaj,2026-07-25 18:49:11+05:30,"The tour operator changed the schedule the night before and did not notify the guide!
The tour was supposed to last 6 hours and lasted 2 hours and 30 minutes.
The guide had a very basic vocabulary in French and did not accompany us during the visit to the slave market; we therefore spent that time without any additional explanation.
The Michelin guide or looking for information on the internet would have been much more informative.
Too bad...",en-gb,1.00,,t,viator,,Marie_D,"","Dear Valued Guest,

Thank you for taking the time to share your feedback. We are committed to providing seamless travel experiences and delivering informative, high quality tours for all our guests. We take all feedback seriously, and we have noted your comments regarding the itinerary timing, schedule coordination, and guiding services. Your observations will be carefully reviewed with our operational team as we continuously evaluate and refine the standards of our excursions",en,2026-08-04 13:57:51+05:30,440,APPLICATION,2026-09-08 10:52:06.658392+05:30,,,f
PRAxLqvqQLtw,RS23DlrOU7U2,2025-01-05 20:35:57+05:30,en stor skuffelse! ikke engelsktalende chauffør; altså 2x 1 time uden et ord. I Stonetown skulle vi løbe efter guiden - ikke tid til at læse informationstavler med historie osv. Guiden sluttede rundvisning en time før tid - spild af tid og penge.,da,1.00,,t,,family,Eva,dk,,,,441,APPLICATION,2026-09-08 10:52:09.239852+05:30,,,f
PRCdAhKCzRig,RSosqxEy0ALj,2026-02-09 08:25:05+05:30,Amina was a lovely guide!  She was very knowledgeable about the history of Zanzibar. Stone Town was not itself as impressive to us as the history behind it. Prison Island and the beach cookout were also perfect. A great way to experience Zanzibar!  ,en-gb,5.00,,t,viator,,Lora_G,"",,,,469,APPLICATION,2026-09-08 10:52:49.093152+05:30,,,f
PRBOBQTwcamq,RStj8Ldu1YAe,2026-07-05 22:08:18+05:30,"We visited Paradise Spice Farm instead of Jambo Spice Farm. I didn''t think the guide, Salomon, was very good. He tried to manipulate me into making purchases. He claimed the spice farm belonged to widows and divorced women, and that I would be helping them if I made purchases. He also said he wanted to get married but didn''t have enough money. He also exaggerated with his stories about herbs that help in the bedroom. I was there alone for the tour. I had a guide and two assistants. A bit excessive for one visitor. I gave them a 6 USD tip, but the guide was clearly not satisfied with that. To me, that seems sufficient for a one-and-a-half-hour tour for one visitor. The spices they sell are even more expensive than in Europe. I bought spices at the market in Stone Town for a much better price. Unfortunately, I found the tour to be a waste of time and money.",en-gb,3.00,,t,,alone,,,,,,442,APPLICATION,2026-09-08 10:52:09.244827+05:30,,,f
PRBOBQTwcamq,RSBc3M86yIoD,2026-06-25 09:49:50+05:30,It was eye opening and the guides were exceptionally good,en-gb,4.00,,t,,partner,Mhlanga,zw,,,,443,APPLICATION,2026-09-08 10:52:23.831065+05:30,,,f
PRBPrk4eGnPK,RS6qF6ODTmx4,2026-06-07 15:21:29+05:30,"Ali gave us a fantastic tour of Stone Town. He is patient, flexible and knowledgeable on the history and we thoroughly enjoyed the tour. Thank you Ali",en-gb,5.00,,t,viator,,OsmanKemal_E,"",,,,444,APPLICATION,2026-09-08 10:52:23.844171+05:30,,,f
PRBPrk4eGnPK,RSZ4rzUAjK17,2025-09-26 08:17:37+05:30,"This was an interesting walk through the old town named Stone Town. Our guide was a  certified and experienced man, Ali Rashid.  His communication before the tour was excellent, and he was excited to take us on this tour. I recommend Ali Rashid as tour guide whole heartedly! So this walk through the history of Stone Town is interesting, seeing the history and old buildings. Some are really in no good state, but renovation projects are on going. The Slave trade museum is very interesting but a tragic part of history. I would recommend to rather go early morning for the heat later in the day can become too much. All in all I think the tour was worth the money. ",en-gb,4.00,,t,viator,,Laetitia_B,"",,,,445,APPLICATION,2026-09-08 10:52:26.879478+05:30,,,f
PRBPrk4eGnPK,RSXDTw9oUJxU,2025-06-15 16:34:50+05:30,"Ali was very informative, friendly, and patient. He showed us numerous interesting sites and monuments and provided us with a great history of Zanzibar and its culture. Would recommend!!",en-gb,5.00,,t,viator,,Tarun_A,"",,,,446,APPLICATION,2026-09-08 10:52:26.884793+05:30,,,f
PRbRuq13M6YC,RSuXXZcuBqaI,2026-01-11 11:21:29+05:30,We enjoyed our tour. Omar the tour guide at the spice farm was excellent. Our guide at the Jozani Forest was not very good. We did not have a guide with us in the van. It is a 1 hour drive to Jozani Forest. The highlights were the spice farm tour and the monkeys at a Jozani Forest. ,en-gb,3.00,,t,viator,,SarahAnne_T,"",,,,447,APPLICATION,2026-09-08 10:52:26.889358+05:30,,,f
PRbRuq13M6YC,RSHFzQgaAb6P,2024-04-24 19:56:52+05:30,"Buchung war sehr kurzfristig!
Dafür war es dann gut!
War leider Regentag, sonst wäre es noch besser gewesen!",de,4.00,,t,viator,,Dieter_B,"",,,,448,APPLICATION,2026-09-08 10:52:28.218481+05:30,,,f
PRbRuq13M6YC,RSlbJ1drsQV6,2023-11-17 17:59:04+05:30,"Other reviews have covered the Jozani Forest (it was amazing and our guide Casey was outstanding), but I wanted to thank Sultan Tours for doing such a great job! It was complete chaos at the port where we got off a cruise ship. The reps from Sultan met us and other clients on other private tours and were right up front ahead of other tour guides to make sure we would see them. In a maze of chaos and in an unfamiliar country where we didn’t know the language, we felt safe and looked after the entire time. Our driver, Joseph, was the best!!! He didn’t speak English and we didn’t speak Swahili, but we felt like he worked really hard to keep us comfortable and get us where we were supposed to be on time - despite horrible traffic and challenging roads. We felt safe and looked after with him and with Sultan Tours, so we would highly recommend their tours and Joseph as a driver to anyone traveling to Zanzibar. ",en-gb,5.00,,t,viator,,Natalie_H,"",,,,449,APPLICATION,2026-09-08 10:52:28.223585+05:30,,,f
PRBRyqSsExS8,RS4RLxvwkVIL,2025-06-08 13:40:03+05:30,"1st. Driver showed up way too early than the schedule time. 
2nd. We picked up a “captain” that when we got to the beach he was like “I will not be your captain today because my stomach is sick” so I guess he hired another boat for me. 
3. The guy that was hired did not even speak any English, but that was not a problem. The problem was when he brought another guy that was selling coconut and they were “translating”
4. ⁠the captain brought two beach/ ocean vendors with us in the boat and they ate the fruit that was supposed to be mine. He did not even ask if I was comfortable with other people on the boat.
5. I did not see any dolphins.",en-gb,1.00,,t,viator,,Saul_P,"",,,,450,APPLICATION,2026-09-08 10:52:28.229098+05:30,,,f
PRBRyqSsExS8,RS06baK8yjSV,2025-03-22 08:39:57+05:30,"We only wanted a half day trip on this day as we wanted to chill for the rest of the day so we could pack for our flight the next day. Loved all of it, although I was upset for the dolphins being chased by all the boats, just so they could swim with the Dolphins. My Husband did it, but I didn’t. He said that the dolphins just seemed to do their own thing and were oblivious to the tourists. Loved swimming with the butterfly fish and others. Swimming in the shallows before low tide was awesome and the beautiful star fish were just the icing on the cake.
Don’t expect to go on a powerful speed boat. We went on a traditional punt with a 15 hp engine. Slow and steady, but it added to the wonderful atmosphere. Our guides were engaging and encouraging, and they did their best to make our trip most memorable. ",en-gb,5.00,,t,viator,,Sharon_G,"",,,,451,APPLICATION,2026-09-08 10:52:29.11047+05:30,,,f
PRBRyqSsExS8,RSdBpc6tysYl,2026-04-06 13:05:49+05:30,,,5.00,,f,,,,,,,,452,APPLICATION,2026-09-08 10:52:29.116138+05:30,,,f
PRBRyqSsExS8,RSviSOVQPWao,2025-07-13 16:25:32+05:30,,,2.00,,f,,,,,,,,453,APPLICATION,2026-09-08 10:52:29.120809+05:30,,,f
PRbZuK2FIilq,RSO1zCpazzEb,2026-06-08 15:29:33+05:30,"I do not know where to start!! Outside of the fact that the experience was absolutely amazing, the process from start to finish was the best I’d had on my Zanzibar trip. The company reached out to me as soon as I booked, keep me up to date in what was needed and was just overall very responsive. This was my 1st jump and I felt comfortable and safe. If you have ever wanted to skydive in a gorgeous place with stellar staff- This is your spot!! ",en-gb,5.00,,t,viator,,Chantel_M,"","Thank you so much for your wonderful review, Chantel! 🌟

Reading your feedback truly means a lot to us. We’re delighted that your first skydive experience was such a positive one and that you felt comfortable, informed, and safe every step of the way. 🪂💙

Our team works hard to make the entire journey — from booking to landing — as smooth and enjoyable as possible, so it’s especially rewarding to hear that it stood out as one of the highlights of your Zanzibar trip. 😊

Thank you for trusting Skydive Zanzibar with your very first jump. We hope this was just the beginning of your skydiving adventures, and we’d love to welcome you back whenever you’re ready for round two! ✨🌴🪂",en,2026-06-09 17:00:12+05:30,454,APPLICATION,2026-09-08 10:52:29.124147+05:30,,,f
PRcIgCCBcx6J,RS8WTod3C8Cb,2023-11-27 22:41:10+05:30,Had a great time! Nicely explained and it worth the price. Thank you all for that day! Will recommend it to my friends!,en-gb,4.00,,t,viator,,HedeneGervaise_B,"",,,,517,APPLICATION,2026-09-08 10:52:59.877457+05:30,,,f
PRbZuK2FIilq,RSpqdLQnn9TT,2025-09-28 20:35:17+05:30,"This was my first sky dive and what a place to do it, 100% recommend if you’re in nungwi. The views on the way up and down were amazing.",en-gb,5.00,,t,viator,,Brandon_G,"","Hey, Brandon!

Thank you so much for your wonderful review! 🌴✨ Your first skydive is always unforgettable, and we’re so happy you chose to experience it here in Nungwi. Those views really are something special!

— The Skydive Zanzibar Team 💙🪂",en,2025-10-04 11:11:37+05:30,455,APPLICATION,2026-09-08 10:52:37.6091+05:30,,,f
PRbZuK2FIilq,RSl0a0ugORaa,2025-04-16 05:41:28+05:30,"Alors juste un mot : exceptionnelle ! 
C’était mon premier saut en parachute et j’ai même pas eu peur, mon accompagnateur était très professionnel et rassurant
Merci à toute l’équipe j’ai passé un moment de rêve inoubliable ",fr,5.00,,t,viator,,Blandine_J,"","Chère Belle,
Merci infiniment pour ce superbe avis 5 étoiles ! Exceptionnelle – quel mot magnifique pour décrire ton tout premier saut ! Nous sommes ravis que tu te sois sentie en confiance avec ton instructeur et que l’équipe ait pu rendre ce moment aussi inoubliable. Reviens voler avec nous quand tu veux – Zanzibar t’attend !

Avec gratitude,
L’équipe de Skydive Zanzibar 🪂💙",fr,2025-04-19 09:03:26+05:30,456,APPLICATION,2026-09-08 10:52:37.614456+05:30,,,f
PRbZuK2FIilq,RSJvIa9ugXy5,2025-02-27 13:19:26+05:30,Rien à dire les moniteur sont au top moi et mon épouse avons adorés et nous avons pu admirer une belle partie de zanzibar ,fr,5.00,,t,viator,,Karim_M,"","Merci beaucoup, Karim !

Rien à dire, c’est le plus beau des compliments ! 😃 Nous sommes ravis que vous et votre épouse ayez adoré cette expérience et que vous ayez pu admirer la beauté de Zanzibar depuis le ciel. Nos moniteurs seront heureux de savoir qu’ils ont contribué à rendre ce moment inoubliable.

À bientôt pour un autre saut ? 🚀✨
The Skydive Zanzibar Team",fr,2025-03-03 08:22:48+05:30,457,APPLICATION,2026-09-08 10:52:37.619316+05:30,,,f
PRbZuK2FIilq,RSxuWQBNzSoe,2025-01-31 18:20:55+05:30,"Great staff, amazing views and good price, i missed only second person to do video and photo as its much better experience like that!",en-gb,4.00,,t,viator,,Szrgyan_A,"","Thank you for your feedback! We’re glad you enjoyed the experience, from our team to the breathtaking views. We appreciate your suggestion about having a second person for video and photos, there are some quite significant challenges with that, but your input helps us improve! Hope to see you again for another jump!

The Skydive Zanzibar Team 😊🪂",en,2025-02-02 07:50:13+05:30,458,APPLICATION,2026-09-08 10:52:37.623001+05:30,,,f
PRbZuK2FIilq,RStivZERnlND,2024-12-18 06:07:05+05:30,"Skydive Zanzibar provided great service and I would definitely jump with them again!
It was pretty easy to find their office on the beach, the directions they provide are accurate. 

Even with the on/off rain - they were very coordinated in terms of the scheduled jumps. 
My instructor Miguel was very nice and professional (viva Mexico!). Since it wasn’t my first time jumping I didn’t have a lot of questions but the team is definitely present to guide you through the experience. The photos and videos they provide after are great and the view is phenomenal. ",en-gb,5.00,,t,viator,,khendra_b,"","Thank you for your wonderful review!  We''re thrilled to hear that you enjoyed your experience, even with the challenges of on-and-off rain. Miguel and the team will be delighted to know they made your skydive memorable.  We agree—the view here is truly one of a kind! Looking forward to having you jump with us again. ",en,2024-12-19 08:32:05+05:30,459,APPLICATION,2026-09-08 10:52:37.626762+05:30,,,f
PRbZuK2FIilq,RSeORfjXSYcT,2024-10-10 20:19:47+05:30,"jumping out of planes is fun ..

Ever should do it ..

It makes the vacation memory extra powerful .. I did the skydive 🪂 Dubai ..
Skydive 🪂 Zanzibar is equally as amazing and the views are awesome .. book your skydive today .. go to Zanzibar.. it’s worth a visit ",en-gb,5.00,,t,viator,,Bashir_H,"",Thank you for sharing your skydiving adventures! We’re thrilled you found Skydive Zanzibar equally amazing and enjoyed the breathtaking views. Nothing compares to making unforgettable memories from the sky! Looking forward to welcoming you back for more epic jumps. 🌍🪂 ,en,2024-10-11 10:11:59+05:30,460,APPLICATION,2026-09-08 10:52:37.63089+05:30,,,f
PRbZuK2FIilq,RSlxnfrReh93,2024-10-09 14:34:22+05:30,warm reception. excellent customer service! overall an amazing experience! i love it and i can’t wait to go back!,en-gb,5.00,,t,viator,,Gideon_O,"",Thank you so much for your wonderful feedback! We’re happy to hear you enjoyed the experience and our team’s service. We can’t wait to have you back for more unforgettable moments!,en,2024-10-11 10:10:55+05:30,461,APPLICATION,2026-09-08 10:52:37.634272+05:30,,,f
PRbZuK2FIilq,RSFSFTQKlLMI,2024-09-30 02:46:25+05:30,This is my second time skydiving. I had an amazing time. The weather made it more interesting to experience a lifetime moment. ,en-gb,5.00,,t,viator,,Kesha_K,"","Thank you for your fantastic review! We''re thrilled to hear that you had an amazing time during your second skydiving experience with us. The weather can definitely add an extra thrill to those unforgettable moments! 

We appreciate you choosing us again and hope to see you for your third jump soon! ",en,2024-10-01 09:31:00+05:30,462,APPLICATION,2026-09-08 10:52:37.637658+05:30,,,f
PRbZuK2FIilq,RSKTc50DSrCI,2024-07-02 05:28:29+05:30,"Incredible experience, really laid back and relaxed whilst you wait. I have jumped before elsewhere and have to say I loved the vibe of this place, tandem jumper very friendly and makes you feel really safe! The flight up was a fantastic way to see the scenery as is the way down. Beautiful views. Thank you to Carlos and the team for a great jump! ",en-gb,5.00,,t,viator,,Dawn_C,"","Hey Dawn, thank you for such a lovely review. We are so glad you enjoyed your skydive experience with us. We hope you had an amazing time in Zanzibar!
",en,2024-07-13 11:07:12+05:30,463,APPLICATION,2026-09-08 10:52:37.640979+05:30,,,f
PRbZuK2FIilq,RSaZtzCP1Di5,2024-06-06 14:38:26+05:30,What an incredible experience! First time skydiving and all went smoothly. All the staff and the instructors were well prepared and made me feel safe. Definitely will try again in the future!,en-gb,5.00,,t,viator,,Narmina_F,"",,,,464,APPLICATION,2026-09-08 10:52:37.651951+05:30,,,f
PRbZuK2FIilq,RSdgMgKW1yKI,2023-12-19 14:03:35+05:30,"Skydive Zanzibar offered an unparalleled experience that I''ll never forget. It was the perfect birthday gift for my girlfriend, providing both of us with breathtaking views and an adrenaline rush unlike any other. The staff were professional and ensured our safety at every step, making the whole adventure feel both thrilling and secure. Truly a memorable way to celebrate a special occasion!",en-gb,5.00,,t,viator,,Ovidiu_S,"",,,,465,APPLICATION,2026-09-08 10:52:37.655974+05:30,,,f
PRc57Qnv2i2C,RSVkl4dVgoxd,2024-02-09 20:11:13+05:30,"This was a lot of fun. You get a feel for nightlife in stone town, its history and you can truly make it the type of night you want. We had a great time! ",en-gb,5.00,,t,viator,,Nakeisha_V,"",,,,466,APPLICATION,2026-09-08 10:52:37.659225+05:30,,,f
PRc57Qnv2i2C,RSqnktYUrzkE,2024-01-02 06:40:40+05:30,"Juma was an excellent guide to help me learn more about Zanzibar and explore Stone Town at night. I was the only guest that night and had a personal pub crawl experience, which was cool because I could explore some places I
might not have seen with a larger group. A very good time! ",en-gb,5.00,,t,viator,,Jasmine_W,"",,,,467,APPLICATION,2026-09-08 10:52:43.790857+05:30,,,f
PRCdAhKCzRig,RSeyUMVELqkr,2026-08-01 14:52:05+05:30,Un guide très professionnel d’une extrême gentillesse,fr,4.00,,t,,alone,,,,,,468,APPLICATION,2026-09-08 10:52:43.794832+05:30,,,f
PRCdAhKCzRig,RSIIdd4QhFtF,2026-01-24 15:26:50+05:30,"Mango Travel tour rep not very engaging, asked us what we wanted to know rather than ''selling'' us the tour. Stone Town disappointing as all historic attractions allegedly closed for renovations ...so saw very little of what we expected to see. The boat rides were a bit like a fair ground rollercoaster...and without life jackets!...but the food and the visit to Nakupenda sandbank was a positive memorable experience ",en-gb,3.00,,t,viator,,GARY_M,"",,,,470,APPLICATION,2026-09-08 10:52:49.099482+05:30,,,f
PRCdAhKCzRig,RS1CNz80JWKV,2025-11-21 17:32:21+05:30,"A great experience on Prison island, Nakupenda Beach and Stone Town. 
The sandbar is breathtaking, just beautiful in the middle of the ocean.
The turtles were ao big and we took many photos. 
The Hasan is very nice and has told us many stories in Stone Town and speaks super German. A big thank you.",en-gb,5.00,,t,viator,,Marijana_M,"",,,,471,APPLICATION,2026-09-08 10:52:49.104814+05:30,,,f
PRCdAhKCzRig,RS6voEzKS7WV,2025-10-22 14:31:42+05:30,"We were so looking forward to this tour experience today. However, it was worse than what any paying customer should ever have to endure.

ASIDE from the fact that the boat engine broke down leaving from Prison Island to Nakupenda Sand Bar, and a 10 minute trip took almost 90 minutes to reach the sand bar...hakuna matata at least we made it. Then they started setting up the lunch tent...and when we saw the disrepair of their tent (torn, with holes, and filthy) and the table we were supposed to enjoy lunch on appeared came from a local junkyard, we respectfully told our guide we wanted to return back immediately as at this point we did not trust the quality of the food we were going to be served. Look at the pics...I''m sure any paying customer would agree.

However, they ignored our repeated requests to leave and kept setting up the tent and lighting the charcoals as if we were going to stay and eat under the shambles of their setup.

Now we know this is Africa, but every other tent set up around us was beautiful.  We looked like we payed for the no cost tour. But this tour cost us over $250!!!!  They insisted on continuing setting up until we start enchanting no no no -- take us back. And all during this time they were mocking the situation and laughing like little children. THEN they insisted on taking us back -- on the broken boat 😬🤐😠😧. We said absolutely no, ESPECIALLY SINCE SAFETY WAS AT STAKE.

Finally a fellow boat operator approached us and offered to lend them their boat to bring is back to Stone Town...and it took less than 10 minutes to arrive back!!

When we departed the boat, we told our guide that we cannot continue the tour as she completely disrespected us...and without apologizing, she just walked away, no apology.

Now we are sitting at Cape Town Fish Market about to enjoy a wonderful lunch on our own at 3 pm, the same time our tour was supposed to continue until 5 pm. 

We will enjoy the rest of our day exploring safe Stone Town alone, and will find out own transportation back to our hotel.  We will not mention the tour guides name out of respect, but this Tour Agency should not exist given the extremely nonexistent customer service they offered.  STAY AWAY from MANGO TOURS at all cost.

P.S. when we were stranded on the water heading to the sand bar from Prison Island, they tried to reach the tour agency with no avail. No one answered!  Good thing out boat was not capsized!!

P.P.S.  we never had a bad but experience on the many tours we have taken through Viator and expect we will be refunded for this terrible experience.  Hopefully no one will have to endure such an experience like we had today. ",en-gb,1.00,1,t,viator,,Jeff_B,"",,,,472,APPLICATION,2026-09-08 10:52:49.111632+05:30,,,f
PRCdAhKCzRig,RSU9G9lakc0d,2025-10-19 16:46:08+05:30,"It was a perfect day trip for a family. Lots of stunning views, great guide, and a relaxed trip with no rush and time to explore on our own. Seafood lunch was perfect with fries, calamari, kingfish, prawns, octopus, shrimps, lobster and fruits. Loved the swim and lunch at sand island and second part of trip to prison island and stone town. Driver did a good job on picking us up from Mora hotel and brought us back before the sun down. Overall great value for the price! ",en-gb,5.00,,t,viator,,Marcis_G,"",,,,473,APPLICATION,2026-09-08 10:52:49.11888+05:30,,,f
PRCdAhKCzRig,RSHTKjm5Wj8e,2025-10-12 15:16:06+05:30,"An amazing experience with a great guide Amina which gave all the meaningful insights to the historical and cultural aspects of Zanzibar, Stone Town and Prison Island. It was a trully amazing experience! ",en-gb,5.00,,t,viator,,Agnieszka_R,"",,,,474,APPLICATION,2026-09-08 10:52:49.126931+05:30,,,f
PRCdAhKCzRig,RS0O0aqadoUt,2025-09-04 09:25:51+05:30,"Superb day spent with our guide who spoke perfect French and our driver! Visiting the Prison Island and its giant turtles was our favorite. After a seafood barbecue on the Nakupenda sandbar, we reached Stone Town where our guide explained to us with great detail & anecdotes the history of slavery in Zanzibar. Really unmissable activity!",en-gb,5.00,,t,viator,,Emilie_L,"",,,,475,APPLICATION,2026-09-08 10:52:49.134581+05:30,,,f
PRCdAhKCzRig,RSVTN6EjYmnS,2025-08-22 06:30:08+05:30,Recommended tour: I visited many interesting places in one day with a good sea food lunch at the beach. Special thanks to the guide Amina and the driver Simba!,en-gb,5.00,,t,viator,,FRANCESCO_B,"",,,,476,APPLICATION,2026-09-08 10:52:49.143823+05:30,,,f
PRCdAhKCzRig,RSPlXiDMDhUp,2025-08-16 09:29:52+05:30,A long day of not very much! Too long looking at doors in Stone island. Very commercial on beach. Poor boat. Prison island very tired and disappointing. Nice guide and taxi driver but tour too long and poor,en-gb,2.00,,t,viator,,Helen_S,"",,,,477,APPLICATION,2026-09-08 10:52:49.150628+05:30,,,f
PRCdAhKCzRig,RSRnKTid3CFX,2025-07-23 21:40:19+05:30,"This was a great tour and the perfect way to hit the top attractions in Zanzibar! Our guide and a driver were able to pick up and drop off from Kendwa. Our guide was extremely knowledgeable, friendly, and excellent at communicating what we’d be doing and what to expect each step of the way.  The three sites we visited were all very different and interesting. We never felt rushed at any of the sites. We’d highly recommend taking this tour if you’re visiting Zanzibar!",en-gb,5.00,,t,viator,,Jacqueline_O,"",,,,478,APPLICATION,2026-09-08 10:52:49.156033+05:30,,,f
PRCdAhKCzRig,RSzkBkPv9hq7,2025-07-21 16:11:27+05:30,Very important things to know they give you no lifejackets and it's small boats that go very fast the rapas is succulent,en-gb,4.00,1,t,viator,,katarzyna_g,"",,,,479,APPLICATION,2026-09-08 10:52:49.161115+05:30,,,f
PRCdAhKCzRig,RSrkQvVhd6W7,2025-06-20 17:51:03+05:30,Nuestro guía Nasir hablaba muy bien español. Estuvo atento en todo momento y nos hizo la excursión completa muy amena,es,5.00,,t,,partner,Baltasar,es,,,,480,APPLICATION,2026-09-08 10:52:49.167389+05:30,,,f
PRCdAhKCzRig,RSukAGxa8O24,2025-06-19 15:08:24+05:30,The trip was AMAZING! The places we went are amazing! Amina the guide was great and kind and friendly and she was explaining all about the attractions in details and she was very knowledgeable and even she was taking care of us and she asked us what specifically we needed and I told her let’s do more shopping in stone town and she was bargaining with the sellers to get us good prices and that was great! Thank you!,en-gb,5.00,,t,,partner,Eman,tz,,,,481,APPLICATION,2026-09-08 10:52:49.173288+05:30,,,f
PRCdAhKCzRig,RSXRBjEUR9Tl,2025-06-08 18:33:11+05:30,"Absolutely brilliant tour at Prison Island, Nakupenda Beach and Stone Town. Our guide Ibrahim was fantastic, really accommodating, and knowledgeable about Stone Town, Prison Island and Zanzibar in general. We were able to spend as long as we wanted in each place and ask any questions, as well as focus the tour more on what we wanted to do. Nakupenda Beach was a real highlight - an amazing lunch cooked by our 2 boat drivers who were fantastic throughout the day. One of the best excursions I’ve been on - worth every penny!",en-gb,5.00,,t,viator,,Chris_G,"",,,,482,APPLICATION,2026-09-08 10:52:49.17953+05:30,,,f
PRCdAhKCzRig,RS5jXkpignaV,2024-02-13 18:14:32+05:30,"Stone Town was very good at the slave museum we was given a guide from there that was very informative .
Did not think much of prisoner island,was not really told enough information about the history.
Lunch on the sandbanks was very tasty",en-gb,3.00,,t,viator,,andrew_t,"",,,,500,APPLICATION,2026-09-08 10:52:49.2819+05:30,,,f
PRCdAhKCzRig,RS10e8uHTfVw,2025-06-08 17:12:39+05:30,"It was a wonderful experience from start to finish. Even if I came to Zanzibar 10 times, I’d still want to take a tour with this team. Amina is an exceptional guide – thank you again for her amazing knowledge, detailed explanations, and sincere and proactive approach.We had a very comfortable and satisfying day. I wholeheartedly recommend Amina and the rest of the team (special thanks to Simba - our lovely driver 😎)",en-us,5.00,,t,,partner,TÜRKAY,tr,,,,483,APPLICATION,2026-09-08 10:52:49.188175+05:30,,,f
PRCdAhKCzRig,RS9Tm2H4mQG1,2025-03-18 18:17:14+05:30,"Vi hade bästa guiden, Amina från mangotravel. Underbar och duktig tjej. Rekommenderas verkligen. Ovanligt med tjejer som guider.",sv,5.00,,t,viator,,Agnetha_S,"",,,,484,APPLICATION,2026-09-08 10:52:49.196861+05:30,,,f
PRCdAhKCzRig,RSjJ8QPriO2M,2025-03-16 20:35:40+05:30,"We had for our guide Ibrahim, driver simba 
and 2 boat captians Khamid idi & kama kawaida and they were PHENOMENAL! We had the absolute BEST time and learned so much. They were so knowledgeable, accommodating and considerate. I really enjoyed our Zanzibar tour and when we come back we want the same team over and over again. Feels like we have a family here with them.",en-gb,5.00,1,t,viator,,KELLEE_w,"",,,,485,APPLICATION,2026-09-08 10:52:49.203328+05:30,,,f
PRCdAhKCzRig,RSDfsrCFcSS1,2025-03-10 19:20:34+05:30,Excellente journée avec un barbecue aux fruits de mer et une baignade très agréable sur cette île de sable blanc..,fr,5.00,,t,viator,,Martine_D,"",,,,486,APPLICATION,2026-09-08 10:52:49.214039+05:30,,,f
PRCdAhKCzRig,RSXyBfT6hJc8,2025-03-04 19:11:37+05:30,"Amina was our tour guide and she was amazing. She was very knowledgeable, welcoming, and enthusiastic about each experience. The boat captain and his assistant were also very nice and cooked us the best lunch! Highly recommend! ",en-gb,5.00,,t,viator,,Monique_G,"",,,,487,APPLICATION,2026-09-08 10:52:49.218411+05:30,,,f
PRCdAhKCzRig,RS6YryEwleCq,2025-02-27 13:15:10+05:30,Très bon moment cette activité est passionnant si on veut découvrir l'histoire de zanzibar et voir les Tortues centenaire ,fr,5.00,,t,viator,,Karim_M,"",,,,488,APPLICATION,2026-09-08 10:52:49.223119+05:30,,,f
PRCdAhKCzRig,RSn2hPvZeyGS,2025-02-15 13:12:15+05:30,"Trop de monde à Prison Island et à Nakupenda. Visite de Stone Town faite trop rapidement, limite expédiée, dommage !",fr,3.00,,t,,family,Mylène,ch,,,,489,APPLICATION,2026-09-08 10:52:49.228172+05:30,,,f
PRCdAhKCzRig,RS84p6Bq4m1l,2024-12-30 20:59:36+05:30,"I had a wonderful experience on the Private Guided Tour to Prison Island, Nakupenda Beach, and Stone Town. The destinations were breathtaking, and the overall excursion was well-organized and memorable. Although the price felt a bit high, especially for what was advertised as a solo tour, I ended up sharing the experience with another guest who turned out to be lovely company. Ibrahim was an excellent tour guide, and my driver, Khamis, was punctual and a delightful companion throughout the tour. Despite this, I highly recommend this tour, it was truly a beautiful and enriching experience!",en-gb,5.00,,t,viator,,Dieula_T,"",,,,490,APPLICATION,2026-09-08 10:52:49.233111+05:30,,,f
PRCdAhKCzRig,RSYGLpmcp2MC,2024-08-29 17:34:21+05:30,"What an incredible experience! Amina was such an intelligent and friendly guide who made my experience so unique and special! Our driver who was known as Simba was brilliant getting us to each of the places! I came as a solo female and I felt very safe and had a brilliant time! Thank you Amina for showing me all around stone town and prison island! This excursion is not one you want to miss, worth every penny :) thank you! ",en-gb,5.00,,t,viator,,Anastasia_H,"",,,,491,APPLICATION,2026-09-08 10:52:49.237399+05:30,,,f
PRCdAhKCzRig,RSihe7F95AFz,2024-08-28 21:11:03+05:30,"We had a full and delightful day visiting wonderful places with the guide Ibrahim and the driver Abdul (Simba). We started with Prisoners'' Island where we learned the history of the place and could admire the beautiful giant turtles. Then we arrived at Nakupenda beach where we had time for the beach and swimming. Also here a delicious seafood lunch was prepared for us.
We returned on land to Stone Town where we saw Freddy Mercury''s house and visited the central bazaar where we had time for shopping. We were shown the constructive styles of the houses from the perspective of the civilizations that left their mark on the place (Arabs and Indians).
The walk ended in the city''s main square, where we were picked up by car to the hotel.
Recommended 100%.

Nicolae Daniel Radu & Eduard Petre from Bucharest-Romania.",en-gb,5.00,,t,viator,,NICOLAEDANIEL_R,"",,,,492,APPLICATION,2026-09-08 10:52:49.241708+05:30,,,f
PRCdAhKCzRig,RSWUbCcnob5a,2024-08-15 11:49:25+05:30,"Magnifique journée en compagnie du guide francophone Charisma ! Excellent niveau en français et beaucoup de connaissances partagées. Seul bémol, l’oubli des équipements de snorkling inclus dans notre pack (nous n’avons pas pu observer les coraux …) ",fr,5.00,,t,viator,,Sophie_L,"",,,,493,APPLICATION,2026-09-08 10:52:49.246211+05:30,,,f
PRCdAhKCzRig,RS38ZecPddtK,2024-08-09 19:40:49+05:30,"Día completo que comenzó con hora y media de camino desde el hotel hasta Stone Town. Allí nos encontramos con nuestro guía Saleh que hablaba muy bien nuestro idioma. Nos contó muchas cosas interesantes. Primero fuimos a Isla Prisión, luego Nakupenda en la que pudimos hacer un snorkel genial, comer rico y bañarnos. Después de comer volvimos a Stone Town para visita a la ciudad. 
Gracias a Saleh por este día ✅",es,4.00,,t,viator,,Lydia_S,"",,,,494,APPLICATION,2026-09-08 10:52:49.251088+05:30,,,f
PRCdAhKCzRig,RS0IhnzfPbcL,2024-08-06 09:26:14+05:30,"Nakupenda beach is exceptional, really amazing. Prison island with turtles was poorly interesting. We visit Stone town really fast, less than an hour. Our guide was a kind young man. Kind but nearly mute…",en-gb,3.00,,t,viator,,Laurence_D,"",,,,495,APPLICATION,2026-09-08 10:52:49.256189+05:30,,,f
PRCdAhKCzRig,RS9xbqYq7XTo,2024-08-03 18:15:13+05:30,"Our Guide Abas Y. Kassim from Zan Mango Tours did an amazing job. We enjoyed the whole day, he explained everything in german and also knew the best german Schlager songs. He gave us all the time to enjoy the tour and told us the history behind everything. Best tourguide in Zanzibar. ",en-gb,5.00,,t,viator,,Marcel_H,"",,,,496,APPLICATION,2026-09-08 10:52:49.261079+05:30,,,f
PRCdAhKCzRig,RSQ6DTg883Dp,2024-07-24 08:35:50+05:30,"Excelente Tour com o Kimba o Guia que não me lembro do nome e o capitão da embarcação.  A visita à ilha da prisão com as tartarugas enormes é fantástica e o almoço feito pelo capitão numa ilha de areia foi incrivelmente fantástico 🙏
A visita à Stones town foi excelente para completar este tour pelo mercado e passagem para casa onde nasceu Fredy Mercury! 👌👏",pt-pt,5.00,,t,viator,,Rui_d,"",,,,497,APPLICATION,2026-09-08 10:52:49.266304+05:30,,,f
PRCdAhKCzRig,RSbJ2QoS64Pf,2024-06-25 07:51:49+05:30,"Tout était parfait ! Merci à Ibrahim notre guide français ! 
Nous avons appris pas mal de choses sur l’histoire de Zanzibar, l’île Prison, stone tone, Nakupenda. 
Vous pouvez réserver les yeux fermés. 
",fr,5.00,,t,viator,,mikeperez5520,"",,,,498,APPLICATION,2026-09-08 10:52:49.271605+05:30,,,f
PRCdAhKCzRig,RSmK9o0Nj8Aj,2024-06-07 05:54:01+05:30,"This tour is a must do as allowing you to see the best spots of Zanzibar in one day. It starts at Prison island where you can see huge tortoises, following by the relaxing time in Nakupenda beach with lovely sea food for lunch, ending with the historical part and walk around the Stone town. The guide Abbas was amazing and was giving information about the island and its history throughout the whole duration of the tour!",en-gb,5.00,,t,viator,,Narmina_F,"",,,,499,APPLICATION,2026-09-08 10:52:49.276478+05:30,,,f
PRCdAhKCzRig,RSzJky3KsuzF,2023-12-22 19:19:06+05:30,"Tour tres complet et notre guide Karisma,qui parlait français,nous a fait partager ses connaissances
Nous avons passé un super moment avec les tortues et le banc de sable etait paradisiaque
Superbe visite de stone town aussi poignante que coloree
Super journee",fr,5.00,,t,viator,,Sophie_K,"",,,,501,APPLICATION,2026-09-08 10:52:49.286813+05:30,,,f
PRCdAhKCzRig,RSm1uVaK0l22,2023-11-23 16:33:56+05:30,"I had a wonderful time, tour guide was very polite & knowledgeable. 
I will definitely recommend.
Experience will be for a lifetime what a beautiful rich cultured island. ",en-gb,5.00,,t,viator,,alexander_l,"",,,,502,APPLICATION,2026-09-08 10:52:49.293471+05:30,,,f
PRCdAhKCzRig,RSmUK8zhGyC6,2023-11-17 18:04:27+05:30,"We had an amazing day with our driver Abdul and our guide Ibrahim, they were very polite and funny, they made the day very special despite the weather being so rainy.

Ibrahim is a young guide but he is very knowledgeable and kind, I hope he gets to develop further in his fantastic career! 

Ps: Food was very delicious!!!",en-gb,5.00,,t,viator,,Federica_P,"",,,,503,APPLICATION,2026-09-08 10:52:49.300105+05:30,,,f
PRCdAhKCzRig,RSJ2baP412Mu,2023-11-16 18:28:21+05:30,The whole tour was wonderful.  Our guide Hassan was excellent and very friendly.   The lunch at the beach was very relaxing.  ,en-gb,5.00,,t,viator,,Teah_F,"",,,,504,APPLICATION,2026-09-08 10:52:49.306563+05:30,,,f
PRCdAhKCzRig,RSwLLjaMHMjB,2023-11-02 10:42:28+05:30,"
During my recent trip to Zanzibar organized by this company, I had a mixed experience that fell short of expectations.

The tour took place during heavy rainfall, and unfortunately, there was a lack of clear communication regarding the weather conditions and the option to reschedule or cancel due to safety concerns. The decision to proceed with the tour despite the heavy rain made it challenging and unsafe, causing discomfort as we were not adequately prepared for such weather conditions.

The tour guide, albeit friendly and helpful, was unequipped to handle the rain, leaving us waiting for a significant amount of time under inadequate shelter until the rain subsided. This delay impacted the overall experience, limiting our ability to enjoy and explore as anticipated. The visit to the Spicy Market also fell short, as I encountered unexpectedly inflated charges, seemingly influenced by connections of the tour guide.

There were positive aspects, such as the delicious food provided and the commendable English-speaking abilities of the team. However, these were overshadowed by the adverse weather conditions and certain disappointing aspects of the tour, leading to a less than satisfactory experience.

Although the team''s effort and the guide''s language skills were appreciated, the overall tour failed to meet my expectations due to safety concerns, unexpected additional charges, and the inability to enjoy the tour due to the heavy rain. There''s room for improvement in ensuring better communication and preparedness in adverse weather conditions.

I hope that these points are taken constructively to enhance the overall experience for future travelers.
",en-gb,3.00,,t,viator,,arianna_m,"",,,,505,APPLICATION,2026-09-08 10:52:49.315673+05:30,,,f
PRCdAhKCzRig,RS6IdX82YSdF,2023-10-01 06:10:34+05:30,"Merveilleuse  journée avec Charisma un guide bienveillant et qui transmet sa passion  pour sa ville avec beaucoup d enthousiasme. Quelques arrêts en plus pour goûter la canne à sucre, les bananes rouges et les fruits de baobab.  On a vraiment  apprécié ces petites attentions. A recommander sans problème ! ",fr,5.00,,t,viator,,Caroline_V,"",,,,506,APPLICATION,2026-09-08 10:52:49.321528+05:30,,,f
PRCdAhKCzRig,RSl4ZBArLAV1,2023-09-09 17:33:16+05:30,"It was great! Rahima was a very happy and overall great guide for this day.

She made us laugh, and had a good knowledge of all the historical information.",en-gb,5.00,,t,viator,,Rick_S,"",,,,507,APPLICATION,2026-09-08 10:52:49.326881+05:30,,,f
PRCdAhKCzRig,RSIIM2dSBCUS,2024-08-19 15:43:55+05:30,,,3.00,,f,,alone,Sara,pt,,,,508,APPLICATION,2026-09-08 10:52:49.332792+05:30,,,f
PRCFOmMugNrk,RSrli7rv3Tgf,2024-08-29 20:40:14+05:30,"Beaucoup trop cher pour ce que c’est 
Vraiment pas conforme au descriptif 
Les personnes sont gentilles seul point positif et la nourriture est bonne ",fr,3.00,,t,viator,,celine_h,"",,,,509,APPLICATION,2026-09-08 10:52:49.337809+05:30,,,f
PRcIgCCBcx6J,RSvzKzu7MTGD,2026-01-25 18:41:40+05:30,"Highly recommend!! So glad I got to experience this before leaving Zanzibar. David, who guided us around, was very knowledgeable and we learned a lot about Maasai culture and traditions and even learned some words in their (Maa) language. Really fun and interactive visit. Very cool to see the houses, get to wear the traditional clothes and see the Maasai dance in action along with joining in.

Thank you so much David, the boys and women & children for an amazing day. ",en-gb,5.00,,t,viator,,Rachel_K,"",,,,510,APPLICATION,2026-09-08 10:52:53.670214+05:30,,,f
PRcIgCCBcx6J,RSKLm1g2hQL1,2025-11-30 09:35:47+05:30,"This was such a wonderful experience to learn about the Maasai culture and way of life. Our Maasai guide was so open and welcoming and in addition to educating us about Maasai, gave us lots of opportunities to ask questions as well. His English was easy to understand and he understood everything we asked him as well. No one hassled us for money and we weren’t pressured to buy anything so if you might be hesitant to visit because of that, it wasn’t an issue at all.  I would encourage anyone visiting the area to plan a trip here to learn about the Maasai. ",en-gb,5.00,,t,viator,,Michelle_S,"",,,,511,APPLICATION,2026-09-08 10:52:59.834294+05:30,,,f
PRcIgCCBcx6J,RSDxcBXrshcg,2025-08-17 00:47:20+05:30,David was polite and incredibly knowledgeable. His English was fantastic and showed us the ways of the Maasai tribe. A great experience ,en-gb,5.00,,t,viator,,Bilal_U,"",,,,512,APPLICATION,2026-09-08 10:52:59.843206+05:30,,,f
PRcIgCCBcx6J,RS3C6wwcfWie,2025-07-09 11:21:26+05:30,"We had a wonderful time at Maasai World! It was a truly enriching cultural experience filled with new information and insights. The dancing was especially fun, and we really enjoyed joining in with the Maasai people.

One of the highlights of our visit was meeting Dawood, the elder of the community. He has an incredible personality — wise, engaging, and full of knowledge.

This was definitely one of the most enjoyable and memorable experiences for me and my family. Highly recommended!",en-gb,5.00,,t,viator,,Nada_M,"",,,,513,APPLICATION,2026-09-08 10:52:59.850584+05:30,,,f
PRcIgCCBcx6J,RSgRouxOkdu5,2024-07-29 23:15:26+05:30,This was such an amazing experience! Our guide David was very knowledgeable about the history of the Maasai and how they have developed over time. It was great to be immersed in the activities of the people and learn their way of life. Will definitely recommend this tour if you're in Tanzania.,en-gb,5.00,,t,viator,,Marilyn_O,"",,,,514,APPLICATION,2026-09-08 10:52:59.857065+05:30,,,f
PRcIgCCBcx6J,RSlyBrog0npQ,2024-06-19 12:40:06+05:30,Our group of 10 journalists and professional friends enjoyed the visit and appreciated both the education and the entertainment when we went in June 2023. We had such an enjoyable experience that a smaller group of us have booked a visit there again when we travel to Zanzibar in a few days (June 2024). We highly recommend this experience.,en-gb,5.00,,t,viator,,LaMont_J,"",,,,515,APPLICATION,2026-09-08 10:52:59.863016+05:30,,,f
PRcIgCCBcx6J,RS331oBanQJV,2024-03-21 22:05:27+05:30,"This was interactive, fun and educational. I definitely learned a lot and all my questions were answered. I recommend this tour to anyone interested in learning and experiencing a different culture. ",en-gb,5.00,,t,viator,,Jaceline_C,"",,,,516,APPLICATION,2026-09-08 10:52:59.869175+05:30,,,f
PRcjwiyFkfMT,RSN8fYuJpF3A,2025-07-09 02:01:37+05:30,"From the very beginning, our driver welcomed us with great professionalism. He was extremely respectful and made sure we were comfortable and enjoying every moment of the trip. Thank you, Mawani!

The island was beyond words — absolutely beautiful. We only saw a few dolphins, but it was still worth the trip.

Lastly, the fruits and lunch were absolutely delicious. Highly recommended!",en-gb,5.00,,t,viator,,Nada_M,"",Thank you so much for shearing feedback with us actually we are very happy to hear that we hope we will see you again and again ,en,2025-07-09 07:00:03+05:30,518,APPLICATION,2026-09-08 10:52:59.885866+05:30,,,f
PRcjwiyFkfMT,RSPLo8giMRzt,2024-10-18 18:22:07+05:30,"My guide and boat captain were great, helped me view dolphins up close and took me to a beautiful sand bank and then snorkeling. Very courteous and efficient. They served fruit and a nice lunch with soft drinks/water as well as supplying snorkeling equipment. I had a great time. ",en-gb,5.00,,t,viator,,MardjanSidiqi,"","Thank you so much  ,we appreciate it I hope we will see you again ",en,2024-10-19 14:56:23+05:30,519,APPLICATION,2026-09-08 10:53:01.253863+05:30,,,f
PRcjwiyFkfMT,RSfsCvJG9zBz,2024-09-18 19:35:39+05:30,"Our guide Musa took very good care of for the morning. He was knowledgeable on the drive showing points of interest and answering our questions. Dive shop and boat captain were quick to get us on the water, lunch on the beach was delicious and plentiful!",en-gb,5.00,,t,viator,,Richard_L,"",Thank you so much we appreciate it and welcome again ,en,2024-09-19 15:15:28+05:30,520,APPLICATION,2026-09-08 10:53:01.27056+05:30,,,f
PRcjwiyFkfMT,RSR0xlLC8nUB,2024-09-09 20:41:47+05:30,"Lamentablemente muy mal. Estuvimos solos porque el guía que se presentó venía con otra familia que había cogido también guía privado y además no hablaba español.
Fuimos solos en la barca a “ver” delfines. Imposible entre tantas barcas y el ruido que hacían.  Me extraña que hubiese. Pobres.
Después otra vez solos en la barca a hacer snorkel 10 min y solos el resto del día en la playa.
",es,1.00,,t,viator,,Lydia_S,"","Thank you so much for shearing review with us actually when we received the booking we provide the tour guide according the request of the clients we have spanish guide, and the guide was speaking spanish and he gave you enough time for snorkeling and our tour is not shearing is private tour we didn''t mixe you with other people and how could he control two boat at the same time ,we have done thise tour for many time any many clients were very happy with us because of our service is better ",en,2024-09-10 16:53:03+05:30,521,APPLICATION,2026-09-08 10:53:01.282911+05:30,,,f
PRcnDx4sGk7O,RSXyRCsvAcKa,2026-01-30 17:24:34+05:30,"Nous avons réservé un séjour safari au parc de Mikumi sur 3 jours au départ de Zanzibar avec Alfa tour et Safari. J''ai été vraiment très surprise de l''organistation de très haute qualité. Alfa est venu nous chercher à l''hôtel en voiture, ensuite nous avons pris le ferry au départ de Stone Town pour Dar El Salem et ensuite le train jusqu''à Morogoro puis la voiture jusqu''à Mikumi. Le voyage c''est tres bien passé et était très bien organisé. Notre guide était fabuleux et très attentionné, il faisait tout pour nous rendre le séjour agréable. Ensuite nous avons visité la parc de Mikumi, c''était magique 🤩, nous avons vu de nombreux animaux sauvages en pleine nature dans un décore époustouflant ! Nous avons aussi visité un village Massaï et c''était une expérience très enrichissante. Notre guide et notre chauffeur était super et nous avons beaucoup appris sur les animaux, sur Zanzibar et la Tanzanie en général. Nous avons séjourné deux nuits dans un hôtel à Mikumi, le personnel était adorables et aux petits soins pour nous. J''ai été surprise aussi de la modernité du train et sa ponctualité ! Un grand merci à Alfa, Mundir et toute l''équipe. A bientôt",fr,5.00,,t,,partner,Aline,fr,,,,522,APPLICATION,2026-09-08 10:53:01.29241+05:30,,,f
PRcnDx4sGk7O,RShRZl8rLoFi,2026-01-22 10:10:45+05:30,"I recommend this trip as everything was sorted for us, and we just could enjoy the safari hassle free! We had a great guide with Alfa tour, as he communicated beforehand anything necessary! :) The only thing was the hotel provided which could have done with some better cleaning.. especially the bathroom. Other than that it was an enjoyable experience, even if most of the time is spent travelling to get to the safari!",en-gb,4.00,,t,,,,,,,,523,APPLICATION,2026-09-08 10:53:03.966066+05:30,,,f
PRCnY6w8bNxy,RSg69LzPoiri,2024-10-18 13:50:52+05:30,"Tout c’était excellent, et on était très bien accompagné par nos guides je vous recommande cette expérience, très beau paysage, très belle plage à Zanzibar",fr,5.00,,t,viator,,Marc_G,"",,,,524,APPLICATION,2026-09-08 10:53:03.969859+05:30,,,f
PRCnY6w8bNxy,RSX58OO1yCX3,2023-12-16 09:37:32+05:30,En fantastisk Safari. 4 dager med masse opplevelser. Dyktig sjåfør og guide - mine ønsker ble tatt veldig hensyn til. Fikk sett alle dyrene som befinner seg på Savannen. Alt lagt tilrette for gode opplevelser. Bra lodge med god mat og muligheter for å slappe av mellom slagene. Kan anbefales - 4 dager akkurat passe - færre dager ikke å anbefale. Mikumi svært bra og artig var det å vandre i Udzungwa nasjonalpark  - vandring til fossefallet en opplevelse med humørfylte guider. ,no,5.00,,t,viator,,Einar_d,"",,,,525,APPLICATION,2026-09-08 10:53:07.405484+05:30,,,f
PRCSn30lnGSw,RSuGOWkj6hHR,2024-06-10 20:40:22+05:30,Great driver. Guide at Jozani extre.ely knowledgeable.  Great monkey experience! The Rock was amazing. Excellent trip - thoroughly enjoyed myself and highly recommend it.,en-gb,5.00,,t,viator,,Lesley_S,"",,,,526,APPLICATION,2026-09-08 10:53:07.409364+05:30,,,f
PRCtFN7eqhI4,RSXDqGrS5APX,2025-07-07 19:00:55+05:30,Autista molto gentile,it,5.00,,t,,family,Filomena,it,,,,527,APPLICATION,2026-09-08 10:53:10.719051+05:30,,,f
PRCtFN7eqhI4,RSuGiUj8zIpX,2024-11-06 09:04:48+05:30,"Water to cool off from the heat. Slept on the bus, felt safe. 9 adults 2 children and a lot of luggage.",en-gb,5.00,,t,viator,,Mfon_U,"",,,,528,APPLICATION,2026-09-08 10:53:11.569655+05:30,,,f
PRd2Edqxt95J,RSbeXGDBScbf,2026-05-17 15:54:59+05:30,"My guide Addis met me and we were off to a spice farm where a farm guide walked me through the foliage pointing out source plants for kitchen spices. After '"Butterfly'" climbed a palm to retrieve a coconut, we returned by taxi to town and began walking to the spice, food, meat and fish markets. Went to the memorial at the cathedral located near the former slave market. Passed the Freddie Mercury museum (closed.) Visited the aging Catholic Cathedral. Down to the beach and boarded a small motorboat to Prison Island to see tortoises and peacocks. Return to port.",en-gb,5.00,,t,viator,,Kenneth_C,"",,,,529,APPLICATION,2026-09-08 10:53:11.573775+05:30,,,f
PRd2Edqxt95J,RSdixYaTBj3K,2025-09-10 08:08:10+05:30,"Very bad experience. Nobody showed up to pick me at the hotel as scheduled. No person contacted me to inform me of cancellation by the operator whatsoever. So, the paid tour was never done. ",en-gb,1.00,,t,viator,,Rafael_P,"",,,,530,APPLICATION,2026-09-08 10:53:20.574424+05:30,,,f
PRDp85OFSnCL,RS52eAKM3iMT,2023-10-07 15:57:40+05:30,"Book this tour!!! We had a short stay in Zanzibar and this was definitely the highlight of our trip. Our guide was on time, extremely friendly and knowledgeable, answering the million questions that we asked, and made us feel like a friend! We got picked up and dropped off from Riu Jambo in Nungwi smoothly and enjoyed the rest of the day. Our favorite part was sitting down with our guide at the end for a snack (we booked a later tour than lunch) and just chatted! I would recommend this trip to anyone visiting Zanzibar. ",en-gb,5.00,,t,viator,,Tori_G,"",Thank you very much for choosing us ,en,2023-10-15 04:18:13+05:30,566,APPLICATION,2026-09-08 10:53:39.84133+05:30,,,f
PRd2Edqxt95J,RSfO2BeLxRly,2025-05-02 14:13:43+05:30,"I had such a beautiful day in Zanzibar thanks to my wonderful guide Amina and driver Jingga Boy. Amina made me feel safe, welcome, and truly cared for throughout the whole tour. She shared the fascinating history of Stone Town with so much passion, and I loved how she brought every corner of the city to life with her stories.

Prison Island was a dream—Amina was so attentive and kind, especially when we visited the giant tortoises, a highlight for me!

Later, at Tangawizi Spice Farm, she made the experience fun and interactive. I learned so much, laughed a lot, and even got to taste and smell so many wonderful things.

Jingga Boy was the perfect driver—calm, friendly, always on time, and his driving was smooth and safe. I felt really looked after.

This day will stay with me for a long time. Thank you, Amina and Jingga Boy, for making it so special. I couldn’t have asked for better company.",en-gb,5.00,,t,viator,,Farhana_N,"",,,,531,APPLICATION,2026-09-08 10:53:20.579664+05:30,,,f
PRd2Edqxt95J,RS6innFojFdr,2025-03-05 16:13:19+05:30,"Our tour guide Amina was great, she gave us a wonderful tour full of information and we had a great time. We learned a lot and really enjoyed ourselves. I would definitely recommend this tour. ",en-gb,5.00,,t,viator,,robert_g,"",,,,532,APPLICATION,2026-09-08 10:53:20.585253+05:30,,,f
PRd2Edqxt95J,RSc6xZk1wZEo,2025-01-15 14:12:00+05:30,"Ibrahim was friendl, knowledgeable and flexible. The spice farm tour was more interesting than expected, seeing a pair of red mongeese was a bonus, the ginger tea and local fruits were tasty. The boat ride to Prison Island was a little bumpy but worth it for the giant tortoises. A worthwhile tour. ",en-gb,5.00,,t,viator,,Lyndsey_B,"",,,,533,APPLICATION,2026-09-08 10:53:20.589355+05:30,,,f
PRd2Edqxt95J,RSuzUeaM6y8C,2024-12-04 07:04:54+05:30,Our guide Amina was very knowledgeable and very accommodating to what we wanted to do. I wasn't well enough  to do the walking tour and it was incredibly hot. She still gave us all the history and took us to the Freddy Mercury museum.,en-gb,4.00,,t,viator,,Samantha_S,"",,,,534,APPLICATION,2026-09-08 10:53:20.592604+05:30,,,f
PRd2Edqxt95J,RSwQJWWBjse6,2024-11-26 06:45:04+05:30,Experiencing the beauty of Stone Town and Prison Island were amazing and well worth it! Spice Farm is a must-do! Don't come to Zanzibar and skip this! ,en-gb,5.00,,t,viator,,Taia_H,"",,,,535,APPLICATION,2026-09-08 10:53:20.595767+05:30,,,f
PRd2Edqxt95J,RSPlxOHPuHiD,2024-10-22 20:16:47+05:30,"Take enough money for all the tipping required.
The spice farm tour was very interesting and guide was quite informative. 
Good boat ride to prison island, very hot there, again our guide was courteous and informative. We were not offered the snorkelling.  
On our walk through Stonetown we visited the fort and walked past many shops. We did not visit the Dispensary nor the Slave museum as were advertised on the itinerary and our full day tour finished at 2pm. 
We visited the slave museum on our own a few days later and had to pay the $5 USD pp admission which should have been included in our tour!",en-gb,3.00,,t,viator,,Kaylene_G,"",,,,536,APPLICATION,2026-09-08 10:53:20.598915+05:30,,,f
PRd2Edqxt95J,RSd729c7iTjf,2024-10-02 18:50:58+05:30,good and interesting day tour; be prepared to hand out a few tips along the route; guide was friendly and professional but mostly left us to read alone or proceed certain areas on our own; friendly and good driver; good vibes,en-gb,3.00,,t,viator,,Michael_K,"",,,,537,APPLICATION,2026-09-08 10:53:20.602816+05:30,,,f
PRd2Edqxt95J,RSXiqSw8RuOW,2024-08-06 18:22:08+05:30,"Ibrahim was amazing, super friendly and fun. The driver, Salim was very helpful and friendly. 
Had an amazing day and definitely recommend this tour! ",en-gb,5.00,,t,viator,,Lucilia_A,"",,,,538,APPLICATION,2026-09-08 10:53:20.606506+05:30,,,f
PRd2Edqxt95J,RSKBaUlR7PgD,2024-08-04 19:40:20+05:30,"Places were interesting and what we saw was good especially the spice farm.
Information provided by the guides was disappointing. One was on his phone most of the tour allowing the trainee to talk to us. She was very good but he then just repeated what she said because he wasn''t listening. One didn''t take us to the places we were meant to visit in Stonetown including the Old Dispensary. The cathedral we were meant to visit was closed. No water was provided so we had to buy our own which cost $7. No time for lunch so from 8.30 pick up to 4pm drop off we weren''t given time for a food or drink stop.  Most disappointing Viator tour we have done.",en-gb,3.00,,t,viator,,Martin_H,"",,,,539,APPLICATION,2026-09-08 10:53:20.609832+05:30,,,f
PRd2Edqxt95J,RSDON1zgpL4v,2024-06-16 18:40:46+05:30,Amazing Tour! Theyr reached out to me the day before to confirm pickup time and location. The driver Simba was right on time to pick me up at 8:30AM. We met with the tour guide Ali in our first stop. Make sure you take with you shoes that you can get in the water going to Prison Island and bring extra walking shoes after Prison Island. This is an 8hrs tour that involves a lot of walking. Would 💯 recommend Simba and Ali,en-gb,5.00,,t,viator,,Aline_D,"",,,,540,APPLICATION,2026-09-08 10:53:20.613063+05:30,,,f
PRd2Edqxt95J,RSIIrlvvUnQS,2024-04-05 19:53:39+05:30,"We embarked on a transformative journey through Zanzibar''s vibrant history, culture, and natural wonders with the Private Tour of Stone Town, the Spice Farm, and Prison Island. Led  Ibrahim we explored the ancient streets of Stone Town, adorned with intricate architecture and steeped in tales of centuries past. The we delved into the aromatic world of spices at a traditional Spice Farm, where we were enchanted by the scents of cinnamon, clove, and cardamom. We concluded our adventure on Prison Island, a secluded paradise brimming with giant tortoises. ",en-gb,5.00,,t,viator,,Teleah_D,"",,,,541,APPLICATION,2026-09-08 10:53:20.616141+05:30,,,f
PRd2Edqxt95J,RSlPWxR4sret,2024-03-24 15:02:00+05:30,"We had one day from Nungwi Beach to see Zanzibar city. Abraham was awesome!!! He was punctual, extremely friendly and accommodating for our group of 7. He had a great sense of humor and it was like traveling with a friend of the family. He made sure we saw everything we wanted to see and even stayed a little longer so that we could see everything. We and our kids loved Abraham spirit. I would highly recommend this tour and especially Abraham!!  ",en-gb,5.00,,t,viator,,Roger_P,"",,,,542,APPLICATION,2026-09-08 10:53:20.638188+05:30,,,f
PRd2Edqxt95J,RSilqu9yR5vL,2024-02-12 12:42:13+05:30,"Our guide was friendly and asked us what we wanted to do and where we’d like to go around Stone Town, let us have enough time to explore every place, take pictures and read about each place we visited.",en-gb,5.00,,t,viator,,Ognyan_Z,"",,,,543,APPLICATION,2026-09-08 10:53:20.642174+05:30,,,f
PRd2Edqxt95J,RSWqM20LduiV,2024-01-17 16:06:39+05:30,"Sehr netter und gesprächiger Guide, hat viel erklärt über die Orte und Kultur. Es war ein sehr schöner Tag auch der Fahrer war sehr zuvorkommend. Der Guide bei der Spice Farm war auch sehr nett und kannte sich gut aus super erklärt.",de,5.00,,t,viator,,Peggy,"",,,,544,APPLICATION,2026-09-08 10:53:20.656268+05:30,,,f
PRdqYvaMcIyD,RSGP1MJAaI2w,2026-07-20 16:34:41+05:30,Wonderful tour with Hamed (Mardi). He was very knowledgeable about the history of Stone Town and prison island. He allowed us ample time to enjoy the town and shop for souvenirs. The guide at the spice farm was also incredible. Wonderful tour.,en-gb,5.00,,t,viator,,Ashley_W,"",Than you Ashley,en,2026-07-21 15:31:54+05:30,567,APPLICATION,2026-09-08 10:53:39.846002+05:30,,,f
PRG0KN072rRr,RSdlwMOijRU0,2025-09-29 23:55:12+05:30,"Evrything was well organized. The guide (Hassan) was very helpful, and very flexible. He answered all the questions and gave assistance when we needed.",en-gb,5.00,,t,,family,Béla,at,,,,701,APPLICATION,2026-09-08 10:55:27.116811+05:30,,,f
PRd5Fa25bcDi,RS5xgrf1lBgl,2025-09-08 14:46:52+05:30,"this is a taxi driver taking you to the 3 locations. they changed the time of pickup for 2hours later. this was 2hrs away from the hotel and we were taken by a taxi. the 1st location was the cave and we were told we would have 2hrs there. After 1hr the driver told us we had to go. the next location was the beech. this was only 15miles away but took almost 1.5hrs to get there as the taxi wasn''t able to go over the terrain and could only go walking speed to get it it. when we arrived the tide was fully in and we couldn''t even go onto the beech.(if we had left at the original time we would have been on the beech before the tide came in) The 3rd location was at the same point, a small restaurant on the hill next to the beech. Again this was a 5min quick drink and away. (both were meant to be 2hrs) then a 3hr drive  back to the hotel. All in all, if you are looking to spend the whole day in a taxi for just over 1hr at a cave pool then this is a trip for you. Everyone else, stay well clear of this as it was a disaster.  ",en-gb,1.00,,t,viator,,Colin_M,"","Thank you for sharing your feedback. We’re sorry to hear that your experience did not meet your expectations. Regarding the pickup time, it was adjusted due to the availability of the cave, and we contacted you one day before to inform you of the change.

We understand your concerns about the limited time at each stop and the challenges with reaching Mtende Beach. Unfortunately, the tide and the rough terrain can sometimes affect accessibility and travel time, but we recognize that this impacted your visit.

Your comments about scheduling and timing are very important to us, and we will be reviewing this itinerary with our team and drivers to improve time management and communication, ensuring our guests can enjoy each location as planned.

We truly appreciate you bringing this to our attention, as it helps us improve our service for future travelers.",en,2025-09-09 17:02:45+05:30,545,APPLICATION,2026-09-08 10:53:20.659971+05:30,,,f
PRDAX5ujPN10,RSAZr4kwQkST,2024-10-06 04:24:43+05:30,"I had sent a lot of time reviewing the many spice farm options, as I was not looking for the tourist version, or being asked to purchase other products/ services. I wanted to immerse myself in the spices, which is what Zanzibar is known for. The tour operator was 30 minutes late. I had to reach out a number of times to find out what time he was expecting to arrive (I understand traffic issues, however the driver could have contacted me). The driver dropped me at the tour and said he would return in 2 hours. Upon completing the tour, another driver picked me up. The tour itself was average. The guide was very informative about the spices that were located on the property. The property is set up for tourist and had minimal of each spice. Too many times there was constant multiple upselling to eat lunch at the property, buy soaps and other products and watch a gentleman climbing a coconut tree. As a solo traveler, I felt uncomfortable with the upselling as I was not able to deflect attention to others. I left informed about some key Zanzibar spices but underwhelmed as I have been wanting to visit the spice farms for many years.",en-gb,3.00,,t,,alone,Melissa,au,,,,546,APPLICATION,2026-09-08 10:53:21.74681+05:30,,,f
PRDN8i2dL05Z,RSEh6IKzZKZ7,2026-01-18 05:15:11+05:30,"Our tour guide Amina and driver Simba were delightful. Engaging, knowledgeable and professional. The horse safari was amazing as were the 2 horse handlers. The turtle sanctuary was lovely too.",en-gb,5.00,,t,viator,,Katherine_M,"",,,,547,APPLICATION,2026-09-08 10:53:26.70911+05:30,,,f
PRDp85OFSnCL,RSwolHj27gcr,2025-07-01 18:30:33+05:30,"Service of our guide was great! Knowledgeable about the spice farm was great, and invaluable in Stone Town. 
However. DO NOT BE FOOLED BY THE DESCRIPTION! We went to the spice farm, then into town, but there was NO WAY we would’ve had time to go out to Prison Island. But the price included the admission AND a water taxi! For my party of 5, that was $105 we paid for something the tour operator never did with us. I reached out to the tour operator AND Viator, for a refund of that portion, and crickets.",en-gb,4.00,,t,viator,,Heather_R,"","Dear Heather.

Thank you very much for opening up to us. We were happy to host you and do our best for you and your family.

We do not to do anything stupidity to our beloved clients. The Tour was planned well for you as it explained. Everything was well prepared and reserved for you and more importantly, we always do our tour as descriptions say to all of our customers. 

First and foremost, late show up. The guide arrived at the hotel in time 09:20am as you planned to be picked up at 09:30am and instead you left hotel at 10. So with your itinerary, everything you gave to our guide couldn’t able to finish the tour as you wished. 

Secondly : You didn’t not inform us about hurrying to the airport at 2pm. Honesty speaking this is our first experience we ever received since we established our company by not being informed by clients same situation, you had to fill all details in a special requirements to alert us on how your itinerary needed to be tailored, however the tour descriptions say 4 hours Maximum excluding driving time to 3 different spots.

Finally: it’s 100% right for what you paid, we booked all tickets for you, private boat to Prison island for you, and reserved Swahili food for you in Stone Town, we were able to continue the itinerary till the end of excursion, but unfortunately the Tour had to end because of your appointment and this situation was not in our side so it was very hard for us to refund the services.

Kindly regards ",en,2025-07-02 05:57:22+05:30,548,APPLICATION,2026-09-08 10:53:37.008596+05:30,,,f
PRDp85OFSnCL,RSKXyCBNM61J,2025-02-12 11:05:37+05:30,"We visited Stone Town, Prison Island and Jambo Spice Farm with our guide Abu. He was very informative and a great guide to show us around. His knowledge of the history of Prison Island in particular was excellent and we had a really fun time. ",en-gb,5.00,,t,viator,,Russell_E,"",Thank you very much for booking us ,en,2025-02-13 19:34:03+05:30,549,APPLICATION,2026-09-08 10:53:39.72018+05:30,,,f
PRDp85OFSnCL,RSPETH9m5FAE,2025-01-25 04:53:09+05:30,I really enjoyed this combo of experiences. We saw all the must-see items and were given enough space to enjoy shops if we wanted to. The food was amazing and the guide was super informative about everything we saw. 100% recommend to others!,en-gb,5.00,,t,viator,,Andri_J,"","Thank you very much for booking us, hopefully we will get time seeing you again ",en,2025-01-25 08:03:52+05:30,550,APPLICATION,2026-09-08 10:53:39.723783+05:30,,,f
PRDp85OFSnCL,RSbUPcuuE67w,2024-12-02 06:16:22+05:30,"Good tour with Abu! We saw Prison Island and Stone Town. The tour states a Spice Farm visit is included, but our guide said they changed this and it’s no longer included. Other than that, everything else was great.",en-gb,4.00,,t,viator,,Hania_B,"","Thank you very much and apologies for the inconvenience caused, this is because our tour changed from Spice farm to Spice Market to avoid confusion with clients by doing same thing at one place together with long drive.

Again thank you very much for this ",en,2024-12-03 04:28:10+05:30,551,APPLICATION,2026-09-08 10:53:39.727125+05:30,,,f
PRDp85OFSnCL,RSmpf88gDlQb,2024-07-19 19:37:46+05:30,Abu was so kind and accommodating. He ensured that we saw everything we wanted and within our time constraints. He was very informative and also personable. We really enjoyed our tour.  We had no idea a water taxi was a speed boat thrill ride.  We loved it.  ,en-gb,5.00,,t,viator,,Tenaja_M,"",Thank you very much and hope to see you again in here ,en,2024-07-21 14:57:17+05:30,552,APPLICATION,2026-09-08 10:53:39.733121+05:30,,,f
PRDp85OFSnCL,RSLMQ2oWjhGi,2024-06-27 09:11:13+05:30,"Abuu, our guide was friendly and knowledgeable, and he adjusted things as we went based on what we wanted to do. The visit to Prison Island was short and felt a bit rushed, but it was a highlight. Abuu knew a lot about the history of StoneTown, so we really enjoyed learning from him and lunch was delicious. We had a different guide at the spice farm, and while our visit was great and very informational, there were parts that felt like they were just seeking money. A huge bonus was that this tour included a ride to and from our hotel (which was a long way!).",en-gb,4.00,,t,viator,,Rebecca_S,"",Thank you very much ,en,2024-06-27 16:54:10+05:30,553,APPLICATION,2026-09-08 10:53:39.737821+05:30,,,f
PRDp85OFSnCL,RSdu40AmL0wF,2024-04-09 05:55:55+05:30,Abu and his driver provided a wonderful tour for us. Abu is knowledgeable and very proud of his country and was excited to share it with us.  He was very accommodating and tailored the tour to our needs. We had a wonderful Swahili lunch even though Abu could not eat because of Ramadan. He arranged a driver for us to take us to dinner at night.  We very much enjoyed our tour with Abu.,en-gb,5.00,,t,viator,,Kim_P,"",Thank you very much Mr Kim for choosing us and spending time with. My team and I had amazing time in fact and can’t wait to see you again ,en,2024-04-12 14:35:10+05:30,554,APPLICATION,2026-09-08 10:53:39.741869+05:30,,,f
PRDp85OFSnCL,RSuAREmDFSzn,2024-03-08 08:53:59+05:30,Abu was a friendly and informative guide. The tour will benefit from the reopening of the museum. The lunch of assorted carbohydrates was not for the gastronome I am sure there more interesting forms of Swahili food ,en-gb,4.00,,t,viator,,david_p,"",Thank you so much for spending time with us Mr David. Hope to see you again when everything is sorted okay in Stone town and I believe will be insane and feeding lots of history ,en,2024-04-12 14:36:32+05:30,555,APPLICATION,2026-09-08 10:53:39.745853+05:30,,,f
PRDp85OFSnCL,RSdjK9nCByWf,2024-02-10 19:08:19+05:30,"1 Stern für die Fahrt vom und zum Hotel.
1 Stern für die Spice Farm. 

Wir wurden pünktlich ahgeholt. Die Prison Island ist eine Touristenhochburg. HORROR. Die Schildkröten werden überhaupt nicht artengerecht gehalten. Uns wurde es wähend der Tour durch die Steinstadt zu warm. Deshalb haben wir um 11.45 gebeten das Mittagessen vorzuverschieben. Wie in der Buchungsbestätigung beschrieben ist Lunch ab 12 Uhr. Leider wurde uns dann gesagt, dass Mittagessen erst ab 12.45/13.00 möglich ist. Wir haben dann gesagt, dass wir dies überspringen. Anschliessend habe ich den Organiser gebeten und den Lunch zurückzuerstatten, da 330 USD ohne Lunch und ohne Getränk doch sehr teuer ist. Dieser stellt sich quer und behauptet das sei nicht möglich und wir könnten das Mittagessen an einem anderen Tag durchführen. Für diesen Preis verlangen wir eine gewisse Flexibilität in den vom dem Organisator genannten Zeiten. Komplette Geldverschwendung! ",de,2.00,,t,viator,,Rebecca_S,"","Liebe Rebecca, vielen Dank, dass Sie Ihre Kommentare zur Reise geschrieben haben. Ich bin Abu, der am 9. Februar 2024 Ihr Reiseleiter war. Ich bin der Einzige, der weiß, was bei dieser Reise passiert ist, daher nehme ich mir die Zeit, auf Ihre Kommentare zu antworten. Ehrlich gesagt wünsche ich mir nicht, dass dies unseren geliebten Kunden passiert, die diese Reise erleben möchten. Wenn Sie sich Sorgen um das Mittagessen gemacht haben, lautet unsere Richtlinie für das Mittagessen: „Das Mittagessen findet zwischen 12:00 und 14:00 Uhr statt.“ Aufgrund Ihrer schnellen Absage war es daher schwierig, das Mittagessen nach Ihren Wünschen zuzubereiten, und wir entschuldigen uns für dieses unerwartete Erlebnis. Darüber hinaus handelt es sich um ein zuverlässiges Unternehmen, und wir halten uns gegenüber allen an unsere Richtlinien. Daher war es wirklich unmöglich, Ihnen das Mittagessen zu erstatten. Zum Glück haben wir Ihnen verschiedene Möglichkeiten gegeben, um es Ihnen klar zu machen, aber Sie vernachlässigen es. Nochmals vielen Dank und wir entschuldigen uns für etwaige Unannehmlichkeiten",de,2024-02-11 02:58:10+05:30,556,APPLICATION,2026-09-08 10:53:39.750673+05:30,,,f
PRDp85OFSnCL,RSBlWlJoZ2OD,2024-01-28 21:56:20+05:30,"My wife and I enjoyed our day visit to Zanzibar. This tour of the Maganga Spice Farm, Stone Town and Prison Island provided an eclectic overview of the island, its history and people. Abu, our tour guide, was engaging, knowledgeable and personable. He provided excellent information and patiently answered our questions. We would recommend the tour.",en-gb,5.00,,t,viator,,Pedro_C,"",Thank you very Sir for trusting us. It was great honor serving you in here ,en,2024-02-02 04:18:49+05:30,557,APPLICATION,2026-09-08 10:53:39.755585+05:30,,,f
PRDp85OFSnCL,RSCDh2NTySgE,2024-01-20 14:07:34+05:30,"I requested Abuu as my tour guide because he received such positive reviews.  I was looking forward to spending the day with him and enjoying this tour.  Unfortunately, it began storming while I was at the spice farm and it rained for a long time. This significantly impacted my time on this tour. 

Once I arrived at the meeting place to meet Abuu, we grabbed umbrellas and I was able to see some of Stone Town.  I enjoyed walking through the narrow streets with him and learning the history and watching people interact with me and each other.

I was not able to go to Prison Island to see the tortoises, which was a huge disappointment, but beyond our control.  I didn''t have lunch in Stone Town either, due, I''m assuming, to the rain.  The spice tour was okay but was the part of the tour I was least excited about.  ",en-gb,4.00,,t,viator,,Melva_M,"","Thank you very much for having short good time with our beloved guide Abu and short experience with him either.

We Marab Tours & Safari apologized for unavoidable reasons caused by storm since it was huge disaster to allow you go to Prison with that whether and regarding the water Taxi is not huge for that storm 

We hope will meet you again and experience things with us, i hope Abu will give you unforgettable experiences and huge memories as you wished 

Thank you for once again ",en,2024-01-22 02:51:49+05:30,558,APPLICATION,2026-09-08 10:53:39.761199+05:30,,,f
PRDp85OFSnCL,RSJ1uwMZMhpe,2024-01-18 00:12:39+05:30,"This was a fabulous tour but what made it so special was our tour guide Abu. 
His chasima and knowledge was excellent and he made the tour so enjoyable. 
I would highly recommend it and ask for Abu. He made all the difference. ",en-gb,5.00,,t,viator,,Hugh_R,"",Thank you very much for getting experience with us - We are happy to hear your guide Abu was perfect ,en,2024-01-22 02:53:25+05:30,559,APPLICATION,2026-09-08 10:53:39.765497+05:30,,,f
PRDp85OFSnCL,RS15KSa3YvBw,2024-01-17 06:33:37+05:30,"I highly recommend this tour. Abu was such an amazing guide! So knowledgeable and kind with a great sense of humor. Traveling alone, safety is a big concern for me but I felt so well taken care of every step of the way. Lunch at the local restaurant gave me the chance to try some new delicious foods I probably wouldn''t have discovered on my own. Overall, it was a fun day and a great way to see some highlights of Zanzibar.",en-gb,5.00,,t,viator,,Deanna_M,"",Thank you very much for having such amazing experience with our beloved guide Abu - We Marab Tours & Safari welcome you again to book trips with us ,en,2024-01-22 02:56:18+05:30,560,APPLICATION,2026-09-08 10:53:39.769783+05:30,,,f
PRDp85OFSnCL,RSBuT7Q0b8EW,2024-01-08 17:52:20+05:30,"It was good to see spices in their raw form, how is grown, harvested, and tastes befit hitting the store shelves",en-gb,5.00,,t,viator,,Vincent_G,"","Thank you very much, we appreciate your support tons ",en,2024-01-12 09:03:15+05:30,561,APPLICATION,2026-09-08 10:53:39.775883+05:30,,,f
PRDp85OFSnCL,RSU2kKePFmuC,2024-01-06 20:50:34+05:30,"This tour included everything that we would want to see on Zanzibar and was very well organized to make the most efficient use of our time. Our guide, Abu, was knowledgeable and well prepared and even brought us to the airport at the end. I highly recommend this tour!",en-gb,5.00,,t,viator,,Melissa_A,"","Thank you very much for choosing us, my team and I appreciate lots for your kindness as well ",en,2024-01-12 09:01:32+05:30,562,APPLICATION,2026-09-08 10:53:39.780194+05:30,,,f
PRDp85OFSnCL,RSVth6j22Htx,2023-12-21 07:58:28+05:30,"This tour was an amazing experience! My tour guide, Abu, who happens to be the owner was very knowledgeable, attentive, and just all around fun! I felt very safe with him as this tour was experienced solo. Prison island, the spice tour, and the delicious local Swahili lunch were my top three favorites! Also, shouts out to the awesome assistant whom also was an excellent guide with great sense of humor!",en-gb,5.00,,t,viator,,Markeisha_G,"","Thank you very much Markeisha - I also had amazing time with you during your stay In Zanzibar 

Hope to see you soon ",en,2024-01-01 19:10:43+05:30,563,APPLICATION,2026-09-08 10:53:39.784512+05:30,,,f
PRDp85OFSnCL,RSS93fyjhvGS,2023-12-19 13:49:26+05:30,"My tour guide Abu went out his way to meet me at the ferry once I arrived from Dar Es Salaam.  He then guide me on a solo tour throughout Zanzibar.   We started at a Spice Farm, took a boat to Prison Island and ended up walking around Zanzibar before heading to a local spot for lunch. Overall it was a very impressive tour condensed so I could see everything before the last ferry leaves.  I would highly recommend and they suit the tour based on the customer which I appreciate.",en-gb,5.00,,t,viator,,Demetrius_V,"","Thank you very much for choosing us, We wish you the best in life ",en,2023-12-20 04:25:14+05:30,564,APPLICATION,2026-09-08 10:53:39.830645+05:30,,,f
PRDp85OFSnCL,RSCMLV7EJJhm,2023-11-17 11:45:03+05:30,Abu was an excellent guide.  He was friendly and very knowledgeable.  We loved the Spice farm and all the variety of spices growing in Zanzibar.  Thank You Abu.  ,en-gb,5.00,,t,viator,,Vicki_O,"",Thank for so much for trusting us ,en,2023-11-18 16:58:39+05:30,565,APPLICATION,2026-09-08 10:53:39.836414+05:30,,,f
PRir9Z31zc5X,RSRQsEty63M6,2026-01-23 20:10:09+05:30,It was a marvellous experience. Our tour guide was superb. We loved every moment and his explanations were very helpful.,en-us,5.00,,t,,partner,Atwebembeire,ug,,,,937,APPLICATION,2026-09-08 10:57:47.019139+05:30,,,f
PRdqYvaMcIyD,RSwpZqLvCvDG,2026-07-19 19:32:59+05:30,"It was informative and fun. Our guide Mady was very knowledgable and funny. We loved the spice farm tour and lunch at Jambo but beware the toilet facilities is terrible and dirty! The Stonetown walk was also informative but we had to pay extra for entrance into the Freddy Mercury Museum although the tour info said all entrance fees are included in the price. The prison island trip was a bit of a letdown as its only the turtles that is worth seeing. Also you should take extra water as you only get 1 tiny bottle per person with lunch for the whole day! Also EVERYBODY wants tips, be prepared. Wear comfortable shoes! RNot sure if its worth the price we paid, but did enjoy the tour. ",en-gb,4.00,,t,viator,,Elna_B,"",Thank you Elna,en,2026-07-21 15:33:30+05:30,568,APPLICATION,2026-09-08 10:53:43.586007+05:30,,,f
PRdqYvaMcIyD,RSKoHMjimKiH,2025-08-09 07:36:38+05:30,"Amazing tour, had a great day exploring the spice farm, prison island and stone town. Saw lots of huge turtles 🐢 ",en-gb,5.00,,t,viator,,alisegarris,"",Thank youAlise,en,2025-08-09 15:49:57+05:30,569,APPLICATION,2026-09-08 10:53:43.591084+05:30,,,f
PRdqYvaMcIyD,RSZ0EC0jAIDZ,2025-05-13 12:07:18+05:30,"Abkar was a wonderful guide! I learned so much about the history of Zanzibar. He was the perfect companion for the day - he balanced giving me information and also allowing me to quietly experience each place we went. It was a long day but I would not have wanted anyone else to guide me through. I felt comfortable asking (many) questions, and I also felt safe and well taken care of. Thank you Abkar!",en-gb,5.00,,t,viator,,Danielle_A,"",Thank you ,en,2025-05-18 12:27:58+05:30,570,APPLICATION,2026-09-08 10:53:43.596043+05:30,,,f
PRdqYvaMcIyD,RSxh0qNWwYD1,2025-01-25 04:07:34+05:30,"I highly recommend this tou! Abkar was our guide for this wonderful tour. First, we stopped at Jambo Spice Farm, where we were treated with an informative tour of thw farm,  but also surprised with authentic local cuisine that included fresh spices amd some hand made gifts. We purchased several spices and tea mixes from their huge selection to take home with us. We then went to Stone Town and weaved through the bustling open market, toured a historic church and former slave trading post. Abkar shared plenty of history for each stop. Although it was not part of the tour, we made a stop to shop for tanzanite jewelry as a surprise for our 3 daughters.. we appreciated Abkar''s patience as we compared jewelry at 3 different stores. After that, it was off to prison island, which exceeded our expectations. There were so many friendly tortoises for us to interact with. We had as much time as we wanted to take pictures and interact with these gentle, beautiful creatures, one of which we learned was 200 years old. We also took many pictures of the incredible views from the island looking into Zanzibar City. I''ll also note that the tour company was accommodating and responsive prior to our trip. For an additional cost, they were able to arrange transportation to/from Riu Jambo hotel in Nungwi Beach, which was not one of the pickup points. They also allowed us to push the trip back by 2 days due to last minute illness that I notified them about 4 hours before our pickup time. This was much appreciated, since it fell outside Viator''s 24 hour cancellation window. 
",en-gb,5.00,,t,viator,,Alan_R,"",Thanks for your feedback we deeply appreciate. Stay healthy ,en,2025-01-25 09:54:06+05:30,571,APPLICATION,2026-09-08 10:53:43.600278+05:30,,,f
PRdqYvaMcIyD,RSl5IGLj61e2,2024-09-25 10:14:26+05:30,"I had such a wonderful day with Ismael on this tour. We started with the spice farm where I learned so much about Zanzibar’s spices and got to eat delicious pilau rice. Ismael was very knowledgeable and explained things very well. We then went on a tour of stone town and learned about the history of the East African slave trade and got to see the markets. Finally ended at prison island and got to spend time with the turtles and other animals on the island. I really appreciate Ismael’s explanations of everything, made my experience 10x better. ",en-gb,5.00,,t,viator,,Hawi_I,"",Thank you for your recommendation ,en,2024-09-25 19:31:08+05:30,572,APPLICATION,2026-09-08 10:53:43.603786+05:30,,,f
PRdqYvaMcIyD,RSNCLjgBqMhb,2024-09-14 05:11:26+05:30,"Très intéressant,  nous avons appris beaucoup de choses différentes aussi bien au niveau de la culture des épices que de l''histoire de Zanzibar. Il y a plusieurs guides, pas de soucis, vous êtes pris en charge et à chaque étape.",fr,4.00,,t,viator,,Florence_G,"",Merci,es,2024-09-14 09:23:47+05:30,573,APPLICATION,2026-09-08 10:53:43.607214+05:30,,,f
PRdqYvaMcIyD,RS23nMnaZHzI,2024-09-02 16:44:36+05:30,"I really enjoyed this tour and we got to see a lot.  However, my only compliant is that it seemed a little overpriced for what was provided.  It was advertised as '"9 hours'" however the tour didn''t start until 9AM and we finished early.  Also, two of the sites--People''s Palace Museum and House of Wonders--are currently permanently closed (which is NOT mentioned in the itinerary provided), so you can only view the dilapidated exteriors of this sites.  However, our guide did take me to Darajani Market instead, which was one of the highlights of the tour.  Overall, good tour but overpriced for what I paid as a solo tourist.",en-gb,4.00,,t,viator,,Kaleb_T,"",Big apologies for that stay safe and healthy ,en,2024-09-05 01:02:45+05:30,574,APPLICATION,2026-09-08 10:53:43.610771+05:30,,,f
PRdqYvaMcIyD,RSiosSXUznRy,2024-08-13 06:44:43+05:30,"When booking the tour months ago., Viator advertised it as “reserve now - credit card will be charged 24 hours before tour commences”. In actuality, Viator charged the credit card at the time of booking. Between the time of booking and the actual tour, Viator “amended” the tour, but did not give specifics as to what was “amended”.  On the date the tour, two of the included attractions for which entry tickets were originally included were closed.  No credit given.  When the tour was booked, the tour included entry tickets to the Freddie Mercury Museum.  On the date of the tour, we had to pay the entry fee ($16 USD for two tickets). No credit given.  Tour was led by Mady.  A trainee guide also participated. When the trainee guide attempted to lead a portion of the tour, Mady had to take over because of the trainee’s lack of knowledge and proper English.  Mady ended his tour leadership at the beach where we were led by the trainee and boarded the boat (which was not outfitted with life jackets) to cross the open Indian Ocean (where both large ships and speedy boats did cause sizable waves in relation to the size of our boat) to Prison Island.  Trainee, yet again, demonstrated lack of knowledge and proper English.  Mady was at the beach when we returned. Mady asked how we enjoyed the tour of Prison Island. We shared it did not go well and that the trainee needed more training. Mady told the trainee, then and there in front of us, what we said.  We tipped Mady $40 USD on top of $280 USD we paid. Mady barely acknowledged the tip and did not look us in the eye when he accepted it. The tour was advertised as pick-up and drop off at same location (our hotel).  Mady attempted to get us to walk back to our hotel from the beach market unaccompanied. We told Mady that was unacceptable.  Finally, the trainee did accompany us back to our hotel. Lunch at the Spice Farm included a very small piece of cooked/cold/breaded fish, a very small piece of cooked/cold/bony chicken and lots of carbs and vegetables.  Be mindful that everyone (tour leader, trainee, taxi driver, spice farm guide, space farm dessert preparer, etc.) is looking for a tip which we paid.  The Spice Farm was the most interesting.",en-gb,2.00,,t,viator,,Scott_B,"",We deeply value your contributions and we will put it into immediate consideration. We thoroughly apologise for what had happened stay safe.,en,2024-08-14 15:29:33+05:30,575,APPLICATION,2026-09-08 10:53:43.614316+05:30,,,f
PRdqYvaMcIyD,RSEodpEddyM9,2024-05-22 22:08:28+05:30,The tour guide was well informed about the island. He made sure we understood the history of Zanzibar and its culture. It was a fun and rewarding experience. ,en-gb,4.00,,t,viator,,Karen_G,"",Thanks Karen,en,2024-05-24 19:42:14+05:30,576,APPLICATION,2026-09-08 10:53:43.618361+05:30,,,f
PReXitVGZrU6,RSeIoFM4wChu,2026-07-06 11:12:50+05:30,"Hassan gives a very interesting tour and has extensive knowledge about Tanzanian history, culture and language. I recommend his tour!",en-gb,5.00,,t,viator,,Scott_S,"","Thank you so much for your best recommendation. we always feel proud of our customers when they are satisfied. Honestly, even us, we had much love, which in our hearts and many people from Zanzibar ❤️",en,2026-07-09 06:33:48+05:30,598,APPLICATION,2026-09-08 10:54:28.877087+05:30,,,f
PRdqYvaMcIyD,RSW7kCqMZhxp,2024-02-09 15:01:58+05:30,"The spice tour was very interesting. It was awesome to see how day-to-day ingredients are grown - this is true especially for those who are into cooking. Our guide was knowledgeable and made it fun for us. They treated us to a tasty lunch after - glad we did this

Prison Island lacked depth. Though, it was nice to be on the water for a bit during the day. The tortoises were fun. And, the island itself is pretty. So, no complaints here

The walking tour was terrific. Our guide was super knowledgeable and truly passionate about teaching us. This was particularly impressive. It was just the guide, myself, and my wife. So, we were able to have a very natural dialogue where we were able to ask a ton of questions. This was the highlight of the day",en-gb,4.00,,t,viator,,Jordan_C,"",Thanks Jordan ,en,2024-02-11 21:07:42+05:30,577,APPLICATION,2026-09-08 10:53:43.624977+05:30,,,f
PRdqYvaMcIyD,RSerqIjtHwin,2024-02-01 00:57:58+05:30,"Ismail was a great guide, we really enjoyed the Spice Farm, and had a very nice lunch. We walked around in the town after our visit to the Spice Farm and were able to visit the Anglican Church and the Cathedral and learn all about the Slave Trade and of course we went to the Freddie Mercury Museum, being huge Queen fans. To top off a great day we went across to Prison Island and saw the huge Tortoises, which was an amazing experience!",en-gb,5.00,,t,viator,,Roberta_B,"",Appriciate,en,2024-02-02 06:10:53+05:30,578,APPLICATION,2026-09-08 10:53:43.628386+05:30,,,f
PRdqYvaMcIyD,RSEZGdcwzby0,2024-01-31 09:42:07+05:30,"Our tour guide was excellent, we really enjoyed our tour to Prison island and the spice tour, we arrived in Zanzibar by cruise ship, my mother is 80 plus and they made sure that we both had a great time, the tour giude helped me with getting her on/off the small wooden boat to Prison Island- highly recommended company.",en-gb,5.00,,t,viator,,Smruti_P,"",Thank you Smruti,en,2024-02-02 06:12:46+05:30,579,APPLICATION,2026-09-08 10:53:43.6318+05:30,,,f
PRdqYvaMcIyD,RS5RrkAr8cTB,2024-01-17 04:16:59+05:30,Enjoyed spice tour did not get to visit prison. City tour was done with out explination. I was not very hsppy.🤥,en-gb,3.00,,t,viator,,Howard_W,"",Sorry to hear ,en,2024-01-17 07:31:34+05:30,580,APPLICATION,2026-09-08 10:53:43.639821+05:30,,,f
PRdqYvaMcIyD,RSO8RxvaWa74,2023-09-27 15:50:17+05:30,"Very nice tour to know more about Stone Town. First is the spice farm, than walking tour and finally Prision Island. Mady is the perfect guide for the walking tour and Prision Island. Very passionate about Zanzibar history which makes much more fun to learn more about it. P.S. nothing to do with the tour company - to those who are going for this tour take the chance to go to the Prision Island reception and ask them for a bigger cage for the baby turtles; there is a reason they need to be in cages - which Mady can explain - but they definitely could have a bigger cage with all the space in the island.",en-gb,5.00,,t,viator,,Paula_L,"",Thanks Paula. ,en,2023-09-27 21:59:05+05:30,581,APPLICATION,2026-09-08 10:53:43.643608+05:30,,,f
PRdqYvaMcIyD,RSfANOaPOA4N,2023-09-16 14:10:31+05:30,"This was a fantastic experience and I highly recommend it to anyone who is visiting Zanzibar and wants to immerse themselves in its rich heritage and history. The Spice Tour was both an education and lots of fun. The highlight for me was the Stone Town Tour. My guide, Masoud, was extremely knowledgeable about Zanzibar''s political, social and cultural history and made the whole experience very entertaining and engaging. The tour operator was very accommodating and understanding and I thoroughly enjoyed the day I had in Zanzibar. I heartily thank everyone who made the day what it was.",en-gb,5.00,,t,viator,,Siphiwe_N,"",Asante sana Siphiwe. Have a great day. ,en,2023-09-17 13:00:34+05:30,582,APPLICATION,2026-09-08 10:53:43.647879+05:30,,,f
PReLntZVSQ8T,RSMY7LYLVfUJ,2024-08-14 07:56:27+05:30,"It was a really great experience. Our guide was really illustrative, well comprehensive, a fantastic person with knowledge about history of this beautiful country. Very professionalism. ",en-gb,5.00,,t,viator,,STYLIANIG_V,"","Stylianing,
Thank you so much for your kind words! We''re thrilled to hear that you had such a great experience with our guide. It''s wonderful to know that their knowledge and professionalism added to your enjoyment of our beautiful island (Zanzibar). We strive to provide memorable experiences for our guests, and your feedback confirms we''re on the right track. We hope to welcome you back for more adventures in the future!",en,2024-08-19 05:47:32+05:30,583,APPLICATION,2026-09-08 10:53:43.651746+05:30,,,f
PReMxN4zT5mT,RSPqz9VowSHW,2025-01-15 12:38:10+05:30,"Attraction à faire, on découvre différents espèces d''épices et comment les utiliser, notre guide nous expliquait tout en détail et les bien faits que cela peux procurer sur notre santé avec une bonne utilisation. Cela a été très enrichissant ,sans oublier la forêt de jozani avec ses magnifiques singes colobus",fr,5.00,,t,,partner,Ted,tz,,,,584,APPLICATION,2026-09-08 10:54:08.710301+05:30,,,f
PReMxN4zT5mT,RSiwDRwyu9Hn,2025-03-10 15:13:16+05:30,,,2.00,,f,,alone,,,,,,585,APPLICATION,2026-09-08 10:54:12.81697+05:30,,,f
PReMxN4zT5mT,RSx0cG43Yw6R,2025-01-28 10:35:03+05:30,,,5.00,,f,,,,,,,,586,APPLICATION,2026-09-08 10:54:12.822043+05:30,,,f
PReOditdiKho,RSrPYY8NyCYm,2024-08-03 03:44:39+05:30,"Tour said it was from 8-12, and listed states we would visit Michamvi Kae Beach. Both of these were not true. We were later told our pickup would be 9am, after we messaged to be sure of timing. So we waited. At 9:30, we messaged again. No response. At 9:45 we messaged. No response. At around 10, we connected with Viator for a refund. This was 2 hours behind where we originally expected the tour to start. They finally showed up and said they got turned around and couldn’t find our hotel. Even though we sent them a pin of our location. Very odd. Other guests in the car said they’d been driving in circles for a long time. We finally arrive at boat spot, get snorkel gear figured out then set off for starfish. Not Michamvi Kae Beach. Just a spot off the shore a little ways near Pingwe. After 20 mins here, off to Blue Lagoon, a spot off shore between Pingwe and Dongwe. Great fish, very packed with boats and snorkelers. Snorkel gear provided was pretty rough, so we quit early, because masks leaked, and hurt our faces. Finally off to third stop, The Rock Restaurant. We walk down from the beach we started at. Low tide, so lots of walking. We get to restaurant and they ask for our booking, so we show them the Viator Booking. Ah, we find out we don''t have a real reservation with the restaurant. This is NOT included in the tour. Something we needed to arrange ourselves apparently? We didn''t know. Thankfully, restaurant gets this a lot and understood, and made space for us. The Rock is fun to visit, but pricey, and small portions. We are then asked to hurry, as the other guests want to leave for their hotel. We do, and then find out they took a different shuttle. Tour ended around 2:30pm. Ridiculous. Almost a week later, and we still await our refund! DO NOT RECOMMEND THIS TOUR!!",en-gb,1.00,,t,viator,,Drew_T,"",,,,587,APPLICATION,2026-09-08 10:54:12.826987+05:30,,,f
PReOditdiKho,RSZtXlcued8N,2024-07-31 18:23:31+05:30,Una estafa para lo ofrecido. Contratamos guia en español y no sólo q no sabia hablar sino que no explico nada. Hicimos snorkel se veia 1 sola variedad de peces observables desde el barco. El lugar de las estrellas de mar insignificante y decia banco de arena que nunca fuimos!,es,2.00,,t,viator,,MariaCecilia_C,"",,,,588,APPLICATION,2026-09-08 10:54:14.490889+05:30,,,f
PRF2ylOoNLev,RSdnpiZdtBRX,2024-11-29 17:41:20+05:30,The experience was great. The guide Khamis and driver Yssup Bayo were then exceptional. They made the experience even more magical for my wife and I. 10/10,en-gb,4.00,,t,,partner,Baba,"",,,,612,APPLICATION,2026-09-08 10:54:33.688126+05:30,,,f
PReOditdiKho,RS6LNYUT3Cct,2024-07-07 10:13:09+05:30,"Our driver MAISARA picked us up from our hotel on time and the car was immaculate. He was very pleasant.
On the way we picked up our guide for the day YAKOUB. 
After joining with our boat operator, we set off to see the star fish.   They were beautiful, large and markings were like jewels.
Next stop was snorkelling, although there was snorkelling equipment available, we used our own, not sure there were life jackets.
I found it quite difficult to climb in and out of the boat, it was my husband who helped me.
Final stop was The Rock restaurant, if we hadn’t booked a table the trip would have been very disappointing.  Fortunately I had booked online and the very welcoming staff at The Rock attended to us. We thoroughly enjoyed our experience there, it made the trip.
This is not included in your trip cost and is absolutely worth doing.   A small ferry transported us back to the shore and we met up with our driver to return to our hotel.",en-gb,3.00,,t,viator,,CLAIRE_D,"",,,,589,APPLICATION,2026-09-08 10:54:14.496118+05:30,,,f
PReOditdiKho,RScr1ogTAWPM,2024-06-24 04:13:02+05:30,"Worst excursion ever.  Everything about it was sketchy.  Picked up by two questionable men who were vague about the trip, took us to some off road parking lot type of place full of plastic trash bottles and local men rummaging around.  Not a tourist in site and did NOT feel safe.  We get out and start walking to follow our  “guide” to an unknown destination through more trash and ramshackle.  End up at some funky shack to get poor condition, dirty snorkeling gear and only one of us gets fins that remotely fit, the other too large.  They start filling plastic containers with gasoline which is spilling out and on the ground.  Frightening.  Ask to use a bathroom and he says there is none unless I pay $1.  I had to use it.  Weird.  We think about leaving but are too scared and keep thinking this is Viator, a company we have always only had great experiences with.  Then follow our sketchy “guide” about 1/2 hour on foot to a dingy boat which was basically a tin can with a wooden plank on the bottom with a guy in it.  Bang on the waves out to “the blue lagoon” which was anything but a lagoon but at least there are other tourists in similar boats.  We are too afraid they will take off with our stuff if we both get in the water so I stay in the boat while my daughter daughter snorkels.  She does see some great fish but lots of naive tourists standing on the coral killing it with no one instructing to get off.",en-gb,1.00,,t,viator,,Roxane_P,"",,,,590,APPLICATION,2026-09-08 10:54:14.501563+05:30,,,f
PReOditdiKho,RSXRZ9pV8rHt,2024-02-27 10:45:08+05:30,"This trip was too expensive for what was provided. First the tour was supposed to be private but we found to more tourists in the car with us. The guide´s English was not very good at all, not too easy to comunicate.  No water was provided during the whole tour. The snorchling was hardly average, the star fish were stunning and beautiful. Lunch at the Rock restaurand was overprised but worth the experience. Overall - too expensive for too little.",en-gb,3.00,,t,viator,,Radka_L,"",,,,591,APPLICATION,2026-09-08 10:54:14.506098+05:30,,,f
PReOditdiKho,RSgpVuZs26Jb,2023-12-31 07:50:22+05:30,"The sea stars where amazing, it was a pitty that we good not eat at the Rock restaurant. The snorkeling at the rif was not spectaculair ",en-gb,3.00,,t,viator,,yvonne_h,"",,,,592,APPLICATION,2026-09-08 10:54:14.510294+05:30,,,f
PREQGxfSMsvS,RSWB4ZcdIdh5,2025-01-22 07:52:01+05:30,"The guide was polite and friendly '' but is vers boring at the Jozani forest , the rock restaurant was not to recommande the food was not our taste ",en-gb,4.00,,t,viator,,Benoit_C,"",,,,593,APPLICATION,2026-09-08 10:54:14.514137+05:30,,,f
PREQGxfSMsvS,RSeqZESgJvKp,2024-08-05 06:47:57+05:30,"La recogida puntual.
Cogimos una barca desde stone town y nos fuimos hacia la isla de la prision, el guía hizo una breve explicación y tuvimos tiempo para ver y hacer fotos de las tortugas, luego volvimos a coger la barca y a unos 100m se paró el motor, que después de varios intentos y ir a la deriva consiguió arrancar…
En stone town volvimos a coger el coche y nos fuimos al bosque Jozani, que el recorrido apenas duró 20 minutos, nos quedamos con ganas de ver más monos, luego fuimos a comer en un restaurante de Paje donde no pudimos bañarnos porque teniamos que ir rápido al restaurante the rock sin explicación ninguna del guía, y lo poco que sabia de español lo básico, mientras nos haciamos fotos el se hiba a hablar y a jugar con sus amigos.
Se ven demasiadas cosas en un solo dia y todo se ve muy rápido sin tiempo de disfrutar de cada lado. Y muchas horas de coche.",es,2.00,,t,viator,,Carme_M,"",,,,594,APPLICATION,2026-09-08 10:54:20.621443+05:30,,,f
PRETghC20WE2,RSQd3VWPFTGC,2026-08-12 17:29:24+05:30,"I really enjoyed this experience. I met up with a guide at Forodhani Market, who then brought me to a larger group who I spent the rest of the tour with. We paid the tax to go to the island before getting the boat to Prison Island and then we paid the entry fee to the island separately when we got to Prison Island. Our guide took us around the island, explaining its history and we had the chance to explore the prison for about 30-minutes before we went to visit the giant turtles for about another 30-minutes, which was a perfect amount of time for each activity. After Prison Island, we got the boat to Nakupenda where we were given the chance to wander around for about 45-minutes (it''s a sandbank so it isn''t very big) before being called for lunch. Lunch was a huge spread of seafood including prawns, octopus, langoustine and octopus alongside rice, chips, a tomato sauce and a drink. In the end, we had about 2 hours here, which I felt was perfect. I was travelling solo, and all the other guests were couples, however, the long tour meant we had the chance to talk and get to know one another. Also, while at Nakupenda, another solo traveller joined us who I ended up exploring the town with after the tour had ended, so I''d recommend this tour for solo travellers as it''s a good way to meet some other people who are travelling.",en-gb,5.00,,t,,alone,,,,,,595,APPLICATION,2026-09-08 10:54:20.625342+05:30,,,f
PReXitVGZrU6,RSJSqBLwcEYw,2026-07-14 13:51:02+05:30,"After taking his tour, I can see why Hassan is so highly regarded on TripAdvisor. 

We had a great tour of Stone Town with Hassan. I appreciated his communication the day before and morning of, and his promptness - we arrived early to the meeting point and he was already there waiting. 

Hassan has an immense knowledge about Stone Town that he is passionate about sharing. We learned all about Zanzibar’s history. 

I am also thankful for Hassan’s tips for safety, shopping, and the night market.",en-gb,5.00,,t,viator,,Kristi_W,"","Travelling is part of life. Thank you so much for choosing our company and getting good services, and I just want to take the chance to welcome you again. Also, it is very pleasure having a tour in Stone Town with you, i would like to say you are most welcome, Zanzibar Hakuna Matata 😄🙏",en,2026-07-15 00:52:00+05:30,596,APPLICATION,2026-09-08 10:54:24.292635+05:30,,,f
PReXitVGZrU6,RSAAsOUf8duY,2026-07-08 20:09:27+05:30,"Our tour was great overall. The pace was nice, very informative, our guide gave us options to stop at places that interested us or move past throughout the duration of the tour. He also really knew his stuff, impressive knowledge of the island history.",en-gb,5.00,,t,viator,,Jose_B,"",Thank you so much for your kind words! I'm glad to hear you enjoyed the tour and that I could help make your experience in StoneTown informative and memorable. It was a pleasure guiding you. and I'm always happy to answer questions. I hope to see you again for more adventures in Zanzibar! Save travels!🌍✨,en,2026-07-09 06:41:23+05:30,597,APPLICATION,2026-09-08 10:54:28.870913+05:30,,,f
PReXitVGZrU6,RSo3wK0jCAsK,2025-12-09 15:37:54+05:30,"Hassan was very knowledgeable and took us to many areas within Stone Town, really bringing us into the heart of Zanzibar’s culture. He was incredibly kind and helpful throughout the tour. I would definitely recommend him to friends, family, and other guests who want to explore Stone Town. Thank you again, Hassan!
",en-gb,5.00,,t,viator,,Marlon_W,"","Thank you so much for your best recommendation. we always feel proud of our customers when they are satisfied. Honestly, even us, we had much love, which in our hearts and many people from Zanzibar ❤️",en,2025-12-12 05:49:15+05:30,599,APPLICATION,2026-09-08 10:54:28.881815+05:30,,,f
PReXitVGZrU6,RSAQof1Nutbw,2025-11-13 05:04:37+05:30,"I did this tour as a solo traveller and ended up having a completely private tour with just myself and the guide, Hassan. He was fantastic — relaxed, flexible, and very knowledgeable about the area. He gave me a great introductory history of Stone Town along with interesting insights into life in Zanzibar.

We visited several key sites, including historic buildings, the Freddie Mercury Museum, the Anglican Cathedral, and the spice markets. There was also time for me to explore some touristy shops and experience the local markets. (Just a heads-up: the fish market is very fishy! Hassan warned me, but it was still more intense than I expected! 🤣)

A note for other solo travellers: the app says it’s suitable for individuals, which it definitely is, but booking as one person doesn’t guarantee you’ll join a group. In my case, it was just me — which turned out to be a really nice, personalised experience.

Overall, this was a highly rated trip for a reason — great value and an excellent guide. I’d absolutely recommend it.",en-gb,5.00,,t,viator,,Louise_A,"","Thank you so much for your lovely feedback! I''m really happy to hear that you enjoyed the tour and found it informative. Sharing the rich history and culture of Zanzibar is always a joy, and it was a pleasure guiding you through the city. Asante sana for choosing this experiences - you''re always welcome back! Hassan 😄",en,2025-11-14 04:31:10+05:30,600,APPLICATION,2026-09-08 10:54:28.886442+05:30,,,f
PReXitVGZrU6,RS22mGs1qwK0,2025-03-09 18:52:56+05:30,"We had a great tour of stone town with Hassan; super informative without being boring, Hassan knows a lot about all the buildings we’ve visited, but is also happy to share a lot of knowledge about Zanzibars history, politics and life as a zanzibarian in general as well, flexible, not too long. Can 100% recommend :) ",en-gb,5.00,,t,viator,,Noemi_S,"","I greatly appreciate your comment it is my responsibility to make sure that you didn''t west your time to book with me, but I would like to thank  you for the good choice, hopefully to see you again one day.",en,2025-03-10 13:48:50+05:30,601,APPLICATION,2026-09-08 10:54:28.892427+05:30,,,f
PRF0D8KvmNM6,RSxqHRiRPceL,2026-08-28 22:50:14+05:30,We had an excellent visit the guide was so knowledgable and we enjoyed learning about the different spices and their uses. The jewellery made of the leaves and flowers was amazing. The addition of trying a range of delicious fresh fruit and watching a young man climb the tree to retrieve a coconut and then drinking the milk and eating the fresh coconut was a lovely addition and made the whole afternoon very enjoyable. A great visit would highly recommend,en-gb,5.00,,t,,partner,Mark,gb,,,,602,APPLICATION,2026-09-08 10:54:28.898726+05:30,,,f
PRF0D8KvmNM6,RSldjGncBQVI,2026-08-12 15:58:59+05:30,This was one of the most interesting experiences I had during my time in Tanzania. I really enjoyed learning about the different spices and how they were/continue to be used and found the guides very informative.,en-gb,5.00,,t,,alone,,,,,,603,APPLICATION,2026-09-08 10:54:31.449119+05:30,,,f
PRF0D8KvmNM6,RSLNnOLZUVkZ,2025-11-03 22:59:54+05:30,Very interesting tour. We got a lot of useful information.,en-gb,5.00,,t,,partner,Marija,si,,,,604,APPLICATION,2026-09-08 10:54:31.466984+05:30,,,f
PRF0D8KvmNM6,RSmYsdIT8GiD,2026-04-24 21:46:25+05:30,,,5.00,,f,,,,,,,,605,APPLICATION,2026-09-08 10:54:31.470717+05:30,,,f
PRF2ylOoNLev,RSQF0MX7CJFK,2026-08-02 07:40:45+05:30,"This tour was absolutely amazing from start to finish! Our driver, Yussuf, reached out to us well before the tour even started, answering all of our questions and making sure everything was set. Once he picked us up, we met Khamis, who gave us a fantastic, clear brief of the day''s itinerary and happily answered all of our remaining questions before we headed toward the beach.
At the beach, we met our captain, Mzii, who took us out toward Mnemba Island. Chasing the dolphins to capture them on my GoPro video was so much fun! Mzii was incredible and even managed to capture some amazing, up-close footage of the dolphins for us. Afterward, we relaxed on a stunning sandbank beach, enjoying fresh fruit in the sun. Mzii then brought us back to Khamis, who treated us to a delicious lunch.
To top it all off, we headed to the aquarium to feed the sea turtles, which was a wonderful highlight. Overall, this was an extremely adventurous and well-organized tour. Having three dedicated guides, Yussuf, Khamis, and Mzii, take care of us made the experience feel so personalized and special. I highly recommend this tour to anyone visiting the island!
",en-gb,5.00,,t,viator,,Yesenia_R,"",,,,606,APPLICATION,2026-09-08 10:54:31.474584+05:30,,,f
PRF2ylOoNLev,RSI5NZ5xs1ET,2026-01-16 00:22:09+05:30,"I was very disappointed with this tour. The driver did not do his job well at all. He seemed unprepared and uninterested, and he failed to provide any explanation about the places we visited. A tour is supposed to be informative and engaging, but instead, we were left confused and frustrated. The lack of communication made the experience feel like just a long car ride rather than a guided tour. For the price we paid, I expected much better service. I would not recommend this tour to others.",en-us,1.00,1,t,,alone,Esther,"",,,,607,APPLICATION,2026-09-08 10:54:33.654649+05:30,,,f
PRF2ylOoNLev,RSXNqdps2DXw,2025-06-28 02:00:36+05:30,"I didn''t like, not recommended at all I didn''t like, not recommended at all   I didn''t like, not recommended at all",en-gb,2.00,,t,viator,,Mostafa_R,"","Hi
Thank you so much for your review, the Zan bayu tours would like to bring a strong reason why you didn''t like and not recommend to us.

Yousuph.",en,2025-06-28 17:28:04+05:30,608,APPLICATION,2026-09-08 10:54:33.66012+05:30,,,f
PRF2ylOoNLev,RSt2AErtUZOc,2025-02-03 11:31:16+05:30,"Grosse grosse déception !

Habitué des excursions par Viator et très souvent satisfait des offres proposées, celle-ci était un vrai désastre sur le plan de l’organisation, de la prestation malgré un prix bien plus cher que le marché (6 personnes).
Malgré l’heure de la prise en charge respectée (seul point positif), la personne yussuf (je crois car il ne s’est pas présenté mais en lui a demandant lors de nos échanges et il semblait répondre oui....) qui nous a accompagné tout au long du parcours ne semblait pas du tout impliqué sur l’encadrement et encore moins bavard, à aucun moment il nous a adressé la parole et nos questions restaient sans réponse durant les différents trajets (anglais comme français). 
Sur le plan de l’excursion, le bateau proposé semblait être pris au 1er venu sur la plage (sans gilet de sauvetage), fort heureusement la traversée s’est bien déroulée près de l’île de Mnemba pour effectuer un peu de snorking accompagné d’un équipage d’adolescents sans une réèelle implication à notre égard avec à priori un guide (parlant soit disant français) sans vraiment d’explications sur les lieux et qui semblait aussi être en vacances tout comme nous…

Après un retour sur terre, direction le déjeuner dans une sorte de restaurant près d’une route fréquentée et dont la cuisine à proximité était dans une cabane sous quelques feuilles de cocotiers, cela semblait très douteux (bref très local) et avec un service d’1h30 d’attente puis à l’arrivée presque pas assez à déjeuner pour le groupe de 6 personnes (loin des photos du dépliant).

Pour la suite, petite halte à l’aquarium Nungwi (sans vraiment d’intérêt à part peut-être s’approcher des très belles tortues) mais dommage que le lieu soit si mal organisé envahi par une sur-population touristique dans une eau peu attirante (encore très loin du bleu du dépliant).

Ensuite le « super guide et son chauffeur » nous a déposés (sans aucune explication ) sur la plage de kendwa (très jolie place) mais à 15h pour un couché de soleil à 18h30 avec seulement une toute petite partie de sable car cette plage est réservée de part et d’autres aux hôtels. Du coup, après un plouf, nous avons demandé à retourner à notre hôtel pour abréger cette décevante excursion.

En bref, je ne recommande absolument pas cette excursion par ce biais, dommage car plusieurs personnes autours de nous ont fait la même excursion ou equivalent via l’hôtel (d’autres contacts) et c’était beaucoup mieux.",fr,1.00,1,t,viator,,stephanepotreau,"","Bonjour.
Merci d''avoir choisi Zanbayu tour and safaris pour vos vacances à Zanzibar.
Nous venons de recevoir votre avis et nous y travaillons.

Mais il y a quelques points qui doivent être compris par le client.

1. Le chauffeur M. Yussuf n''est pas francophone. Par conséquent, le propriétaire a nommé le guide qui parle français afin de faciliter la communication pendant la visite.
2. Nous avons tellement de bateaux sur la plage qui fonctionnent au jour le jour. Nous avons tous les instruments de plongée pour les voyageurs et si cela se produit, les instruments sont terminés, nous les louons avant d''entrer dans le bateau. Et concernant les gilets de sauvetage que nous vous avons donnés et que vous avez utilisés pour la plongée avec tuba, quatre d''entre vous. Deux d''entre vous n''étaient pas intéressés car ils ne savent pas bien nager et n''étaient pas non plus intéressés.
3. Tout s''est bien passé, le guide français nous a donné des informations sur l''île de Mnemba. L''île de Mnemba est une île privée de Bill Gates depuis 100 ans.  Le guide vous a guidé pour la plongée avec tuba près de l''île de Mnemba et a apprécié les fruits tropicaux. Vous avez également apprécié le magnifique banc de sable près de l''île de Mnemba accompagné d''un guide français. Vous avez été satisfait de la visite.
4. La plupart du temps, nous emmenons nos voyageurs pour le déjeuner (barbecue de fruits de mer) et ils s''amusent bien. Le restaurant local que nous avons contracté regorge de services dont les voyageurs ont besoin, mais il est proche de la route et construit avec des feuilles de cocotier. Mais tout le monde apprécie l''environnement. De plus, les îles de Zanzibar dépendent davantage des activités touristiques, c''est donc la haute saison pour laquelle tous les voyageurs viennent à Zanzibar de différents endroits. Zanzibar Hakuna Matata. Karibu sana.
5. L''aquarium est un lieu naturel où les tortues sont gardées par la nature. Il est relié à la mer. Par conséquent, pendant la marée haute et la marée basse, l''aquarium change la couleur de l''eau. Maintenant, à l''aquarium, chaque voyageur fait une réservation pour nager avec les tortues car c''est maintenant la haute saison.
 6. Les lois, règlements et actes de Zanzibar stipulent que « la plage est publique et libre d''utilisation, à l''exception des appartements comme les hôtels qui sont privés », de sorte que les voyageurs se sont détendus sur la plage et ont profité de leur temps. Les zones côtières de Zanzibar regorgent d''hôtels sous contrat. N''oubliez pas que « Zanzibar dépend davantage du tourisme pour 45 % de ses revenus pour le gouvernement. Splash est la nature à la plage, les êtres humains ne peuvent pas arrêter la nature. 
Merci beaucoup pour votre avis. Zanzbayu tours and safaris vous accueille chaleureusement pour vos prochaines vacances. 

Merci. 
Cordialement,

Yussuf.
Propriétaire.",fr,2025-02-23 17:32:57+05:30,609,APPLICATION,2026-09-08 10:54:33.66496+05:30,,,f
PRF2ylOoNLev,RSTnoqmDW559,2025-01-28 10:26:14+05:30,"Very polite and friendly driver and tour guide. As this is a private tour you are in charge of how much time you want to spend at each location. Food was amazing and we always got cold water. Air conditioned car was life saver. Trip to the island was brilliant and snorkeling was best on Zanzibar. Be prepared to be active and have reasonable mobility. Was great for me and my brother, however my elderly mother struggled as there was a lot of stairs and uneven walking. The staff however made sure that she has extra support. Be prepared to pay extra for activities like jet ski etc.",en-gb,4.00,,t,,family,Rajinder,in,,,,610,APPLICATION,2026-09-08 10:54:33.6697+05:30,,,f
PRF2ylOoNLev,RSKvAKTaO8tG,2025-01-01 12:08:56+05:30,Great tour. We were able to see the dolphins and play the chase game with them. Our tour guide was very nice. ,en-gb,5.00,,t,viator,,octavia_p,"","Thank you so much for enjoying best experiences from zanbayutours. 

We just welcoming again at the next holiday. 

You are most welcome to Zanzibar. 
Zanzibar hakuna matata. 

Youssuf. ",en,2025-02-02 10:09:51+05:30,611,APPLICATION,2026-09-08 10:54:33.684513+05:30,,,f
PRjlrQrGWqmg,RS8j5BE3EMsz,2026-05-15 15:03:02+05:30,,,4.00,,f,,,,,,,,989,APPLICATION,2026-09-08 10:58:15.198075+05:30,,,f
PRF2ylOoNLev,RS8pdb2qN3pN,2024-10-23 15:06:55+05:30,"We had a really nice experience and really felt like a private tour, from pick up to visiting all the locations. Our guide left us enjoy the attractions without any kind of pressure and we communicated via WhatsApp. He was very punctual, arrived at our pick up location 5 minutes early and waited for us, he even gave us a heads up before arriving.",en-gb,5.00,,t,,partner,Loredana,ro,,,,614,APPLICATION,2026-09-08 10:54:33.695232+05:30,,,f
PRF2ylOoNLev,RSACdKmUtbTx,2024-10-20 01:46:10+05:30,"Getting to the snorkeling spot takes more than two hours (car + boat), snorkeling itself lasted about half an hour. There are a lot of other boats and tourists at the snorkeling spot. There are very few corals, the fish are quite ordinary, few species. But all this would not have spoiled the impression so much if it were not for the terrible organization. There were no life jackets on the boat (that is, about two hours, there and back, clients travel without any protection). According to the organizer, snorkeling lasts '"as long as you want'", but in fact it lasts until someone from your group gets bored and asks to go back. Oh yeah, a group! The '"private tour'" turns out not to be private at all, surprise. There were two more companies with us, a total of seven people. After half an hour of snorkeling, someone wanted to go back and it was all over. The organizer does not have a first aid kit! One of our group tripped and badly scraped his leg, but all they could offer him was to tear off an aloe leaf and smear his leg with aloe juice! In short, this tour will not kill you (probably), but it can be unpleasant.",en-gb,2.00,2,t,,family,Oksana,nl,,,,615,APPLICATION,2026-09-08 10:54:33.699041+05:30,,,f
PRF2ylOoNLev,RSArDzPBUFuH,2024-09-29 21:10:30+05:30,"We had a great time on our tour. Yussuf was brilliant and contacted us just after booking to introduce himself and arrange pick up. 

He arrived on time and the whole trip went smoothly. 

We saw dolphins and had chance to jump in and see them in the water. The snorkelling was great and I’ve never seen the sea so blue. 

The seafood lunch was delicious at a local restaurant and the turtles were great and we finished the day with some free time watching the sunset on the beach with a cocktail. 
Overall the day was brilliant and would recommend.",en-gb,5.00,,t,viator,,Paul_H,"",Thank you very much for enjoying the good service from us zanbayu tours ,en,2024-10-23 15:55:23+05:30,616,APPLICATION,2026-09-08 10:54:33.702486+05:30,,,f
PRF2ylOoNLev,RS914s7xrXOV,2024-05-17 21:51:14+05:30,Amazing experience!,en-gb,5.00,,t,,,Anna,it,,,,617,APPLICATION,2026-09-08 10:54:33.705886+05:30,,,f
PRF2ylOoNLev,RSOnl0ZqIAem,2025-09-06 20:53:48+05:30,,,5.00,,f,,partner,Timothy,gb,,,,618,APPLICATION,2026-09-08 10:54:33.709172+05:30,,,f
PRF2ylOoNLev,RS3TLiogLWbq,2025-05-28 17:19:18+05:30,,,3.00,1,f,,partner,Ambrose,nl,,,,619,APPLICATION,2026-09-08 10:54:33.712467+05:30,,,f
PRF2ylOoNLev,RSJVTxKBQfOH,2025-01-29 00:44:17+05:30,,,1.00,1,f,,,,,,,,620,APPLICATION,2026-09-08 10:54:33.716276+05:30,,,f
PRF2ylOoNLev,RS3Ot1o92Uhi,2024-09-18 21:33:29+05:30,,,5.00,,f,,alone,Mathieu,fr,,,,621,APPLICATION,2026-09-08 10:54:33.720113+05:30,,,f
PRfA2D5RB4Ky,RSgI5xfnJVVR,2025-11-15 12:07:41+05:30,"Mady was a great guide. Really interesting walking tour full of local and historical knowledge. He was friendly, happy to answer and questions and was prompt and polite in communicating the meeting time/ place. I am travelling solo so it was great to see areas of Stone Town which I wouldn''t necessarily have felt comfortable heading to on my own. The tour offered a lot packed into 3 hours and there was the added comfort of being met and dropped back at my hotel afterwards.",en-gb,5.00,,t,viator,,Laura_S,"",Thanks Laura.,en,2025-11-16 06:02:09+05:30,622,APPLICATION,2026-09-08 10:54:33.723391+05:30,,,f
PRfA2D5RB4Ky,RSfLX5mRn1Mn,2025-08-15 08:32:50+05:30,"This is a good orientation tour for those visiting Stone Town for first time.  Our guide, Hamad, was highly knowledgeable and covered the history of Stone Town and the island as well as covering some of local culture.",en-gb,5.00,,t,viator,,hgyfg2t6y4,"",Thank you so much ,en,2025-08-15 14:26:52+05:30,623,APPLICATION,2026-09-08 10:54:36.916929+05:30,,,f
PRfA2D5RB4Ky,RS8om6JcrFgm,2025-06-25 11:59:30+05:30,"The guide, Mady, did a great job in sharing details about the history, architecture and culture of Stone Town.  He stayed as long as I wanted at places of interest.  He also made recommendations for dinner options.  ",en-gb,5.00,,t,viator,,Kimberly_E,"",Thank you for your supportive feedback ,en,2025-06-26 17:04:56+05:30,624,APPLICATION,2026-09-08 10:54:36.921194+05:30,,,f
PRfA2D5RB4Ky,RSAibEVBGezM,2023-12-13 11:00:52+05:30,Mady was a great guide! Super knowledgeable about the history behind every place he brought us to. Would recommend!,en-gb,5.00,,t,viator,,Allison_D,"",Thank Allison have a great day.,en,2023-12-13 19:10:21+05:30,625,APPLICATION,2026-09-08 10:54:36.924901+05:30,,,f
PRfAfdcsgt6A,RSCTt9X9E22n,2025-08-31 11:39:17+05:30,"The transfer was punctual and seamless. The communication from their team was excellent, and we had a comfortable ride to our hotel.",en-gb,5.00,,t,viator,,Kyle_O,"",,,,626,APPLICATION,2026-09-08 10:54:36.928761+05:30,,,f
PRfAfdcsgt6A,RSH4k719F162,2026-09-01 00:00:42+05:30,,,1.00,,f,,,,,,,,627,APPLICATION,2026-09-08 10:54:39.100154+05:30,,,f
PRfD2c9NeMC2,RSCYaYEeSkpU,2025-10-06 04:47:30+05:30,Amazingly on time waiting with name sign. Driver was courteous and friendly safe driving practices.   Got me to my destination safely ,en-gb,5.00,,t,viator,,Maria_G,"",,,,628,APPLICATION,2026-09-08 10:54:39.104735+05:30,,,f
PRfD2c9NeMC2,RSJ4AvxU6NUn,2024-09-22 23:15:45+05:30,"we used this company for their airport transfer.
Our flight arrived earlier - obviously not their fault.
However we messaged them via the VIATOR app but no answer.
we had to googled the name of the company and find their # so we can ask them to pick up us earlier.
",en-gb,3.00,,t,viator,,liz,"",,,,629,APPLICATION,2026-09-08 10:54:48.946823+05:30,,,f
PRFdJ3fo1fIA,RS83lrQTwQpa,2026-01-26 20:22:24+05:30,"The tour with Kassim was great, he is really knowledgeable and friendly, I really enjoyed it and would recommend booking with him! ",en-gb,5.00,,t,viator,,Lola_B,"",Thanks for your comment ,en,2026-01-27 12:16:33+05:30,630,APPLICATION,2026-09-08 10:54:48.954787+05:30,,,f
PRFdJ3fo1fIA,RSgeZyYtsbdY,2026-01-09 03:46:06+05:30,A great way to navigate the narrow streets of Zanzibar city by using a knowledgeable guide to take you on a historical journey ,en-gb,5.00,,t,viator,,Henry_F,"",Thanks for the wonderful comment.,en,2026-01-09 09:33:28+05:30,631,APPLICATION,2026-09-08 10:54:52.117981+05:30,,,f
PRFdJ3fo1fIA,RSttpTN72Kgy,2024-11-08 18:40:06+05:30,Kassim was an excellent tour guide and was able to breakdown the history of Zanzibar and the slave trade in an easily digestible form. The history lesson also became a brief overview of some African history as a whole. A very worthwhile tour.,en-gb,5.00,,t,viator,,Grant_G,"",Thanks for your comment 👍 ,en,2024-11-16 09:31:02+05:30,632,APPLICATION,2026-09-08 10:54:52.122525+05:30,,,f
PRFdJ3fo1fIA,RSmSFVyrA8P4,2024-09-26 12:42:07+05:30,Wonderful tour and experience. Kassim is so knowledgeable and kind and answered every question we had. We really got a feel for Stone Town in a short time and had a lot of fun.,en-gb,5.00,,t,viator,,Erica_L,"","Asante sana for your review, l appreciate it. ",en,2024-09-28 23:26:12+05:30,633,APPLICATION,2026-09-08 10:54:52.126733+05:30,,,f
PRFdJ3fo1fIA,RSriIjIjYqLH,2024-07-13 07:38:51+05:30,Kassim was extremely nice and good at explaining Zanzibar’s history and situating it within world history! ,en-gb,5.00,,t,viator,,Aditi_V,"",I appreciate for your comment. ,en,2024-07-16 13:37:25+05:30,634,APPLICATION,2026-09-08 10:54:52.130773+05:30,,,f
PRjlrQrGWqmg,RSrhvHlHk37D,2026-03-05 18:34:02+05:30,,,5.00,,f,,,,,,,,990,APPLICATION,2026-09-08 10:58:15.201213+05:30,,,f
PRFdJ3fo1fIA,RS0nGwYwgQw7,2024-07-08 06:45:47+05:30,Great walking tour for those visiting Stonetown. Tour takes 2-3 hours with lots of stops and packed full of useful insight about Zanzibar. Would recommend to anyone visiting the island ,en-gb,5.00,,t,viator,,Lucas_G,"",Thanks for the excellent review. ,en,2024-07-08 19:39:20+05:30,635,APPLICATION,2026-09-08 10:54:52.13464+05:30,,,f
PRFdJ3fo1fIA,RS8gawW6VKee,2024-04-03 19:59:54+05:30,"Kassim was very knowledgeable on the history of the area but on the whole of Africa too. Very kind and patient. A great idea to visit the city with a guide, otherwise not much to do and you get lost in the alleys..",en-gb,5.00,,t,viator,,Eva_K,"",Thank you very much for the comment.,en,2024-04-04 10:04:43+05:30,636,APPLICATION,2026-09-08 10:54:52.139706+05:30,,,f
PRFdJ3fo1fIA,RSp1hMeFGUMP,2024-03-04 13:03:45+05:30,"Kassim wurde uns von englischen Reisenden empfohlen. Da wir die Wahl hatten, buchten wir die Tour auf deutsch und sind damit hervorragend gefahren. Kassim hat seine umfangreichen Kenntnisse auch auf deutsch sehr schön präsentiert und viele Hintergrundinformationen zum täglichen Leben platziert. Wir schreiben die Empfehlung auf deutsch, um auch deutsche Reisende zu erreichen... ",de,5.00,,t,viator,,Jan_D,"",Thank you very much for the excellent feedback l greatly appreciate for all. ,en,2024-03-05 09:15:16+05:30,637,APPLICATION,2026-09-08 10:54:52.144102+05:30,,,f
PRFdJ3fo1fIA,RSlBzMH9YqT8,2024-02-06 17:29:57+05:30,Friendly and experienced guide. The tour was very interesting and super informative. Would definitely recommend. ,en-gb,5.00,,t,viator,,Matias_V,"",Thank you for the wonderful comment. ,en,2024-02-07 08:33:17+05:30,638,APPLICATION,2026-09-08 10:54:52.148656+05:30,,,f
PRFdJ3fo1fIA,RSgr5ADwD7lj,2024-02-02 10:34:34+05:30,This was an excellent tour from a local guide (Kassim) who knows a lot about the area and it’s history. Didn’t hesitate to go off script for a special request if you are interested in something in particular. Highly recommended. ,en-gb,5.00,,t,viator,,Cinque_H,"",I greatly appreciate for your comment asante sana. ,en,2024-02-04 04:45:27+05:30,639,APPLICATION,2026-09-08 10:54:52.153448+05:30,,,f
PRFdJ3fo1fIA,RSt90cVrxn90,2024-01-29 15:36:48+05:30,Kassim was a great tour guide. He we very knowledgeable not only about the history of Zanzibar but also world history. I definitely recommend. ,en-gb,5.00,,t,viator,,Kimi_S,"",I had whale of time with you l couldn't do it nicely without  your paying attention and I greatly appreciate for your comment.,en,2024-01-30 11:47:50+05:30,640,APPLICATION,2026-09-08 10:54:52.157886+05:30,,,f
PRFdJ3fo1fIA,RSXNRzroAu04,2023-12-23 19:01:33+05:30,"My guide, Kassim is a professional and a superb storyteller. I am glad to know about the history of Tanzania and Zanzibar.",en-gb,5.00,,t,viator,,OKJIN_K,"",Thanks very much for the review. ,en,2023-12-25 07:30:34+05:30,641,APPLICATION,2026-09-08 10:54:52.162856+05:30,,,f
PRFdJ3fo1fIA,RSd64flNSm4l,2023-12-19 19:09:14+05:30,Vielen Dank an Kassim. Er hat uns viel über die Geschichte Zanzibars erzählt und einen tollen Rundgang mit uns gemacht ,de,5.00,,t,viator,,Sabine_H,"",Thanks very much for the 5 stars ,en,2023-12-21 20:01:55+05:30,642,APPLICATION,2026-09-08 10:54:52.17812+05:30,,,f
PRFdJ3fo1fIA,RSUxsOPYi2cp,2023-12-17 11:58:34+05:30,Kassim was an excellent guide. He provided us with lots of information throughout our tour and was very hospitable throughout the tour. The tour was paced very well and we never felt rushed. Kassim had insight at each stop.  Equally important was his candor whenever we asked questions which was rare as he covered most topics very well. I highly recommend a tour with Kassim. ,en-gb,5.00,,t,viator,,Kenneth_L,"",I greatly appreciate for this comment l couldn't make it alone without you.,en,2023-12-18 06:01:30+05:30,643,APPLICATION,2026-09-08 10:54:52.182598+05:30,,,f
PRFdJ3fo1fIA,RS7HyRaYjgkP,2023-10-29 04:19:48+05:30,"Great walking tour in beautiful stone town. Our guide was very nice and full of historic information. So glad we booked it, would never find this places by ourselves or get to know all the information about the town that our guide Kassim taught us. Thank you ",en-gb,5.00,,t,viator,,Sabina_B,"","Thanks very much for the wonderful review, l greatly appreciate for it.",en,2023-11-03 10:46:19+05:30,644,APPLICATION,2026-09-08 10:54:52.187005+05:30,,,f
PRFdJ3fo1fIA,RSe15ynlzlHR,2025-03-10 15:14:11+05:30,,,3.00,,f,,alone,,,,,,645,APPLICATION,2026-09-08 10:54:52.197962+05:30,,,f
PRfp7u59nA4v,RSrmONJZfujm,2024-09-24 12:55:42+05:30,"C’était une belle expérience, je suis rentrée chez moi avec une connaissance de plus culinaire.",fr,4.00,,t,,alone,Sharon,cd,,,,646,APPLICATION,2026-09-08 10:54:52.202277+05:30,,,f
PRfpSNRGKcEz,RScJIj2QdxCm,2025-05-20 14:07:18+05:30,Very interesting visit to prison island : one of too many black pages of European colonialism in Africa. Beautiful beach of Nakupenda with its white sand. Great meal. Perfect Jasmine and Nando's,en-gb,5.00,,t,viator,,Marco_S,"",,,,647,APPLICATION,2026-09-08 10:55:03.764529+05:30,,,f
PRfpSNRGKcEz,RSzGQUapSM9z,2024-07-04 09:43:29+05:30,The History shared about the Prison Idland was amazing and the Tour Guide understood it and shared it very well.,en-gb,5.00,,t,viator,,Thabiso_M,"",,,,648,APPLICATION,2026-09-08 10:55:05.239342+05:30,,,f
PRfpSNRGKcEz,RSah65ecYUz2,2024-06-12 16:46:59+05:30,"Gran experiencia! El guía es una maravilla. Una excursión espectacular, súper recomendable. La comida buenísima y súper atentos en todo momento.",es,5.00,,t,viator,,Miguel_C,"",,,,649,APPLICATION,2026-09-08 10:55:05.245774+05:30,,,f
PRfpSNRGKcEz,RSdjqaVh4oxF,2024-03-22 06:50:41+05:30,"Schlechte Organisation durch die Agentur, nach dem Transfer wollte der Guide vor Ort uns in einer anderen Tour zuordnen (angeblich ein Fehler des Büros) - noch 2 Personen hatten offensichtlich ein ähliches Problem. Dann wurden wir 4 verbliebenen Gäste auf ein Boot verfrachtet und konnten Prison Island mit Guide besuchen. Nach der Führung wurden getrennt und einer anderen Tour mit einem weiteren nicht so motivierten Guide zugeführt. Der Platz auf der Sandbank, war abschüssig, eingezeängt (zu viele Personen auf der Sandbank), ohne Tisch und Stuhl - super für den Seafood Lunch. Einfach schade für den bezahlten Reisepreis. Zudem sollte die Sandbank sauber und zum relaxen einladen, beides als Ziel verfehlt. Eine Minderung des Reisepreises hat man zudem auch noch abgelehnt. Schlichtweg nicht zu empfehlen.",de,1.00,,t,viator,,Harald_S,"",,,,650,APPLICATION,2026-09-08 10:55:05.250146+05:30,,,f
PRfpSNRGKcEz,RSNISPAg6fas,2024-01-03 18:54:20+05:30,"
This trip was a disaster! Would not recommend. 

The weather was stormy which delayed the day - which I appreciate is beyond anyone''s control. Our guide took us to prison island and said that we could not go to nakupenda due to the weather ... then he said when the weather had changed and was calm that he couldn''t take us there because he had no money to organise another boat .... we tried to explain to him that we had already paid through viator. The guide Alex was dismissive of our complaints saying that nakupenda is just a sandbank, and we tried to say we have paid £160 for the 2 of us to go on this trip to prison island and nakupenda which should be about 6 hours long. He took us around prison island and seemed in a bit of a hurry and was mostly on his phone throughout. we stayed for about an hour. Communication was poor.  No food or drink was provided. Would not recommend and have contacted viator for a refund. So disappointed as this was our last day of our holiday and the most expensive excursion we had paid for. ",en-gb,1.00,,t,viator,,Eve_J,"",,,,651,APPLICATION,2026-09-08 10:55:05.254727+05:30,,,f
PRfpSNRGKcEz,RSbfooENqsFf,2023-10-08 19:48:20+05:30,"Very nice guides, great places visited and a great experience at all. We also had a great lunch with fresh seafood and fruits for desert.",en-gb,5.00,,t,viator,,Jan_S,"",,,,652,APPLICATION,2026-09-08 10:55:05.258746+05:30,,,f
PRFqgBlrpZof,RSF9mKVFmkWt,2026-06-14 14:40:53+05:30,"In the morning, visit to the Jozani forest, where we easily saw a large number of unshy monkeys, followed by a short walk with explanations in the forest, and finally a walk on a wooden path through the mangrove. In the afternoon, visit to a spice farm with many explanations and fruit tasting. 
Our French-speaking guide Ali is very knowledgeable and friendly.",en-gb,5.00,,t,viator,,Axel_B,"",Merci ,it,2026-06-14 19:11:44+05:30,653,APPLICATION,2026-09-08 10:55:05.263211+05:30,,,f
PRFul3hy675I,RS7hWWGxG6dW,2026-08-07 04:20:04+05:30,"Such a great experience with ZanEco Tours! They were super professional and right on time picking us up from the airport at the start of our trip, as well as for our return back. They even suggested getting picked up a bit earlier on our way back to make sure everything went smoothly, and they messaged us on WhatsApp to check in and ensure every transfer went off without a hitch. Truly excellent customer service from start to finish!",en-gb,5.00,,t,viator,,Yesenia_R,"",,,,654,APPLICATION,2026-09-08 10:55:07.445099+05:30,,,f
PRFul3hy675I,RS286AHWch0E,2026-06-23 08:31:55+05:30,Our driver was waiting outside as soon as we walked out of the airport with our name on a sign. He helped us with our luggage and getting in the van. He was very knowledgeable and gave us info about the island. We will be using them for other excursions during our trip! ,en-gb,5.00,,t,viator,,Tiffanie_C,"",,,,655,APPLICATION,2026-09-08 10:55:16.139261+05:30,,,f
PRFul3hy675I,RSSi10pc8tQQ,2026-06-13 15:36:09+05:30,"Good driver from airport to hotel.  Was waiting outside terminal and took care of my luggage.  Explained different situations as we drove,",en-gb,5.00,,t,viator,,Margaret_W,"",,,,656,APPLICATION,2026-09-08 10:55:16.143165+05:30,,,f
PRFul3hy675I,RSYhjcGY4CAn,2026-05-28 12:21:10+05:30,"Besides a long delay in arrival, the driver was right at the exit when we left the airport. His driving was safe and there was water in the car. Good experience.",en-gb,5.00,,t,viator,,Steven_M,"",,,,657,APPLICATION,2026-09-08 10:55:16.146862+05:30,,,f
PRFul3hy675I,RSkEDgnFjuRD,2026-05-05 10:04:02+05:30,"Juma was great! Always on time and knowledgeable about Zanzibar.  If we had any questions or requests, he would gladly answer them. We used him throughout our time in Zanzibar and will highly recommend him. ",en-gb,5.00,,t,viator,,ho_b,"",,,,658,APPLICATION,2026-09-08 10:55:16.150244+05:30,,,f
PRFul3hy675I,RSghslAj6zW5,2026-03-12 13:32:52+05:30,Our driver was great. Very professional. We used his services 3 times during our trip. I also used this serviced during a trip to the island 3 months ago. ,en-gb,5.00,,t,viator,,Keenen_G,"",,,,659,APPLICATION,2026-09-08 10:55:16.153387+05:30,,,f
PRFul3hy675I,RSu86WykfsPH,2026-03-07 15:01:12+05:30,"Great ride! Clear communication, clear signage upon arrival, kind, respectful and helpful. All details went very smoothly. Thank you!",en-gb,5.00,,t,viator,,Betsy_W,"",,,,660,APPLICATION,2026-09-08 10:55:16.156534+05:30,,,f
PRFul3hy675I,RSPQeRR5rPW5,2026-02-20 20:02:58+05:30,"Airport pickup was super easy, good driver and safe car. communication via whatsapp to also change time as my flight got delayed.",en-gb,5.00,,t,viator,,Florian_S,"",,,,661,APPLICATION,2026-09-08 10:55:16.15958+05:30,,,f
PRFul3hy675I,RSNVJeU7aAUz,2026-02-01 21:59:27+05:30,"Reliable and friendly.

Arrived in time and got us there in good time.

Water provided in the car and good english",en-gb,5.00,,t,viator,,Joel_G,"",,,,662,APPLICATION,2026-09-08 10:55:16.163021+05:30,,,f
PRFul3hy675I,RS41lVLlgGYa,2026-01-20 04:49:50+05:30,"Waiting at the airport exit with clear signs. 

Good communication before the trip confirming where they would be waiting. ",en-gb,5.00,,t,viator,,Jane_W,"",,,,663,APPLICATION,2026-09-08 10:55:16.166863+05:30,,,f
PRFul3hy675I,RScIJmhZvXIr,2026-01-07 22:07:03+05:30,"We had a great chat about their language, culture and food. Got to learn a few new words in Swahili. 10 out of 10 will recommend",en-gb,5.00,,t,viator,,Siew_H,"",,,,664,APPLICATION,2026-09-08 10:55:16.170474+05:30,,,f
PRFul3hy675I,RSR9MMfFCkb0,2025-11-23 01:21:56+05:30,Great and friendly driver. Pick up right on time and provided cold water as we got our pick up. Picked us up at hotel 4am on our return and was on time again even thou it was very early in the AM. Use this service if you need to get around Zanzibar!! Highly recommended! ,en-gb,5.00,,t,viator,,Cherdon_P,"",,,,665,APPLICATION,2026-09-08 10:55:16.173908+05:30,,,f
PRFul3hy675I,RS59hJ0mC3tX,2025-11-22 06:56:11+05:30,"Was very good.
Driver was on time and good communication. I will recommend to anyone travelling to Zanzibar ",en-gb,5.00,,t,viator,,mubanga_m,"",,,,666,APPLICATION,2026-09-08 10:55:16.177398+05:30,,,f
PRFul3hy675I,RSItdLOIhPsf,2025-07-28 13:51:16+05:30,"Very good services.
We had a 1am arrival and the driver was promptly there to pick us. He was cordial and friendly and the car was in great conditions. He gave us bottle of water as well and explained a few points in the route to Paje.
We ended up getting other services and tours with him since his prices were very good and he managed to personalize them for our necessity.

The spice tour was in Shabuta Farm and was around 1:30h. It was interesting and educative. We tasted fruits and coconut. We tasted a few spices and plants as well.

The prison island was about 1:30h and was great to see the tortoises. The history of the place is ok. The boat trip on high tide might get you very wet, be prepared.

The tour guide was friendly and really nice as well.",en-gb,5.00,,t,viator,,Fabricio_S,"",,,,667,APPLICATION,2026-09-08 10:55:16.180485+05:30,,,f
PRFul3hy675I,RSuL5Z87XNjm,2025-07-16 16:37:00+05:30,Everything worked wonderfully... from booking to communication to transport to the hotel,en-gb,5.00,,t,viator,,Sascha_P,"",,,,668,APPLICATION,2026-09-08 10:55:16.184051+05:30,,,f
PRFul3hy675I,RSv6bxglSQSe,2025-04-08 14:36:57+05:30,"After flying all night and all morning, we were very tired upon arrival. We appreciate it that the driver was very pleasant and didn’t talk too much so that we could relax on our way to the hotel.",en-gb,5.00,,t,viator,,John_W,"",,,,669,APPLICATION,2026-09-08 10:55:16.187782+05:30,,,f
PRFuuUqVvh9y,RStkJHekobIm,2025-07-06 19:41:31+05:30,"It was boring (except for the tortoises) and hot. The tour could have been so much better. Our guide was not really into it and he was very hard to understand. Plus we started with one guide and were handed off to another. The booking with Viator included the guide but you need cash for tips (boat ride) and entrance fees to Prison Island, Slave Museum, and the Sultan''s grave. The guide took us through the food market and was very considerate in asking first if we are OK to walk by the meat and fish. We did, and I lost my appetite! Instead of a neighborhood food spot that the guide recommended, we opted for air conditioning and lunch at the Park Hyatt. Stone Town has a real appeal to it but does not deliver unfortunately. They have not maintained their history well and our guide did not help us tap into the vibe. Wandering the alleyways on our own was more fun.",en-gb,2.00,,t,viator,,Susan_B,"",,,,670,APPLICATION,2026-09-08 10:55:16.192974+05:30,,,f
PRFuuUqVvh9y,RSdy44CK2cr3,2024-12-12 15:57:04+05:30," Ahmed and Mohammed were so nice and knowledgeable. I really liked the view of Stone Town from Zanzibar Coffee House. Also, the visit to Prison Island is a must! if you are in Zanzibar. It’s a beautiful island and there’re many interesting things to see. 

Both of my tour guides took wonderful pictures of me ☺️ I have great memories to share with family and friends.
I recommend this tour 1000% ",en-gb,5.00,,t,viator,,Jenny_Q,"",,,,671,APPLICATION,2026-09-08 10:55:18.37814+05:30,,,f
PRlqORdWYOIw,RSs53MeID88l,2023-10-30 15:18:20+05:30,,,5.00,,f,,family,Kerstin,se,,,,1265,APPLICATION,2026-09-08 10:59:55.59343+05:30,,,f
PRFuuUqVvh9y,RSHHIJihovfZ,2024-09-17 06:24:52+05:30,September 2024 ‘Stone Town and Prison Island Private Tour Zanzibar’ with Lazuli Tours - DO NOT BOOK THIS!! We paid $249.39 (for two people) for what should have been a 5 hour tour. The Stone Town potion should have been in an air conditioned vehicle with water provided. Instead we were picked up by foot by a guide (who was 15mins late) and walked to the boat to go to Prison Island. When we returned to Stone Town we were handed over to another guide who informed us the tour was walking in 30+ degree heat. Nowhere in the tour description did it say the tour was a walking tour. The guide had absolutely no specialist knowledge and the entire tour took about 3.5 hours. When the tour company owner was questioned about the tour description he blamed Viator and Viator blamed the tour company. The tour operator said the air conditioned vehicle part of description was for pick up and drop off - we were not picked up or dropped off in a vehicle. We asked for a partial refund which had to be agreed by the tour company which of course they rejected. DON’T WASTE MONEY WITH THIS TOUR- JUST MAKE THE ARRANGEMENTS YOURSELF! ,en-gb,1.00,,t,viator,,Sarita_E,"",,,,672,APPLICATION,2026-09-08 10:55:18.381703+05:30,,,f
PRFuuUqVvh9y,RS5MmfXpda95,2024-09-05 20:43:36+05:30,"Quem vem a Zamzibar tem de fazer esta excursão à Cidade da Pedra e à ilha da Prisão. Optamos por um guia em espanhol que foi extraordinariamente simpático, como todo o povo de Zanzibar. Não hesite. ",pt-pt,5.00,,t,viator,,IsabelCristina_R,"",,,,673,APPLICATION,2026-09-08 10:55:18.387076+05:30,,,f
PRFuuUqVvh9y,RSFy2NYA6kQ2,2024-08-02 08:00:51+05:30,"Of all my years traveling, this was the worst private tour I’ve ever taken. The guide was about 15-20 mins late even though our tour was supposed to start at 10am. I set it at 10 because it wasn’t too early. He walked at least a few yards in front of us the whole time and I felt he was just winging it. No badge. He wore flip flops. Was not professional at all. The boat ran out of gas on the way back from prison island. So, we had to hop on another boat that already had some guests in it. Then it dropped us off at the beach instead of a dry dock where we originally gotten picked up at. Because we had to jump off the boat at the beach, we all got our shoes wet then had to walk all the way back to the hotel with dirty, sandy, and wet feet. It was not a good experience.",en-gb,1.00,,t,viator,,nancy619,"",,,,674,APPLICATION,2026-09-08 10:55:18.392181+05:30,,,f
PRFuuUqVvh9y,RSjrdWGWZnVc,2024-05-19 18:13:42+05:30,Heel goede gids,nl,5.00,,t,,partner,Karla,be,,,,675,APPLICATION,2026-09-08 10:55:18.396943+05:30,,,f
PRFuuUqVvh9y,RSSXWYnQdpfJ,2024-04-10 07:41:44+05:30,"Great private tour! First part was small boat ride 20 minutes to Pridon Island. Achmec was our well versed guide. Irony is never used as prison. I’ll let him tell rest of the story. See the giant tortoise preserve including nursery! Next Stone Town…. With Said “the  teacher”. Phenomenal guide perfect English and his knowledge was that of a teacher. Took us to the sites including those inside off the main routes. The culture and history of the are was very interesting , well worth taking this tour.",en-gb,5.00,,t,viator,,Timothy_C,"",,,,676,APPLICATION,2026-09-08 10:55:18.401673+05:30,,,f
PRFuuUqVvh9y,RSfmFmHbuPM7,2023-09-10 22:06:43+05:30,We had a good time on the Prison Island and Stone Town tours. The transport pick up from and back to Nungwi was punctual and comfortable. Our Prison Island guide Abuu was friendly and provided a good experience in learning about the Island and spending time with the giant tortoises. Our Stone Town guide Said was exceptionally knowledgeable and accommodating. He is a passionate and great tour guide and we learned a lot about the intricate history of the city from him!,en-gb,5.00,,t,viator,,Thabani_D,"",,,,677,APPLICATION,2026-09-08 10:55:18.406125+05:30,,,f
PRG0KN072rRr,RS8hSRBn74hF,2026-08-06 22:12:32+05:30,"We had a fantastic experience and would highly recommend this tour. Our guide was a very pleasant person who made us feel welcome from the very beginning. He speaks excellent English, which made it easy to ask questions and have interesting conversations throughout the day. He shared a lot of fascinating information about the history of Zanzibar, its culture, and local traditions. You can really tell that he is passionate and knowledgeable. He also drove very carefully and calmly, so we felt safe and comfortable during the entire trip. The itinerary was perfectly organized. In a relatively short amount of time, we were able to see many of Zanzibar’s highlights without ever feeling rushed. It was a beautiful program and an excellent way to discover the island. Thank you for such a memorable experience!",en-gb,5.00,,t,,family,,,,,,678,APPLICATION,2026-09-08 10:55:18.410367+05:30,,,f
PRG0KN072rRr,RShRHhUrFUz0,2026-08-06 12:05:59+05:30,"Très bon moment, énormément de singes dans la forêt, la plage de Paje est magnifique avec pleins de restaurants pour déjeuner. Par contre il n’y a pas de tortue dans la grotte Kuza mais vous pouvez demander à votre guide d’aller à Salam cave pour quelques dollars",fr,5.00,,t,,family,,,,,,679,APPLICATION,2026-09-08 10:55:26.931749+05:30,,,f
PRG0KN072rRr,RSVRXUNiwZfM,2026-08-05 15:25:12+05:30,"James was an absolute standout tour guide! We were pretty exhausted from back to back safaris and activities and needed a rest day, so we requested to change our tour date. The team was super accommodating and made the change without any hassle. Communication via WhatsApp leading up to the day was fantastic, and they were right on time.

Since we just wanted a relaxing, easy-going vibe, we asked James if we could skip Jozani Forest, and he was completely accommodating. We ended up doing Kuza Cave, Paje Beach, and The Rock Restaurant, and it was just wonderful. If you''re looking for a smooth, flexible, and fun experience, I highly recommend booking with them and definitely ask for James!
",en-gb,5.00,,t,viator,,Yesenia_R,"",Thank you so much for rating and comment ,en,2026-08-06 06:12:26+05:30,680,APPLICATION,2026-09-08 10:55:26.944392+05:30,,,f
PRG0KN072rRr,RS4I4rTLYR1q,2026-07-22 17:25:34+05:30,"I had an amazing experience with my driver, Said. He was professional, positive, kind and pleasant. I loved every visit ",en-gb,5.00,,t,viator,,Priyanka_A,"",Thank you for sharing your experience with us ,en,2026-07-23 07:42:32+05:30,681,APPLICATION,2026-09-08 10:55:26.95048+05:30,,,f
PRG0KN072rRr,RSkvRCpXWkAF,2026-07-19 18:49:00+05:30,Özellikle rehberim Said’e çok teşekkür ediyorum her şey muhteşemdi,tr,5.00,,t,,alone,,,,,,682,APPLICATION,2026-09-08 10:55:26.955031+05:30,,,f
PRG0KN072rRr,RSDRc3WiZIoG,2026-07-18 18:25:16+05:30,"It was very good! Nice 😊 Good guide and good driver! Too bad it was low tide, but I was able to continue my tanning while walking in the water as far as the eye could see in Paje…",en-gb,5.00,,t,viator,,Serge_A,"",Merci ,en,2026-07-19 06:39:33+05:30,683,APPLICATION,2026-09-08 10:55:26.960846+05:30,,,f
PRG0KN072rRr,RSy5UFOXmtly,2026-07-07 08:00:37+05:30,The forest was a low intensity walk looking at flowers and fauna and then they took us to where monkeys were gathered. Plenty to see. Paje beach was beautiful. Had drinks there and then traveled to the Rock for a lovely lunch. The driver was on time and friendly. The distance to each area took longer than I expected. Roads are not great. This was a full day adventure. I would recommend to get a tarp of the island,en-gb,5.00,,t,viator,,Patricia_F,"",Thank you so much for rating and comment really appreciate ,en,2026-07-07 17:18:38+05:30,684,APPLICATION,2026-09-08 10:55:26.965605+05:30,,,f
PRgdJhhXie1u,RS6Nq95bQHsu,2025-12-19 17:48:52+05:30,"Amazing experience a must when you visit Zanzibar and great service from the tour operator.
Nakupenda is truly a paradise and stone town is unique ",en-gb,5.00,,t,viator,,Ioannis_C,"",,,,792,APPLICATION,2026-09-08 10:55:39.003961+05:30,,,f
PRG0KN072rRr,RSjt2PsMBwmi,2026-06-07 07:43:10+05:30,James was great.  He was personable and very patient.   The guide at the national forest was informative and passionate about the eco system. Bring a suit and towels and def swim in the cave.  ,en-gb,5.00,,t,viator,,Jennifer_C,"",Thank you for rating and comment.,en,2026-06-07 20:24:34+05:30,685,APPLICATION,2026-09-08 10:55:26.970112+05:30,,,f
PRG0KN072rRr,RSZYFCdqeK9u,2026-06-02 12:15:39+05:30,The tour went exactly as I wanted. The guide was helpful. The views were spectacular.,en-gb,5.00,,t,,alone,,,,,,686,APPLICATION,2026-09-08 10:55:26.976037+05:30,,,f
PRG0KN072rRr,RStOVRWRlGeu,2026-05-02 19:46:26+05:30,Very enjoyable full day loved seeing the cave the forest etc make sure you wear good footwear as the ground in the forest is very tricky ,en-gb,5.00,,t,viator,,dinah_s,"",Thank you so much for supporting us ,en,2026-05-03 07:53:10+05:30,687,APPLICATION,2026-09-08 10:55:27.000607+05:30,,,f
PRG0KN072rRr,RSSmqs5IrSte,2026-01-27 10:41:50+05:30,The forest was great to see the monkeys and learn about the trees. The mangrove was neat to wander through. Seeing the restaurant was so so. Water was out so I'm not sure if it made a difference. The steps to the Kuza cave was uneven but they did have bars and ropes to hold on to. The water at Peja Beach was so warm. Lovely to swim in.,en-us,5.00,1,t,,friends,Dawn,"",,,,688,APPLICATION,2026-09-08 10:55:27.005952+05:30,,,f
PRG0KN072rRr,RSrR9uFr5gC1,2026-01-19 16:01:24+05:30,"Day full of emotions and expectations. Close encounter with the blue monkeys immediately, just entered the Jozani Forest.   Sighting of some specimens of red monkeys (almost '"luck stroke'" for their shyness according to the local guide).
Feeling of silence / peace / relaxation in the mangrove area where at low tide you can also observe crabs.
The tour continues with a visit to Kuza Cave where as per local tradition you should emerge into the waters of the spring. '"Swimming takes away all pain... too bad the protruding rocks that could cause new pain on knees and elbows. The water is fresh. Surprising that it is drinkable.
Quick jump to see The Rock restaurant. We had not booked lunch, but it was also 11.30.
The tour ends at Paje beach - beautiful white beach that even at low tide gives you a sense of infinity, peace and relaxation. Used a lot for kate-surfing. On the waterfront for pretentious bars, restaurants and spas for all tastes (in almost all accept electronic payments).
The local guide has provided us with a lot of useful information for customs, customs, traditions of the people of Zanzibar.",en-gb,4.00,,t,viator,,Svilena_P,"",Grazie ,nl,2026-01-19 20:11:56+05:30,689,APPLICATION,2026-09-08 10:55:27.011823+05:30,,,f
PRG0KN072rRr,RSfNTQcT4BnO,2025-12-23 15:10:07+05:30,James was the best!  Great driver and was very willing to accommodate me as to time spent at each location. Jozani National Park was probably my favorite as we got to see many of the Red Colobus Monkey. The Kuza Cave was wonderful! Very nice to swim since it was so hot outside. The beaches were also lovely.  I appreciated how James spent just the right amount of time at each place.,en-gb,5.00,,t,viator,,Deborah_F,"",Thank you so much for taking your time to rate and comment.,en,2025-12-24 04:59:06+05:30,690,APPLICATION,2026-09-08 10:55:27.017573+05:30,,,f
PRG0KN072rRr,RSlvpgc0IlNc,2025-12-20 19:18:31+05:30,"I really enjoyed this excursion. Our tour guide was Abraham, a very knowledgeable and friendly guide. He is also fluent in English which made it very easy to communicate.",en-gb,5.00,,t,,family,Vimbai,zw,,,,691,APPLICATION,2026-09-08 10:55:27.023923+05:30,,,f
PRG0KN072rRr,RSeWIaydsBpZ,2025-12-17 13:06:34+05:30,"La nostra guida, Abdhul, è stata incredibile. Ha reso la nostra esperienza incredibile. Abdhul è il valore aggiunto dell''esperienza",it,5.00,,t,,partner,andrea,it,,,,692,APPLICATION,2026-09-08 10:55:27.037683+05:30,,,f
PRG0KN072rRr,RS0THPFg72Bj,2025-11-30 11:42:25+05:30,"Take some shoes for Kuza Cave as the rocks are sharp. 
Take some insect repellant for Jozani Forrest and know that the Rock restaurant is not really in the ocean. It is just surrounded by water during the high tide. We it was low tide when we were there so we just walked right up to it. ",en-gb,4.00,,t,viator,,Lauren_P,"",Thank you for sharing your experience with us.,en,2025-11-30 19:47:54+05:30,693,APPLICATION,2026-09-08 10:55:27.043986+05:30,,,f
PRG0KN072rRr,RSvaWLlZv2hM,2025-11-20 19:59:48+05:30,"I don''t think you can miss such an experience when you come here. We were lucky enough to have “SULLEMANI” as a companion which was something unique. Impressive attention for us all and a polite few. Recommended experience, I hope you have the same
Fortune",en-gb,5.00,,t,viator,,CLAUDIO_I,"",Grazie ,nl,2025-11-21 04:26:58+05:30,694,APPLICATION,2026-09-08 10:55:27.050834+05:30,,,f
PRG0KN072rRr,RSWFdCxYLJHW,2025-11-14 16:21:52+05:30,"Very nice day!
Beautiful places and discoveries.
Our guide was great. He spoke good French and we learned a lot. It was very interesting. 
We recommend!!!",en-gb,5.00,,t,viator,,SABINE_M,"",Merci ,it,2025-11-15 04:33:08+05:30,695,APPLICATION,2026-09-08 10:55:27.055654+05:30,,,f
PRG0KN072rRr,RSYkaUjHh2E2,2025-11-13 10:57:59+05:30,Guides were friendly and accomodative. Wonderful experience for all sites visited and great food at the Rock Cafe,en-us,5.00,,t,,family,Nonhlanhla Tryphine,QA,,,,696,APPLICATION,2026-09-08 10:55:27.060737+05:30,,,f
PRG0KN072rRr,RSP5pBuX3VjY,2025-10-26 20:24:08+05:30,"Excellent tour. I booked the tour for my friend and I. We were not expecting a private tour !!! James was amazing !! Funny, knowledgeable and doing everything to make sure we had a great day.",en-gb,5.00,,t,viator,,Lisa_R,"",Thank you for sharing your experience with us ,en,2025-10-27 05:27:44+05:30,697,APPLICATION,2026-09-08 10:55:27.083864+05:30,,,f
PRG0KN072rRr,RSQozAsSL5ax,2025-10-24 11:42:08+05:30,"Half of the activity involved driving, as our hotel is located in north part of Zanzibar. The Rock restaurant was beautiful and great seafood! Jozani forrest was out of a movie set - proper jungle and a lot amazing monkeys, mangroves where also fantastic. Kuza cave for a short stop was nice, Paje beach very crowded, worth to stop for a bit while the tide is low. Overall great trip, but would love to have more engaged guide, as Hasan was bit tired and tried to find some time inbetween to take a nap in the car :)",en-gb,4.00,,t,viator,,Marcis_G,"",Thank you for sharing your experience with usand supporting us.,en,2025-10-25 06:20:57+05:30,698,APPLICATION,2026-09-08 10:55:27.088222+05:30,,,f
PRG0KN072rRr,RSCfOrMGrw1E,2025-10-11 16:11:15+05:30,"We had a wonderful day today visiting Jozani forest, mangrove forest, Kuza cave, Paje beach and The Rick restaurant. Our guide (sorry didn’t get the name) was perfect. He was knowledgeable, telling us about Zanzibar history, also very kind and accommodating, kept asking whether we are ok and what we want to see next. The driver was also 5 star. Overall good experience and would recommend 100%.",en-gb,5.00,,t,viator,,Lidia_U,"",Thank you for supporting us,en,2025-10-12 06:41:44+05:30,699,APPLICATION,2026-09-08 10:55:27.092433+05:30,,,f
PRG0KN072rRr,RSKTT2eaMrcB,2025-10-10 10:54:02+05:30,"An amazing experience visiting Jozani Forest, The Rock Restaurant, Kuza Cave, and Paje Beach! Our tour guide was excellent knowledgeable, friendly, and very accommodating.
We loved learning about the red and blue monkeys, followed by stunning ocean views at The Rock Restaurant. Kuza Cave was a peaceful spot to swim in crystal-clear water, and Paje Beach offered the perfect relaxing end to the day with its white sand and turquoise sea.
A well-organised, unforgettable tour, highly recommended!",en-gb,5.00,,t,viator,,Yuchen_W,"",Thank you for supporting us ,en,2025-10-11 11:12:20+05:30,700,APPLICATION,2026-09-08 10:55:27.096349+05:30,,,f
PRlqORdWYOIw,RSsIiJgXctCy,2023-10-16 19:29:40+05:30,,,5.00,,f,,family,Jandira,mz,,,,1266,APPLICATION,2026-09-08 10:59:55.598221+05:30,,,f
PRG0KN072rRr,RSlsAcmp1vaM,2025-09-21 19:38:47+05:30,"James, my guide, was excellent! During the drive he pointed out different places and told me a bit about the culture. Since I was solo, he watched my belongings at the beach and was also good company. Highly recommend this tour and James!",en-gb,5.00,,t,viator,,Andria_P,"",Thank you so much for taking your time to rate and comment really appreciate ,en,2025-09-22 06:59:26+05:30,702,APPLICATION,2026-09-08 10:55:27.121249+05:30,,,f
PRG0KN072rRr,RSCWboLo2hHe,2025-09-17 22:06:34+05:30,"It was nice, worth to spend a day to see all four attractions.",en-gb,5.00,,t,,alone,Alireza,se,,,,703,APPLICATION,2026-09-08 10:55:27.125774+05:30,,,f
PRG0KN072rRr,RSNx79uHdVxH,2025-09-07 11:35:59+05:30,"Myself and my husband had a fantastic time on the Jozani Forest, Kuza Cave, Paje Beach and Rock restaurant trip.

Our guide and driver were already waiting for us at our meeting point when we got there. The private car was very nice and so comfortable. Our guide talked about Zanzibar and was so informative with every place that we visited, and very engaging. Although the itinerary had set times for each place, our guide asked if we preferred more time in one place and less time in another so that we had the right time for us in each place, which we loved. He also managed to find a big family of red Colobus Monkey’s as he knew their behaviours and where to look. 

The only downside for us was Kuza Cave. There were no changing rooms and the toilets were filthy. We were expected to change inside the cave in front of everyone else, which we were not comfortable with. The area inside the cave is very small, so you are on top of everyone. There are also insects in the water that bite so we didn’t spend long in the water. We feel it would be better for the company to choose a different cave like Malum cave, which is better set up for tourists. ",en-gb,5.00,,t,viator,,Diane_H,"",Thank you for sharing your experience ,en,2025-09-07 22:26:14+05:30,704,APPLICATION,2026-09-08 10:55:27.129612+05:30,,,f
PRG0KN072rRr,RSyOdDni5gVx,2025-08-12 07:51:02+05:30,It is a good excursion the discovery of the landscape is beautiful but it is a shame that lunch is not included.,en-gb,5.00,,t,viator,,SobiRachel_P,"",Merci,en,2025-08-12 19:42:25+05:30,705,APPLICATION,2026-09-08 10:55:27.161656+05:30,,,f
PRG0KN072rRr,RS0A6g8bSB4n,2025-07-22 15:05:02+05:30,We had the most amazing day with our guide James. Everything went smoothly and we will come back to Zanzibar just for this activity.,en-gb,5.00,1,t,,friends,Fortunate,za,,,,706,APPLICATION,2026-09-08 10:55:27.165952+05:30,,,f
PRG0KN072rRr,RSs0iy0UP7lQ,2025-07-12 03:50:00+05:30,Great communication and logistics. As soon as we booked Zan Dream Land contacted us and provided all important information about the day. Our guide was very knowledgeable and a great host.,en-gb,5.00,,t,,"friends,family",Maria Augusta,us,,,,707,APPLICATION,2026-09-08 10:55:27.169772+05:30,,,f
PRG0KN072rRr,RSkg2UKOM6SF,2025-07-05 11:00:52+05:30,"Great tour! Our guide did a great job finding the Red Colobus Monkeys and showing us around the mangroves. We were skeptical about Kuza cave but once we saw it and got in the water it erased any doubt. Water was absolutely lovely and they have a changing area prior to heading down. The cave does have some stairs but the final parts will require some careful footing to get into the water. Temp was warmer than the ocean and absolutely refreshing. Also ate at The Rock, great experience but you''ll need to make a reservation yourself separately.  Just let the guide and driver know, they made sure we got there with a few minutes to spare (we did 1400 to give us enough time with the forest, cave, and Paje). Paje Beach was okay for some quick pictures but if you don''t have lunch reservations at the Rock there looks like a number of options there but you''ll have to select/find something yourself. Our tour had a guide and driver so plan cash tips appropriately. ",en-gb,5.00,,t,viator,,Ed_T,"",We’re really grateful and appreciate you for taking the time to share your rating and comment with us.,en,2025-07-05 16:21:57+05:30,708,APPLICATION,2026-09-08 10:55:27.173488+05:30,,,f
PRG0KN072rRr,RSXN8vVwyCkf,2025-06-13 15:57:11+05:30,"Was a lovely day, beautiful attractions, and the guide , James was amazing, highly recommended",en-us,5.00,1,t,,partner,Kamal,ae,,,,709,APPLICATION,2026-09-08 10:55:27.177262+05:30,,,f
PRG0KN072rRr,RSeE32THAapF,2025-06-05 17:43:07+05:30,"I did a solo multi sight day trip with booking.com and Dreamlandtours ....it was great. James the driver/guide was friendly, helpful, knowledgeable and a great conversationalist. He picked me up from hotel and first stop was Jozani forest where another knowledgeable guide Sahib took me through the forest and mangroves where we saw both blue monkeys and brown colobus monkeys 🐒...then a trip to the Rock restuarant on Michamvi Pengwi beach....we didn''t have a meal but had a coffee at one of the beach hotels. Lovely setting, hot but white sand beach and blue sea. Then off to Kuza limestone cave with staligtites and a clear water pond at the bottom. Then to Paje beach for a look and a chat with the Massai vendors on the beach watching the kite surfing....Great day...highly recommended....a big thank you to James.",en-gb,5.00,1,t,,alone,joseph,gb,,,,710,APPLICATION,2026-09-08 10:55:27.181674+05:30,,,f
PRG0KN072rRr,RSnQLEWYD1VZ,2025-05-30 23:44:06+05:30,"Our driver James was the perfect host, he was on time, pointed out things of interest on the way, answered our multitude of questions with ease. Nothing was too much and we had a wonderful time. This is a very good trip, considering we went to see the Mangroves too, the swim in the underground cave and Paje Beach, brilliant, also got to see the Colombus monkey in his natural habitat. Excellent trip, would highly recommend it. Big thank you to our driver James 😊",en-us,5.00,1,t,,friends,Primrose,gb,,,,711,APPLICATION,2026-09-08 10:55:27.199217+05:30,,,f
PRG0KN072rRr,RSPNwKpkkVBc,2025-05-09 11:50:03+05:30,"This was one of the best days. We have traveled the world extensively but the human touch as you can see from the photo attached was exemplary. The tour operator hired two of the best that we have ever encountered. Our guide Yahya was humble, helpful, knowledgeable and very kind. Our driver Yakub was patient and careful.
Both Yahya and Yakub made the difference!
I have a walking disability and Yahya immediately carried me to the boat wading through the high tide to the boat. Now that’s human!",en-gb,5.00,,t,viator,,Raveen_A,"",We’re really grateful and appreciate you for taking the time to share your rating and comment with us.,en,2025-05-10 17:28:43+05:30,712,APPLICATION,2026-09-08 10:55:27.203723+05:30,,,f
PRG0KN072rRr,RShy5W9vJoa2,2025-04-25 18:16:52+05:30,"I really liked this trip, the rock restaurant and beach were very nice. My favorite place out of all of them was the cave with the water at super nice temperature. This was a very good tour to get a feeling for other nice areas of the island. At the end we all sang Jambo Bwana with Hassan on the way back to the hotel!",en-us,5.00,1,t,,family,Juan Carlos,us,,,,713,APPLICATION,2026-09-08 10:55:27.20779+05:30,,,f
PRG0KN072rRr,RStlnd89HxEJ,2025-03-20 11:03:14+05:30,"Be camera ready for the monkeys. If you’re lucky they will be still. Loved the Forest, loved the monkeys, the mangrove forest was interesting, the rock restaurant is a must see. ",en-gb,5.00,2,t,viator,,Sharon_G,"",We’re really grateful and appreciate you for taking the time to share your rating and comment with us.,en,2025-03-21 11:31:48+05:30,714,APPLICATION,2026-09-08 10:55:27.211689+05:30,,,f
PRG0KN072rRr,RSrXMh2Kn5PV,2025-03-07 15:58:20+05:30,Effectivement c'est un site à visiter et il est nécessaire de l'explorer tant as que l'on ne voit pas les singes rouges !!! Et j'ai découvert avec un grand plaisir kuza cave. Je me suis régalée !!!,fr,4.00,,t,,alone,Annicette,yt,,,,715,APPLICATION,2026-09-08 10:55:27.215262+05:30,,,f
PRG0KN072rRr,RSQ0pOX9BouC,2025-02-27 18:34:31+05:30,"I had a great day on this trip and I would highly recommend to anyone visiting Zanzibar. My guide collected me from the hotel, albeit slightly earlier than expected. Jozani Forest is a must if you want to see the Colobus Monkey. I’d recommend good footwear - I wore hiking boots however there were others in flip flops which weren’t suitable for the terrain. I made a reservation for The Rock restaurant for 2pm which slotted in nicely with the itinerary. The trip to the cave and Paje beach were also enjoyable. 10/10 day! ",en-gb,5.00,2,t,viator,,Kieran_H,"",We’re really grateful and appreciate you for taking the time to share your rating and comment with us,en,2025-02-28 05:39:28+05:30,716,APPLICATION,2026-09-08 10:55:27.219034+05:30,,,f
PRG0KN072rRr,RSvj9XZABAEa,2025-02-17 20:18:16+05:30,"Our guide Jimmy was amazing! He was very helpful and answered all of our many questions. Our guide at Jozani Forest was also very good, giving us good information about the forest and monkeys. It was a very nice day.",en-us,4.00,1,t,,partner,Laurie,"",,,,717,APPLICATION,2026-09-08 10:55:27.223497+05:30,,,f
PRG0KN072rRr,RSmEHzS5RPqr,2025-02-04 05:54:52+05:30,"I spent one day with James who was very friendly, helpful and informative.  Paje Beach and the Rock are beautiful,  and the cave is very interesting and unique. Jozani Forest is a little bit disappointing because of the crowd.",en-gb,4.00,1,t,viator,,Karoly_K,"",We’re really grateful and appreciate you for taking the time to share your rating and comment with us,en,2025-02-04 11:09:21+05:30,718,APPLICATION,2026-09-08 10:55:27.227676+05:30,,,f
PRG0KN072rRr,RSGrRbjcDbnK,2025-02-03 18:04:13+05:30,"Ho viaggisto da sola con la guida Assante parlante italiano e con un Taxi privato. Ottimo servizio, puntualità e preziosa la guida molto disponibile. Le scimmie alla foresta Jozani valgono la pena, la spiaggia di Paje suggestiva con i kitesurf",it,5.00,1,t,,alone,Wilma,it,,,,719,APPLICATION,2026-09-08 10:55:27.231976+05:30,,,f
PRG0KN072rRr,RSpz8i6gpEmc,2025-01-10 15:17:30+05:30,"Privé chauffeur die ons de gehele dag van de ene naar de andere activiteit bracht. The Rock restaurant begonnen deze viel wat tegen ten opzichte van de foto’s die we hadden gezien. Jozani Forest was echt geweldig,flora en fauna met privé gids. Vele aapjes gezien en gefotografeerd. Er werd ruim de tijd voor genomen. Daarna naar de mangrove’s wat ook gaaf was. De grot was mooi om in te zwemmen. Afsluitend naar Paje waar we naar het strand werden gereden om een lunch te nuttigen.",nl,5.00,2,t,,partner,Ed,nl,,,,720,APPLICATION,2026-09-08 10:55:27.239716+05:30,,,f
PRG0KN072rRr,RSciJgsi51Ki,2025-01-02 21:30:15+05:30,"Sollte man sich mal anschauen, aber ich würde es nicht nochmals machen. Durch hohe Nachfrage ist natürlich der Preis dementsprechend. Es ist definitiv zu teuer. Essen fanden wir jetzt auch nicht hammermässig. ",de,4.00,1,t,viator,,Peggy_D,"",Thank you so much for taking your time for sharing your experience about us really appreciate ,en,2025-01-03 05:01:56+05:30,721,APPLICATION,2026-09-08 10:55:27.24421+05:30,,,f
PRG0KN072rRr,RSraEIjbpgPa,2024-12-23 22:43:13+05:30,Très belle excursion avec un guide au top parfaitement francophone,fr,5.00,,t,,partner,SYLVIE,fr,,,,722,APPLICATION,2026-09-08 10:55:27.248608+05:30,,,f
PRG0KN072rRr,RSfMt2ilj35b,2024-12-11 11:00:04+05:30,"The tour driver guide was the best. He was very fluent in English and he was very friendly the entire tour. I got the best tour guide in Jozani forest. Kuza cave is amazing you will love it. The rock restaurant is beautiful and has a good spot for pictures, However I’d advice you to have lunch in Paje beach as there are a lot of lovely and beautiful restaurants there. The whole trip was amazing and I took a lot of amazing pictures from these spots.",en-gb,5.00,1,t,,alone,Vongani Neto,za,,,,723,APPLICATION,2026-09-08 10:55:27.252392+05:30,,,f
PRG0KN072rRr,RSETu1zjkL7u,2024-12-09 12:35:31+05:30,Escursione molto bella la nostra guida in italiano molto competente professionale e simpatica parla un italiano perfetto autista cauto ha guidato molto bene Abbiamo avuto a disposizione auto privata pulita e nuova..molto bravi Escursione favolosa grazie..,it,5.00,1,t,,partner,Claudio,it,,,,724,APPLICATION,2026-09-08 10:55:27.256012+05:30,,,f
PRG0KN072rRr,RSC7bBTWOes0,2024-11-30 12:41:24+05:30,L ´équipe ( guide et chauffeur) a été formidable : le guide Abrar parle très bien le français et prend plaisir à nous faire découvrir son île et le chauffeur SaId est très prévenant L excursion mérite le détour avec la découverte de la mangrove après l’observation des singes en forêt avant la merveilleuse plage de Paje pour terminer par un déjeuner plus que parfait à The Rock ! 😍,fr,5.00,,t,,family,Lucie,"",,,,725,APPLICATION,2026-09-08 10:55:27.259707+05:30,,,f
PRG0KN072rRr,RStPGgp7KAbM,2024-11-14 00:41:11+05:30,This was a really nice experience. My husband and I enjoyed the views. We ate at the Rock restaurant which was good. ,en-gb,5.00,,t,viator,,Remy_G,"",We’re really grateful and appreciate you for taking the time to share your rating and comment with us.,en,2024-11-15 08:44:57+05:30,726,APPLICATION,2026-09-08 10:55:27.264679+05:30,,,f
PRG0KN072rRr,RSl6SJ23zIHQ,2024-11-13 16:27:10+05:30,"It was a good experience. The driver was pleasant, on time and safe. We spent a very short period in the forest.",en-gb,4.00,,t,,friends,,,,,,727,APPLICATION,2026-09-08 10:55:27.269028+05:30,,,f
PRG0KN072rRr,RSHHeJImsZKI,2024-11-03 07:00:27+05:30,"First : about this tour.
The driving 🚦 
The driving was really bad
Although this is not my first long ride in Zanzibar so I know some roads aren''t that good
But the driver was really bad that we suffered all the time that we were in the road, which caused us a headache.
The police stopped us because he was speeding.

Jozani forest:
We saw monkeys and the tour was amazing and the guide were able to explain all the details about the forest for us.

Kuza cave:
The place is not worth visiting, and the guide left us there and said once you are done come back to the car! 
I also asked for a lifejacket but he didn''t care much! 
He also didn''t explained anything for us regarding the cave.

Paje beach:
The beach was nice.
I hated the fact that the driver just dropped us there and said “once you are done come back to the car” it was really a bad experience, he didn’t give us any information about anything! Literally anything! 
He didn’t guide us to the lockers or a good restaurants there.
Even when we asked he didn’t know! 

Same thing goes to the Rock
He didn’t have any knowledge about it.

Overall: we didn’t feel really save or taken care of in this ride, I don’t recommend it.

Second: the destinations
About the destination: I would recommend the rock and Jozani Forest.🌳",en-gb,1.00,1,t,viator,,Mariam_Y,"","Thank you so much for your experience, but at the same its not true and you lie for what you said, I think that is your own behaviour and you didn''t appreciate for what we did for you, by evidence in this tour normally it start at 8:30am morning and we come at hotel in right time but you was late for 1 hour and 27 minutes, ( 9:47am ) and still we wait for for you without leaving, second issue that you made for us is at the rock restaurant you made a reservation at 14:00pm and normally the time interval to seat there its 2 hours but you stay at the restaurant for 3 hour and half, still we wait for you, we reach at the rock 13:30pm earlier before 14pm but you stay till 17:23pm. And we didn''t complain, about driving most the time we use the same driver and all the client they appreciate since we started the company its the same driver who has good experience in driving and its not true if he stop with police because of speed, its normally for our police to stop the car in zanzibar if someone has problems or not. So that is your own personal interest but to be honest everything was went fine, but you are the one that made us headache because you was late for everything, who need to be complain its you or us?",en,2024-11-04 04:59:57+05:30,728,APPLICATION,2026-09-08 10:55:27.273184+05:30,,,f
PRG0KN072rRr,RSB9d0CDQBhY,2024-10-26 17:18:39+05:30,"Very punctual and well organized. The trip was a private tour, so it’s very flexible to spend more time here and less time there depending on my preference. 
Every place I visited was so beautiful and memorable. ",en-gb,5.00,1,t,viator,,Rena_Y,"",We’re really grateful and appreciate you for taking the time to share your rating and comment with us,en,2024-10-27 04:53:58+05:30,729,APPLICATION,2026-09-08 10:55:27.277539+05:30,,,f
PRMjkaAslWNW,RSJWgi9RpSzO,2025-09-12 09:44:13+05:30,,,5.00,,f,,partner,,,,,,1288,APPLICATION,2026-09-08 11:00:20.5538+05:30,,,f
PRG0KN072rRr,RSWodOblVYRF,2024-10-22 21:42:28+05:30,Food was delicious with the excellent service they provided! The view was outstanding! Will recommend to anyone ,en-gb,5.00,1,t,viator,,XiomaraGamezMoreno,"",We’re really grateful and appreciate you for taking the time to share your rating and comment with us,en,2024-10-23 05:39:44+05:30,730,APPLICATION,2026-09-08 10:55:27.282178+05:30,,,f
PRG0KN072rRr,RSmeKxqrDuyx,2024-10-22 20:03:56+05:30,"Jozani Forest walk with onsite guide was very informative. It was so hot that the swim in Kuza cave with onsite guide was very refreshing, rough rocks so good to wear shoes. Driver dropped us off at Paje beach, lovely to walk long way out on low tide but don’t linger out there as the tide comes in very fast. Dropped off at The Rock restaurant which was amazing to see. 
Our driver was very safe and courteous but was not a guide. Take money to tip the guides at Jozani and Kuza. ",en-gb,4.00,,t,viator,,Kaylene_G,"",We’re really grateful and appreciate you for taking the time to share your rating and comment with us,en,2024-10-23 05:40:57+05:30,731,APPLICATION,2026-09-08 10:55:27.286888+05:30,,,f
PRG0KN072rRr,RSFjL1OIvdY3,2024-10-22 05:20:27+05:30,Die Kuza Höhle war sehr schön. Der Tourguide für den Jozani Wald war motiviert und wusste viele spannende Fakten.,de,4.00,,t,viator,,jnkn5gtthq,"","Thank you for sharing your experience about us, really appreciate.",en,2024-10-22 14:23:27+05:30,732,APPLICATION,2026-09-08 10:55:27.291253+05:30,,,f
PRG0KN072rRr,RSfugWNna8xN,2024-10-16 17:52:39+05:30,"My husband and I really enjoyed this excursion! Our driver was amazing. The tour of Jozani Forest was incredible and our guide was really knowledgeable, you can tell all the staff enjoy their jobs. 

We didn’t spend much time at Kuza Cave, but learning the history behind the cave was very interesting. The steps one cave are really steep, almost scary. But once you’re in the water, it’s so refreshing. My husband was even able to play with the drummers at Kuza Cave. 

We only stayed at Paje Beach for about 10 minutes, but I would have loved to see more of it. There were a few interesting restaurants and many vendors selling locally made items. The water was nice and blue too, such a lovely sight! 

Our last stop was at The Rock restaurant. There was the option to make reservations days before the excursion to eat at the restaurant, or simply enjoy drinks and take in the amazing views. We opted to make reservations and had two amazing dishes! The price for so much food was ridiculously inexpensive! 

I highly recommend this excursion, you will not be disappointed!
",en-gb,5.00,,t,viator,,Deanna_S,"",We’re really grateful and appreciate you for taking the time to share your rating and comment with us,en,2024-10-17 07:03:58+05:30,733,APPLICATION,2026-09-08 10:55:27.295168+05:30,,,f
PRG0KN072rRr,RSuCA8lVmNO2,2024-10-14 12:12:22+05:30,James was an excellent driver and guide. He took me all over the island and showed me some of the amazing parts of Zanzibar that some don't explore. He was a great driver and ensured that I was comfortable at all times. ,en-gb,5.00,,t,viator,,Arthur_S,"",We’re really grateful and appreciate you for taking the time to share your rating and comment with us,en,2024-10-15 06:37:36+05:30,734,APPLICATION,2026-09-08 10:55:27.29918+05:30,,,f
PRG0KN072rRr,RSaKFaYNRyLd,2024-10-09 09:29:23+05:30,"I specifically selected this Zan Dreamland Tours tour prior to arriving, as I had only a short stay in Stone Town / Zanzibar. James, my driver and guide for the 8 hour tour, went way above and beyond to ensure that I had a great experience, especially given I was a solo female traveller. Throughout the day, James shared his knowledge and passion for all things Zanzibar and Tanzania. At the Monkey Forest, James handed my “tour” over the to the parks formal guides and I joined a number of other people of a tour that was able to sight both red and blue monkeys as well as an elephant shrew. I must admit, our forest tour guide was very serious and of few words, but it was a good experience. James and I arrived at Kuza Cave, surprisingly to no tourist or other locals in attendance, We were blessed to have 45 minutes without any other visitors. Kuza Cave is truly magical, a hidden gem down a small entrance. One arrival at Paje Beach, I was stunned at the absolute beauty of the view, the water really is that blue and the sands are that white. James provide information on the local beach bios and general information of the area that is Paje Beach. I was able to have some time to walk along the beach prior to lunch. My preference was to eat local, and James was able to take me to a fabulous local diner, where I was kindly and warmly welcomed. Our final destination, the Rock did not disappoint. A genuine five star review. At no time did I feel rushed, in fact James reminded me on a few occasions to pole pole. I had booked other tours prior to arrival, and one of these I wished I had use James and Zan Dreamland Tours. James mentioned that this a relatively new company and I would highly recommend joining one of their tours!",en-gb,5.00,,t,,alone,Melissa,au,,,,735,APPLICATION,2026-09-08 10:55:27.303689+05:30,,,f
PRG0KN072rRr,RSDYwkeqPtL2,2024-10-05 03:38:41+05:30,"This is a great tour, mainly with the combination of activities is a good mix and not too far away from each other. Because it’s private, you also have a lot of freedom with the driver on when to go/leave individual places which is great. Make sure you book at the rock restaurant separately if you want to eat there and tell the driver your booking time. Also make sure to bring shoes suitable for bush walking (jozani forest) and beaches (rock/ paje). ",en-gb,5.00,,t,viator,,Sebastian_F,"",Thank you so much for taking your time to rate us and comment. Much appreciate,en,2024-10-05 14:39:49+05:30,736,APPLICATION,2026-09-08 10:55:27.308415+05:30,,,f
PRG0KN072rRr,RS7ycK5Ahqqo,2024-10-02 19:52:38+05:30,Me and my friend love this trip. Our driver was very patient and gave us a lot of time on each destination. I highly recommend this trip to everyone visiting Zanzibar.,en-gb,5.00,,t,,friends,Daniel Reoveros,no,,,,737,APPLICATION,2026-09-08 10:55:27.313051+05:30,,,f
PRG0KN072rRr,RSPfJ00M3tuv,2024-09-29 19:41:35+05:30,Kuza cave was my favorite. There was only 2 other people and it was beautiful. I recommend eating in Paje instead of the Rock. Paje was very cute. ,en-gb,4.00,,t,viator,,Kris_B,"",Thank you so much for taking your   time to rate us and comment. Much appreciate ,en,2024-10-01 07:13:38+05:30,738,APPLICATION,2026-09-08 10:55:27.316957+05:30,,,f
PRG0KN072rRr,RSfIHGvqE2Z3,2024-09-25 09:22:31+05:30,Experience was good. Guides excellent. Make sure you wear trainers for rainforest and Kuza cave as very rocky and uneven. Paje beach and Tge Tock stunning,en-gb,4.00,,t,,family,Wendy,gb,,,,739,APPLICATION,2026-09-08 10:55:27.322191+05:30,,,f
PRG0KN072rRr,RSRJWiMV7A58,2024-09-19 08:42:21+05:30,Being able to see a few different places while being based in Stone Town was great. My guide Jumon (hope i spelled his name correctly) was great! Knowledgeable and patient with this traveler. Would recommend ,en-gb,5.00,,t,viator,,suzanne_m,"",We’re really grateful and appreciate you for taking the time to share your rating and comment with us.”,en,2024-09-19 17:16:11+05:30,740,APPLICATION,2026-09-08 10:55:27.326741+05:30,,,f
PRG0KN072rRr,RSXEMtIqwkcE,2024-05-15 04:43:37+05:30,This was a lovely experience despite the rains Mr Hasan was very friendly and being a solo traveler mr Hasan was great company he was very patient and at no point did I feel rushed. I definitely would recommend,en-us,5.00,,t,,alone,Mudenda,"",,,,756,APPLICATION,2026-09-08 10:55:27.394905+05:30,,,f
PRG0KN072rRr,RSnoyuKQVcRB,2024-04-08 19:31:24+05:30,"I can recommend that tour. It was a very nice day without any hussle. The driver was also my guide he was very friendly, calm and relaxed. We had a nice day and even the short rain could''nt change that :)",en-gb,5.00,,t,,alone,Sarah,de,,,,757,APPLICATION,2026-09-08 10:55:27.399551+05:30,,,f
PRG0KN072rRr,RSHDNIgOKpeP,2024-09-16 16:43:30+05:30,"Excellente excursion et parfaitement organisée. Récupération a l’hôtel a l’heure prévue et départ pour les visites prévues au programme :
- La forêt de Jozani qui vaut le détour avec la présence de nombreux singes
- Une grotte où il est possible de se baigner
- La plage de Paje, qui est très belle et où il est également possible de se baigner
- Pour finir : le restaurant The Rock qui est magnifique. Si vous souhaitez y déjeuner, pensez à réserver une table sur le site du restaurant a 14h (ça vaut le coup !).

En synthèse : super journée et excursion parfaitement organisée avec un guide francophone. Je recommande !",fr,5.00,1,t,viator,,Yves_D,"",,,,741,APPLICATION,2026-09-08 10:55:27.330603+05:30,,,f
PRG0KN072rRr,RST8pUaqW6iv,2024-08-26 22:22:30+05:30,Everything was great. It was good to get off the resort and see more of Zanzibar. Our tour guide was extremely knowledgeable. I didn't realize the forest was walking through wet ground and rocks so maybe in the description to add to wear sneakers or tennis shoes. ,en-gb,5.00,1,t,viator,,Dorissa_P,"",,,,742,APPLICATION,2026-09-08 10:55:27.334634+05:30,,,f
PRG0KN072rRr,RShvxjmdLMoU,2024-08-24 10:51:36+05:30,"We really enjoyed our day. Zan Dreamland Tours were excellent. We had good communication from Ismail and our driver, Sultan was great. Jozani Forest was delightful, with a knowledgeable guide informing us about the monkeys and then the Mangroves. We loved Kuza Cave and swam there, getting some awesome pics , followed by a relaxed lunch at Paje Beach and then a visit to The Rock to take photos. We felt the day was well balanced and very glad we did the Tour. We will definitely use Zan Dreamland Tours again and in fact used them to take us to the airport .",en-gb,5.00,,t,,partner,Jennifer,za,,,,743,APPLICATION,2026-09-08 10:55:27.338365+05:30,,,f
PRG0KN072rRr,RSnQosUpeQkY,2024-08-15 15:29:23+05:30,We enjoyed the trip. Both the guide and driver were good' amiable and very pleasant,en-gb,5.00,1,t,,partner,Steve,zw,,,,744,APPLICATION,2026-09-08 10:55:27.342777+05:30,,,f
PRG0KN072rRr,RSjSuj404OLR,2024-08-11 09:23:35+05:30,Seeing the Zanzibar Red Colobus Monkeys alone was worth the trip - we were able to get so close to them and take so many photos and videos!,en-gb,5.00,,t,,alone,Danny,ca,,,,745,APPLICATION,2026-09-08 10:55:27.347179+05:30,,,f
PRG0KN072rRr,RSfr9gp8qCed,2024-08-08 12:56:20+05:30,Enjoyed this trip for most part. Our guide Juma was very friendly and helpful. We were first taken to the forest. There we were handed over to a local guide from the centre. He was knowledgeable but he at times seemed more interested in his mobile phone than showing us around. Juma next took us to Kuza cave. This was nice and we swam in it briefly. It’s definitely not one for those with mobility issues as the steps down are rocky and steep. There is a cultural centre there too which was enjoyable. Paje beach was very nice and probably the highlight for me. Beautiful beach. We visited the rock restaurant but because we hadn’t known the itinerary for the day and times we had not booked to eat. It was interesting to see but possibly not worth the drive out. Overall a nice trip to see different places on the island.,en-gb,3.00,,t,,family,Ann,gb,,,,746,APPLICATION,2026-09-08 10:55:27.351144+05:30,,,f
PRG0KN072rRr,RShfeBFLwOoH,2024-08-06 14:11:49+05:30,"This was the best tour we did while we stayed in Zanzibar. Our guide gave us enough time to visit each place and to enjoy a lovely lunch at Paje beach. For those of you who are wondering if you should have lunch at Paje beach or at the Rock Restaurant, chose Paje beach- you have a lot of options. The Rock Restaurant is great for photos. In general, this was definitely worth it. We enjoyed it very much.",en-gb,5.00,,t,,"friends,family",Maria,cz,,,,747,APPLICATION,2026-09-08 10:55:27.355129+05:30,,,f
PRG0KN072rRr,RSnSzvRr06JS,2024-07-09 16:59:43+05:30,I am so happy we ended up booking this trip! We loved it! Everything actually exceeded our expectations from the monkeys right through to the Rock restaurant. Highly recommend!,en-gb,5.00,,t,,friends,De Beer,"",,,,748,APPLICATION,2026-09-08 10:55:27.358796+05:30,,,f
PRG0KN072rRr,RSQz1oX5T1Uf,2024-07-05 19:49:33+05:30,This tour is a great way to see many of the highlights of the island.  My favorite part was seeing the Red Colobus monkeys.  You can see them so close up and we saw some babies too.  Paje beach was also beautiful.  ,en-gb,5.00,,t,viator,,Julie_M,"",,,,749,APPLICATION,2026-09-08 10:55:27.36413+05:30,,,f
PRG0KN072rRr,RSS286je24vY,2024-07-03 00:14:52+05:30,For us Paje beach was the best. Absolutely stunning! We travelled with Zan Dreamland tours nothing a problem. Very courteous driver. Kuza cave is down a bumpy dirt track and the cave itself isn’t accessible for wheelchair users. There was a group of guys who sang a couple of songs which made our day. Really good! If in Zanzibar go to Paje Beach amazing !,en-gb,5.00,,t,,family,Elizabeth,tz,,,,750,APPLICATION,2026-09-08 10:55:27.368861+05:30,,,f
PRG0KN072rRr,RSnXo4TXyATc,2024-07-02 07:40:34+05:30,"Very packed amazing day. Our driver and guide were friendly, knowledgeable, patient and very kind. Must recommend ",en-gb,5.00,,t,viator,,Marc_S,"",,,,751,APPLICATION,2026-09-08 10:55:27.372985+05:30,,,f
PRG0KN072rRr,RSQHunHF8tqY,2024-06-28 08:05:39+05:30,"We wanted to book a tour where we could see many things in one day. This trip did not disappoint!
 Jozani Forest was an amazing experience and the monkeys are adorable, swimming in Kuza Cave was so refreshing and therapeutic, we even had the whole place to our self! 
The beaches that you visit are beautiful with the whitest sand and bluest waters, it was a highlight of our honeymoon.
Our driver arrived on time and drove very carefully on some of the less maintained roads, we felt very safe. He showed us some of the rice and sugar cane fields which we weren’t expecting so that was a nice bonus. The vehicle was air conditioned and in great condition.would definitely recommend booking with this company! ",en-gb,5.00,,t,viator,,Amy_A,"",,,,752,APPLICATION,2026-09-08 10:55:27.377145+05:30,,,f
PRG0KN072rRr,RSf2vXEtKnT4,2024-06-25 08:27:46+05:30,Très belle visite qui nous permet de voir les sites à faire tout en étant accompagné d’un bon guide. ,fr,4.00,,t,viator,,Ass_K,"",,,,753,APPLICATION,2026-09-08 10:55:27.38123+05:30,,,f
PRG0KN072rRr,RSvFnaGUDW0r,2024-06-24 18:09:03+05:30,"We were picked up on time at our resort by the driver. Our visit to the Jozani Forest was fun and educational. We were able to spend some time up close with the monkeys. The Kuza Cave visit was underwhelming, but we still enjoyed it as part of the package. Paje Beach is fantastic, with spectacular views and water. Be prepared, as with any place in Zanzibar, you may be '"harassed'" by vendors, but if you can ignore them, you will be fine. Our visit to The Rock Restaurant was brief, as we only wanted to take the quintessential picture in front of it. All the visits were as described. Great value!",en-gb,4.00,,t,viator,,Lori_G,"",,,,754,APPLICATION,2026-09-08 10:55:27.386034+05:30,,,f
PRG0KN072rRr,RSI3nSrvryEm,2024-06-16 18:36:14+05:30,"Great combo tour! They reached out to me the day before to confirm the pick up time and place and the driver Said was right on time at 8:30am to pick me up. I enjoyed every stop of this tour. My only recommendation for them is to have detail of recommended item that you will need for this tour on the voucher such as mosquito spray, sun screen, swim wear, change of clothes, and link to the reservation for those who want to eat at the rock restaurant. I still enjoyed myself and would totally recommend this tour.",en-gb,5.00,,t,viator,,Aline_D,"",,,,755,APPLICATION,2026-09-08 10:55:27.390781+05:30,,,f
PRPzk7fAmt8i,RS2NdUAF9eYk,2025-01-12 16:37:41+05:30,,,5.00,,f,,family,Sone,za,,,,1424,APPLICATION,2026-09-08 11:02:21.023936+05:30,,,f
PRG0KN072rRr,RSjFKEYYgwnf,2024-03-29 07:08:53+05:30,"My guide was excellent. He was on time, super friendly, drive safely and everything went perfectly. I had one of my best days of my entire trip. I highly recommend booking this tour. Five stars. ",en-gb,5.00,,t,viator,,Auset_P,"",,,,758,APPLICATION,2026-09-08 10:55:27.403889+05:30,,,f
PRG0KN072rRr,RSIhcrGGYrSF,2024-03-06 17:28:42+05:30,Very good experience. Suliman speak very well Italian language. Bravo suliman .  Jazani forest was very good,en-gb,5.00,,t,viator,,nausica_r,"",,,,759,APPLICATION,2026-09-08 10:55:27.416956+05:30,,,f
PRG0KN072rRr,RSSTYJfgpd2p,2024-01-17 16:02:52+05:30,"Die Guide‘s waren alle sehr nett, hatte deutsch gebucht leider konnte nur der Guide im Jozani Forest deutsch. Er hat auch viel erzählt und sich Mühe gegeben das wir die roten Affen sehen. Getränke wurden leider nicht wie gebucht angeboten. ",de,4.00,,t,viator,,Peggy,"",,,,760,APPLICATION,2026-09-08 10:55:27.421075+05:30,,,f
PRG0KN072rRr,RSIAU43Oiu8U,2023-11-29 16:31:12+05:30,"Firstly this was good value for money. When one is limited on time these combo deals are just brilliant. Individually the cost is so much higher. Every step of the tour was well planned. Driver arrived on time. Tour guide really experienced, patient and very well mannered. Took time to answer all questions and made sure even our personal needs were met. Like stopping to buy some fruit.
We expected to see more than monkeys in the forest, but perhaps it wasnt our day. the mangrove forests were too intriguing. Enjoyed the teak wood trees as well.
Kuza cave. the guide at Kuza cave was a bit arrogant when asked a question.  But the cave itself is extremely beautiful.   The rock restaurant is rare. Small and quaint and very cosy inside.
Great food. 
Paje beach was really inviting and beautiful. sand was so fine. didn''t see that before",en-gb,5.00,1,t,viator,,Val,"",,,,761,APPLICATION,2026-09-08 10:55:27.42578+05:30,,,f
PRG0KN072rRr,RSfvO7sO2dSb,2026-06-12 18:53:49+05:30,,,5.00,,f,,,,,,,,762,APPLICATION,2026-09-08 10:55:27.43015+05:30,,,f
PRG0KN072rRr,RS6TZDdMntCQ,2026-02-09 19:50:24+05:30,,,5.00,,f,,,,,,,,763,APPLICATION,2026-09-08 10:55:27.434512+05:30,,,f
PRG0KN072rRr,RSLI6Rv9q09U,2026-02-07 23:35:07+05:30,,,5.00,,f,,partner,Mohamed,fr,,,,764,APPLICATION,2026-09-08 10:55:27.438649+05:30,,,f
PRG0KN072rRr,RSXjMVN6RWDL,2025-11-28 22:53:49+05:30,,,5.00,,f,,alone,,,,,,765,APPLICATION,2026-09-08 10:55:27.442902+05:30,,,f
PRG0KN072rRr,RStBCixVaBzf,2025-11-08 17:45:35+05:30,,,1.00,,f,,,,,,,,766,APPLICATION,2026-09-08 10:55:27.44762+05:30,,,f
PRG0KN072rRr,RSJd0tY9civ1,2025-09-20 19:32:38+05:30,,,5.00,,f,,family,,,,,,767,APPLICATION,2026-09-08 10:55:27.451964+05:30,,,f
PRG0KN072rRr,RS3J5ea5z3Io,2025-08-23 09:27:33+05:30,,,5.00,,f,,partner,Félix,fr,,,,768,APPLICATION,2026-09-08 10:55:27.456095+05:30,,,f
PRG0KN072rRr,RStM2CYvsF53,2025-08-16 11:05:00+05:30,,,4.00,,f,,friends,Marthe,fr,,,,769,APPLICATION,2026-09-08 10:55:27.460217+05:30,,,f
PRG0KN072rRr,RSf92QKP7qTL,2025-02-25 16:08:05+05:30,,,5.00,,f,,family,marialuisa,it,,,,770,APPLICATION,2026-09-08 10:55:27.464717+05:30,,,f
PRG0KN072rRr,RSKMYp9CxCGC,2025-02-09 13:25:43+05:30,,,4.00,,f,,,,,,,,771,APPLICATION,2026-09-08 10:55:27.469082+05:30,,,f
PRG0KN072rRr,RSOHbNx0g3HA,2025-01-29 18:15:18+05:30,,,5.00,,f,,alone,Nikolaos,gr,,,,772,APPLICATION,2026-09-08 10:55:27.473794+05:30,,,f
PRG0KN072rRr,RSO4PDkqPsCJ,2025-01-17 08:19:47+05:30,,,1.00,,f,,,,,,,,773,APPLICATION,2026-09-08 10:55:27.477974+05:30,,,f
PRG0KN072rRr,RST2CTuJiAj8,2025-01-06 15:48:36+05:30,,,4.00,,f,,alone,Emdal,"",,,,774,APPLICATION,2026-09-08 10:55:27.482154+05:30,,,f
PRG0KN072rRr,RSbS8uQboCWM,2025-01-01 19:28:08+05:30,,,4.00,,f,,partner,Kääpä,om,,,,775,APPLICATION,2026-09-08 10:55:27.486693+05:30,,,f
PRG0KN072rRr,RSlmu5mmmpjM,2024-12-31 00:54:51+05:30,,,5.00,,f,,,,,,,,776,APPLICATION,2026-09-08 10:55:27.490969+05:30,,,f
PRG0KN072rRr,RSOehQP56DT2,2024-12-30 18:05:26+05:30,,,5.00,,f,,friends,David,ch,,,,777,APPLICATION,2026-09-08 10:55:27.495129+05:30,,,f
PRG0KN072rRr,RSLDAvHn48QY,2024-12-18 17:01:26+05:30,,,5.00,,f,,,,,,,,778,APPLICATION,2026-09-08 10:55:27.499347+05:30,,,f
PRG0KN072rRr,RS9bQ31SiNRD,2024-12-18 16:15:00+05:30,,,5.00,,f,,,Luigi,it,,,,779,APPLICATION,2026-09-08 10:55:28.458942+05:30,,,f
PRG0KN072rRr,RSRhioFWnd7X,2024-12-07 11:09:21+05:30,,,5.00,,f,,alone,Mohamed Hesham,de,,,,780,APPLICATION,2026-09-08 10:55:28.462199+05:30,,,f
PRG0KN072rRr,RSRqQm7hyx9K,2024-08-12 13:52:14+05:30,,,4.00,,f,,family,,,,,,781,APPLICATION,2026-09-08 10:55:28.465638+05:30,,,f
PRG0KN072rRr,RSLN8phAG8je,2024-07-20 04:36:14+05:30,,,4.00,,f,,alone,Rudo,au,,,,782,APPLICATION,2026-09-08 10:55:28.469661+05:30,,,f
PRG0KN072rRr,RSpiVfbdUJM7,2024-03-17 08:08:55+05:30,,,3.00,,f,,alone,,,,,,783,APPLICATION,2026-09-08 10:55:28.474037+05:30,,,f
PRG0KN072rRr,RS8lM7Bc06Iw,2024-01-08 09:14:52+05:30,,,4.00,,f,,partner,,,,,,784,APPLICATION,2026-09-08 10:55:28.477939+05:30,,,f
PRgdJhhXie1u,RSPiAXu5oiA6,2026-07-03 01:36:00+05:30,"Such an awesome experience. The sandbank was breathtaking, and the beachside lunch with fresh seafood was delicious! They give you a great portion size and continuously make sure you’re well fed and taken care of. There was also local entertainment on the sandbank. The tortoise sanctuary was awesome! We got to also see peacocks and other animals, which wasn’t expected. Then the Stonetown walking tour was the icing one cake. We got to learn so much about Zanzibar’s history and culture. We walked the streets of stone town seeing different architecture and stopped at a spice market where we could purchase spices. This was a 10/10 experience. Our tour guide Hashir was so cute and informative! Very friendly and polite! ",en-gb,5.00,,t,viator,,Tanae_S,"",,,,785,APPLICATION,2026-09-08 10:55:28.481821+05:30,,,f
PRgdJhhXie1u,RSVDWtLAsnkX,2026-04-11 17:04:50+05:30,"Tour guide A.Razak was very professional , he showed and explained every thing , so I don’t have any question ,lunch with seafood was amazing ,fresh fruits as well ,only big issued was Nakupenda sandbank doesnot have any wash room,so around 2 hours staying there without wash room is very difficult ,Highly recommended ,,thanks",en-gb,5.00,,t,viator,,BabluAshraf_U,"",,,,786,APPLICATION,2026-09-08 10:55:38.976119+05:30,,,f
PRgdJhhXie1u,RSy7kqGlikJU,2026-02-17 19:34:20+05:30,"We had a wonderful and fun experience on the this tour. Everyone was courteous and professional. They (captain/assistant/tour guide) made us felt safe while on the boat. Abu our tour guide is very knowledgeable, he shared his knowledge about prison island, its history and representation. He ended the tour with the famous Jambo song. Would definitely recommend taking this tour.",en-gb,5.00,,t,viator,,Shelley_H,"",,,,787,APPLICATION,2026-09-08 10:55:38.981109+05:30,,,f
PRgdJhhXie1u,RS2ME9ydwUu0,2026-02-14 17:45:59+05:30,"Lack of water supplied, no toilet breaks offered, lack of information throughout the tour, no changing facilities, no life jackets or safety information.   Food very disorganised and not enough for party size, if you don’t like seafood only chicken available and very little of it and you can’t mix and match, fish offered was cut in half and if you were lucky you got tail end, unlucky a head 🤢🤮
Boat people were quite entertaining and tried hard but better organisation required stonetown tour disappointing.
Quite expensive for what’s on offer",en-gb,3.00,,t,viator,,Kathy_s,"",,,,788,APPLICATION,2026-09-08 10:55:38.985285+05:30,,,f
PRgdJhhXie1u,RSw2ojU1jH0L,2026-02-14 05:16:08+05:30,Mohamed was very friendly and worried at all times that we were enjoying the ride. His Spanish is very good. Highly recommended.,en-gb,5.00,,t,viator,,Gustavo_C,"",,,,789,APPLICATION,2026-09-08 10:55:38.989241+05:30,,,f
PRPzk7fAmt8i,RSKMSod9Fv7h,2024-09-26 22:49:41+05:30,,,5.00,,f,,alone,Natalie,nz,,,,1425,APPLICATION,2026-09-08 11:02:21.027808+05:30,,,f
PRgdJhhXie1u,RSGxFZQkWUR4,2025-08-24 04:09:22+05:30,"Yassir (tour operator/owner) is good man. He helped me with pick-up and drop-off from/to hotel. Reasonably priced. Picking other guests from different hotels took long time because of some miscommunication but eventually we were a group of 7, Yassir is decent in English, French and Spanish. The prison island boat ride was fun, the prison itself (now a museum and commercial place) is not good (there''s hardly anything to see). Peacocks were good. Too many old turtles on walkways causing BIG crowd and delay and ruining experience a bit. Then Nakupenda - sand bank is amazing, water is cold (not warm like in Caribbean), food mostly catered to non-veg. Seems very commercial and a bit crowded. But good. Stonetown is absolutely overrated in my opinion. There''s nothing to see/experience except small lanes/streets and vendors and hotels and restaurants. Not much ethnic, cultural, historical stuff. A bit dirty and congested. I wish I had not spent time/money on it. Overall, I''d say it was decent tour, I''d recommend company and guide. Appreciation for places lies in eyes of visitor.",en-gb,4.00,,t,viator,,shailesh_s,"",,,,793,APPLICATION,2026-09-08 10:55:39.007657+05:30,,,f
PRgdJhhXie1u,RSqBkcgsMacX,2026-08-01 15:45:41+05:30,,,5.00,,f,,,,,,,,794,APPLICATION,2026-09-08 10:55:39.011528+05:30,,,f
PRGindsWSz5g,RS2h23hnFoUk,2025-09-11 13:49:47+05:30,"It is not a private safari as advertised, it is shared with 20 others, they say it includes alcoholic beverages but in reality it is only a bottle of beer and exclusively at mealtime. The view is beautiful, but the attention is regular and the fact that I thought it was private gave me a very bad time. When we arrived they made us disembark in a different place full of rocks and passing through an area that smelled rotten, we crossed a very ugly area walking to reach the vehicles that took us back to the hotel. For a little less price, I hired the next day a modern boat for 4 hours to do the same tour privately, with umbrella and snack, towels included. Which makes me think what I paid for the first one was a total scam.",en-gb,1.00,,t,viator,,Soraya_P,"",,,,795,APPLICATION,2026-09-08 10:55:39.015066+05:30,,,f
PRGindsWSz5g,RSiLZtSofyZi,2024-08-11 15:05:59+05:30,"Recogida puntual para llevarnos a Fumba. Pone Safari privado, pero es compartido con más personas. Fuimos a bucear a Menai bay y nos prepararon fruta, agua y bebidas. Luego nos llevaron a comer, buena organización y buena comida. Por la tarde nos llevaron a la laguna donde buceamos unos 10 min. Y nos llevaron de regreso a Fumba para coger el transporte y llevarnos de regreso al hotel.
Creo que para lo que es la excursión es un poco cara. Se pierde mucho tiempo en transporte.",es,4.00,,t,viator,,Carme_M,"",Thank you so much for shearing review with us ,en,2024-08-12 14:53:51+05:30,796,APPLICATION,2026-09-08 10:55:40.921568+05:30,,,f
PRgLnFafIOkn,RSim9bACoDAi,2024-10-10 14:45:44+05:30,"Expensive for the experience, not well organized tbh, but ok. We felt that as we were only 2 people, they were in a hurry to finish and take a bigger group (more tips)",en-gb,3.00,,t,viator,,Elena_D,"","Hello Elena,
Thank you very much for your review and we are very sorry that you didn''t enjoy it as much as you expected. The park is enough to explore for 1.5 hours. Although  we have longer route but you must place a special request for longer tour.

Hope you well understand and maybe book the longer tour in your next visit. 

Asante Sana!",en,2024-12-03 10:24:40+05:30,797,APPLICATION,2026-09-08 10:55:40.926539+05:30,,,f
PRgLnFafIOkn,RSHhblPtA3rq,2024-08-03 12:57:28+05:30,"The drive from our hotel was interesting because we passed so many interesting villages, schools, and markets.  Excellent driver.  I really liked the park ranger who gave us the tour through the forest.  I could tell he is committed to conservation.  I recommend going in the morning.  The monkeys are more active then.  We did not opt for the night tour but it sounded interesting.",en-gb,5.00,,t,viator,,Martha_S,"",,,,798,APPLICATION,2026-09-08 10:55:41.861638+05:30,,,f
PRgLnFafIOkn,RSMcfwEuDiou,2024-07-31 12:18:13+05:30,"Unser Guide Rashidi war einfach der Hammer, der hat uns soviel erzählen und zeigen können, das war der Wahnsinn. 

Es war zwar eine kurze Tour da man nicht viel mehr herzeigen kann aber dass was wir gesehen haben war super. Vielen Dank dafür. 

Der einzige kritische Punkt ist anzumerken, dass wenn man sich vom Hotel abholen lassen möchte zusätzliche Gebühren anfallen und man das vor der Buchung irgendwo anführen kann und nicht erst nach der Buchung irgendwo findet. ",de,5.00,,t,viator,,Patrick_G,"",,,,799,APPLICATION,2026-09-08 10:55:41.865866+05:30,,,f
PRgLnFafIOkn,RS9XU9fqnCYY,2024-05-31 19:07:19+05:30,"We had a great time on the Jozani forest tour. Our guide was extremely knowledgeable and shared so much information and history with us, and getting to see the monkeys at play, up close and personal was an amazing experience. ",en-gb,5.00,,t,viator,,SYARD_E,"",,,,800,APPLICATION,2026-09-08 10:55:41.869836+05:30,,,f
PRgLnFafIOkn,RSht3i4Uws66,2024-05-09 20:59:25+05:30,La visite du parc avec les singes et la mangrove qui est vraiment typique. Le guide francophone nous a bien expliqué et fait découvrir la culture locale pendant la visite et le trajet,fr,4.00,,t,viator,,Noemie_M,"",,,,801,APPLICATION,2026-09-08 10:55:41.873695+05:30,,,f
PRGMem2iEHmS,RS55Pwp84UF5,2026-08-10 06:29:45+05:30,"To get to prison island is definitely an experience ~ waves are a bit rough. The island has full of history and wish our guide was knowledgeable about it. We relied on reading whatever we can find on display. Stone Town gave me chills due to historical circumstances and events that had occurred in that area. Again, we read everything which was great. We would have liked to receive info about other buildings or sites we saw nearby, when asked. We didn’t care about their current markets due to hard sale tactics. Spice town is overrated and good to see a couple of plants of 2 spices we usually use",en-gb,3.00,,t,viator,,Jane_E,"","Thank you very much for taking the time to share your detailed feedback.

I’m sorry to hear that the historical information provided during your tour did not meet your expectations. I understand how important it is, especially when visiting places such as Prison Island and Stone Town, to receive more detailed explanations about their history, buildings and important events.

I truly appreciate your feedback and will take it seriously. It will help me improve the way I present the historical and cultural information to my guests, and make sure I provide more explanations rather than leaving guests to rely mainly on the information displayed at the sites.

I’m also sorry if the market experience felt uncomfortable because of the sales approach. I understand that not everyone enjoys that kind of experience.

Thank you again for your honest comments. I’m glad you still enjoyed discovering Zanzibar, and I hope you will keep the positive memories of your time here with you.",en,2026-08-11 04:41:31+05:30,802,APPLICATION,2026-09-08 10:55:41.877229+05:30,,,f
PRGMem2iEHmS,RSlRrR6FTckB,2026-07-16 08:16:03+05:30,"This was such a fantastic tour.  Tour Guide was exceptional!!!! Extremely knowledgeable  about spice farm, Prison Island and Stone Town.  I learned more about Zanzibar in the one day than the entire time I was there.  He was very accommodating but kept us on schedule.  He was a wealth of knowledge!",en-gb,5.00,,t,viator,,Annette_P,""," Thank you so much for your wonderful review! I''m delighted you enjoyed the tour and learned so much about Zanzibar. It was a pleasure guiding you, and I hope to welcome you back again someday! 😊🌴",en,2026-07-16 15:53:13+05:30,803,APPLICATION,2026-09-08 10:55:45.174127+05:30,,,f
PRPzk7fAmt8i,RSuS6yJVdPAB,2024-08-06 14:35:08+05:30,,,4.00,,f,,partner,Isabel,de,,,,1426,APPLICATION,2026-09-08 11:02:21.031137+05:30,,,f
PRGMem2iEHmS,RSOf5MfgDXxT,2026-07-08 12:01:03+05:30,Really enjoyable day out. The guide gave plenty of interesting information. Puck up at our hotel was on time and we had enough time for all three parts of the trip.,en-gb,5.00,,t,viator,,Phil_L,"","Thank you very much for your kind review! We’re delighted that you had an enjoyable experience exploring Stone Town, the Spice Farm, and Prison Island. It’s wonderful to know that you found the tour informative, appreciated the punctual hotel pickup, and felt there was plenty of time to enjoy each destination. Your feedback means a lot to us, and we hope to welcome you back to Zanzibar for another unforgettable adventure in the future. Safe travels!",en,2026-07-08 17:40:05+05:30,804,APPLICATION,2026-09-08 10:55:45.177646+05:30,,,f
PRGMem2iEHmS,RSqIIQstsrVp,2026-03-08 09:58:56+05:30,Learned a lot about history of island and its slave trade past. Learned about their government and culture. We are leaving the island knowing a lot more about its rich culture and importance in the world. ,en-gb,5.00,,t,viator,,alan_w,"",Thank you very much! I'm happy you enjoyed learning about Zanzibar’s history and culture. Karibu again! 😊,en,2026-03-08 15:37:49+05:30,805,APPLICATION,2026-09-08 10:55:45.181441+05:30,,,f
PRGMem2iEHmS,RSUFsfik3USc,2026-02-28 01:33:25+05:30,"The guide (whose name I don''t quite remember) did a good job.  He showed up on time and was easy enough to understand. The order we did things was a bit different than shown but that didn''t matter one bit.  We started with the Spice Farm.  His knowledge of the spices and fruits seemed deep.  Him and one of the farmers took me around and had me guess which spice was which based on smell and taste so I recommend  studying up a bit beforehand if you want to do well.  There was a coconut tree climbing.and a fruit tasting.   They also gave you a chance to buy some of their wares but there was very little if any pressure to do so (especially compared to the pressure you''ll find in Stone Town).

Next we did the walking tour which I had done separately the day before so there wasn''t much new info but there was some.

After the walking tour we went to the beach and got a boat to Prison Island.  There we did the history of the island and looked at the turtles.   The island isn''tvery large and there really isn''t a ton to see so it doesn''t take super long. 

The only concern I had was that the guides knowledge for the walking tour and the island seemed like it was a bit lacking compared to the Spice Tour.",en-gb,4.00,,t,viator,,Adam_W,"","Thank you very much for your review 🙏
I’m happy you enjoyed the Spice Farm.
I also appreciate your feedback,I will continue improving the historical part of the tour.
Thank you for choosing us and welcome again 😊",en,2026-02-28 14:31:03+05:30,806,APPLICATION,2026-09-08 10:55:45.185309+05:30,,,f
PRGMem2iEHmS,RSTUWm7bfSWq,2026-01-05 17:35:10+05:30,"A wonderful experience. We have spent a great day starting with the spice plantation, then visiting the stone town center and then going to prison island to see the huge turtles they have as well as the rest of the island and facilities. Really a 10",en-gb,5.00,,t,viator,,Miguel_A,"",Muchas gracias por tu excelente reseña. Me alegra saber que disfrutaste la experiencia. ¡Un placer haberte tenido,es,2026-01-06 07:42:21+05:30,807,APPLICATION,2026-09-08 10:55:45.188871+05:30,,,f
PRGMem2iEHmS,RSUGpmEo0BcG,2025-07-31 18:21:27+05:30,"We booked a tour of a spice farm, prison island and Stonetown. Our host was very knowledgable and accommodating. We needed to run errands at the local school and he helped us do that and showed us around each place on the tour, giving very detailed history and information. We were provided with so much education! Professional, safe, friendly and an expert in his role.",en-gb,5.00,,t,viator,,Phil_S,"",,,,808,APPLICATION,2026-09-08 10:55:45.192251+05:30,,,f
PRGmmsxalfui,RSOWo37InGKT,2025-12-19 16:25:05+05:30,"Fantastic tour with Sultan. We went to 6 different places on the island including nungwi beach, paje beach, the rock and stone town. Sultan is an incredibly knowledgeable guide and told he all about the history of Zanzibar as well as fun facts about the places we went. I learned so much and was entertained all day. Would highly recommend this tour especially to anyone who is short on time and wants a good overview of Zanzibar. ",en-gb,5.00,,t,viator,,Ria_W,"",,,,809,APPLICATION,2026-09-08 10:55:45.195543+05:30,,,f
PRGmmsxalfui,RS981Qd37pBB,2025-08-02 16:05:34+05:30,"Excellent organization, I have always felt safe as a woman. An EXCELLENT experience. Thank you again.",en-gb,5.00,,t,viator,,Patrizia_F,"",,,,810,APPLICATION,2026-09-08 10:55:46.021915+05:30,,,f
PRgqT8V24rbA,RSbOkaq8AsZC,2026-08-19 19:43:30+05:30,"The spice part of the experience was great, which is really what we were looking for. There was a description of the food cooking, and we didn’t realize that we were going to participate to the extent that we did and we also didn’t realize that the cooking part was almost twice as long as the spice part and there was no written instructions to take home so there’s no way we could ever duplicate it and it took a lot of time. I think your write up should be more descriptive. Basically it should be a cooking class with a spice tour. Not sure how you should mark this but we were disappointed in the cooking part. There was nothing wrong with it. It was well done by a lady who definitely knew what she was doing and she involved everyone, but that was not what we were really expecting.",en-us,3.00,,t,,family,,,,,,811,APPLICATION,2026-09-08 10:55:46.026775+05:30,,,f
PRgqT8V24rbA,RSpueOQZfhd1,2026-07-29 20:52:38+05:30,"My husband and I had a great experience with Splash Tours. The owner Abdi picked us up on time at the hotel and walked us to the car. Our driver then took us to the spice farm, where our guide Hassan provided a thorough and insightful tour, sharing the history of Zanzibar and of the various spices as well as their uses and benefits. He also answered my many questions and told us a lot about the many peoples and cultured that have shaped the archipelago and the country.
We smelled and picked different spices along the way. After a photo and musical break (including braided leaves turned into adornments for us and a singing tree climbing « butterfly man »), we took a cooking class with Habiba. The meal was DELICIOUS and we’re excited to make it again when we get home! My husband is vegetarian and they had vegetarian options for him, and fish & chicken options for me.

We also got to buy some local spices and speak at length with locals. We were very happy with the tour and recommend it to travelers who want an authentic experience with knowledgeable and friendly people. Asante sana!",en-gb,5.00,,t,viator,,Lena_L,"",,,,812,APPLICATION,2026-09-08 10:55:56.368084+05:30,,,f
PRgqT8V24rbA,RSqWPusyE9Gq,2025-03-28 05:08:01+05:30,"This was a lovely experience! We had an on-time pickup. We enjoyed exploring, learning, smelling, and tasting the spices of Mtausa Spice Farm. And even more we enjoyed cooking as a group; our dishes turned out great!

My only suggestion is that the listing be updated to say “hotel pickup for a fee, if outside of Stonetown” there was a bit of confusion with if it was included or not in the beginning.

All said, we enjoyed the experience, and I would recommend.",en-gb,5.00,,t,viator,,Reginice_C,"",,,,813,APPLICATION,2026-09-08 10:55:56.371462+05:30,,,f
PRgqT8V24rbA,RSyGLn8fR7QR,2026-09-06 19:20:27+05:30,,fr,4.00,,f,,partner,,,,,,814,APPLICATION,2026-09-08 10:55:56.374947+05:30,,,f
PRGQUfkcdiqa,RSLnTMDW5NJb,2025-05-15 08:39:47+05:30,"amazing experience, simply amazing! the ride, the quad bikes, the villages, the farms and the only Zanzibar water dam was all an amazing experience. loved it all the way. ",en-gb,5.00,,t,viator,,safia_F,"",,,,815,APPLICATION,2026-09-08 10:55:56.378421+05:30,,,f
PRGr6WkQU1iS,RSqAD3fJG6zm,2023-12-29 01:12:40+05:30,,,3.00,,f,,family,,,,,,816,APPLICATION,2026-09-08 10:55:57.181183+05:30,,,f
PRgt4dKwyYtG,RSebfyCvkP9a,2025-06-12 23:06:29+05:30,"Great experience, market was really cool.  Mohammed was our guide.  Would recommend bringing cash in small bills.",en-gb,5.00,,t,viator,,Devan_I,"",Thank you so much for your 5-star review! We’re thrilled you enjoyed and had a great time. We’d love to welcome you back soon,en,2025-08-13 18:08:48+05:30,817,APPLICATION,2026-09-08 10:55:59.958631+05:30,,,f
PRgtQC1b2vUg,RSWdCpGUnqkl,2026-05-16 16:48:21+05:30,"Hassan is smart, knowledgeable and articulate.  He has obviously spent a lot of time researching the history of Stone Town.  He is also an artist and photographer.  We enjoyed his company very much and we learned a lot.   He listened to our questions and the answers were well-informed and honest.  The whole experience was very much tailored to our interests and speed.
We would love to return to Zanzibar to do other tours with him.  ",en-gb,5.00,,t,viator,,rachelclayton1,"",,,,818,APPLICATION,2026-09-08 10:56:01.379806+05:30,,,f
PRgtQC1b2vUg,RSbtQu8Sl9EW,2025-01-24 15:02:23+05:30,"I had a great walking tour of Stonetown with my amazing guide Ahmad.
Communication was good prior to meeting up, and Ahmad was very friendly, professional and knowledgeable and happily answered any of my questions. The walking tour included visiting all the key cultural points of interest in Stonetown, and I learnt a lot about each historic site, as well as Zanzibar’s interesting history from Ahmad, who has a very impressive knowledge.
I highly rate and  recommend this walking tour. 
",en-gb,5.00,,t,viator,,Donald_I,"",,,,819,APPLICATION,2026-09-08 10:56:02.59035+05:30,,,f
PRgtQC1b2vUg,RShBZPxvwBeh,2025-01-07 04:56:01+05:30,"A comprehensive and thoroughly enjoyable walking tour of stone town. Our guide, Hassan was friendly, professional, and incredibly knowledgeable. Highlights included: the old fort, historic streets, local food market, slave trade exhibition, and waterfront. We learned much about the history and culture of this beautiful island. I highly recommend this tour to anyone visiting Zanzibar for the first time. ",en-gb,5.00,,t,viator,,Michael_B,"",,,,820,APPLICATION,2026-09-08 10:56:02.595133+05:30,,,f
PRgtQC1b2vUg,RS0vNeShsxIW,2024-12-05 22:08:28+05:30,"Hasan is a wonderful and knowledgeable guide. His love and pride for Zanzibar show, we did other tours arranged with him and all of them were great.",en-gb,5.00,,t,viator,,Adam_A,"",,,,821,APPLICATION,2026-09-08 10:56:02.600382+05:30,,,f
PRgtQC1b2vUg,RS5awvsNX5vN,2024-08-07 04:59:18+05:30,Our guide excelled at presenting the history of Stone Town and of Zanzibar. We enjoyed the way he pointed out the various architectural features characteristic of the different influences. His sequencing worked well. We enjoyed the local cultural points. We couldn't think of anything he could have done better.,en-gb,5.00,,t,viator,,Susan_M,"",,,,822,APPLICATION,2026-09-08 10:56:02.605934+05:30,,,f
PRgtQC1b2vUg,RSU15bVOXgEW,2024-06-28 18:43:21+05:30,Excellent guide who really knows his city. Compares to other guides that we had in Tanzania he speaks very clear english. We would definately recommed to boon tour with Hassan.,en-gb,5.00,,t,viator,,Kaius_K,"",,,,823,APPLICATION,2026-09-08 10:56:02.611258+05:30,,,f
PRgtQC1b2vUg,RSfm6gkyXAa2,2024-06-18 18:23:09+05:30,"Hassan was an incredible host and provided us a well informed tour of Stone Town. He tailored the tour to our needs, including the requested stops. His history knowledge was very impressive and provided a completely new perspective on the city. He is also a talented artist, so if you have space in your luggage you won’t be disappointed. ",en-gb,5.00,,t,viator,,Maria_V,"",,,,824,APPLICATION,2026-09-08 10:56:02.6166+05:30,,,f
PRgtQC1b2vUg,RSi7784eqoij,2026-08-19 22:02:05+05:30,,,5.00,,f,,family,,,,,,825,APPLICATION,2026-09-08 10:56:02.624701+05:30,,,f
PRGvZD04mrfT,RS01lSHUkCzo,2025-12-18 09:58:27+05:30,"The sunset cruise was lovely and enjoyable, even though it stayed within the same area. We had a great time vibing with the other passengers, and it was a nice touch that guests could jump into the water for a swim. The only downside was the limited beverage options available on board.",en-gb,4.00,,t,viator,,Hlonipha_M,"",,,,826,APPLICATION,2026-09-08 10:56:02.639879+05:30,,,f
PRGvZD04mrfT,RS7bxBdW2DdG,2025-09-29 23:30:06+05:30,"It was very crowded, too many people on one boat which made the boat experience difficult to enjoy.",en-gb,3.00,,t,,friends,Tineke,qa,,,,827,APPLICATION,2026-09-08 10:56:06.023044+05:30,,,f
PRH0rbP1xdkM,RSDHFz0Ix70s,2024-04-15 07:29:01+05:30,Very good service. Contacted before the pick up and was waiting for us on arrival. Gave us a lot of information on the way to the hotel,en-gb,5.00,,t,viator,,Janine_A,"",,,,828,APPLICATION,2026-09-08 10:56:06.029692+05:30,,,f
PRH3sK4T60nk,RS8u2OBm9tdE,2024-07-31 17:05:30+05:30,"Die Fahrt dauerte aufgrund von Umwegen und einem Schneckentempo fast doppelt so lange wie erwartet, dann konnte der Fahrer kein Eintrittsticket lösen für ca 15Mim und statt 3Stunden im Park blieben entsprechend nur noch 1.5h. Diese waren allerdings dann toll!",de,3.00,,t,,family,,,,,,829,APPLICATION,2026-09-08 10:56:18.186974+05:30,,,f
PRhbW5C9jLjF,RS17ToLEDS7x,2024-08-31 11:01:47+05:30,"Spiaggia di Mtende memorabile, interessante il giro nel villaggio, la foresta di Jozani carina, ma non imperdibile ed in piú ingresso da pagare necessariamente in contanti, si vedono sostanzialmente alcune scimmie. Il driver parlava molto male inglese e non ci è stato dato lo snack, per il resto è consigliato",it,4.00,,t,viator,,Davide_G,"",,,,830,APPLICATION,2026-09-08 10:56:25.838303+05:30,,,f
PRheTWavHZVb,RSE4jsvdLNFQ,2026-07-04 09:15:12+05:30,"The driver arrived earlier before our appointment which was super because we had a flight to catch. The ride was smooth and comfortable, regardless the road condition between our hotel and the airport. The driver was friendly and was eager to fill us in with some last-minute culture facts before our departure.",en-gb,5.00,,t,viator,,Eleanor_D,"",,,,831,APPLICATION,2026-09-08 10:56:34.154298+05:30,,,f
PRheTWavHZVb,RSYwilKeCO1R,2025-10-12 18:19:21+05:30,The driver came few minutes before time which was highly commended. Best customer service in a comfortable and aircon taxi. We arrived at airport in time. Thank you and 👍🏼,en-gb,5.00,,t,,family,Delani Sharon,za,,,,832,APPLICATION,2026-09-08 10:56:44.472407+05:30,,,f
PRheTWavHZVb,RSnaTsrDZaQA,2025-10-06 01:29:47+05:30,Excellent customer service without a doubt. Patient and great driver,en-gb,5.00,,t,,family,Delani Sharon,za,,,,833,APPLICATION,2026-09-08 10:56:44.477687+05:30,,,f
PRhFrTVamveA,RSw8bOCHrK0j,2026-07-17 02:59:40+05:30,"The tour itself is very interesting, but understand you are relying on a local’s ability to communicate what they know and not an expert. Our guide did a very poor job of communicating how we would initially meet up, but he did eventually connect with us. Keep in mind that you will be asked to buy products, tip for the tour, and tip other helpers/performers.",en-gb,3.00,,t,viator,,Robin_K,"","I called him before the tour ,they told me that  ,not we are not us ,and this day I had other customers into the Stone town, I picked up other tourists at  the tembo house,when we were some area,they called me back  ,and I left the customers which I picked up at the tembo house with guider ,then I followed the tourists which they were lazy at the coffe house very quickly,even if they did not respond my massage , when I called them ,where is my problem, on other hand ,I did not tell him, if he has to give me a tip ,also he was not forced to give other helpers tip ,his  aim to destroy my job ,therefore not problem. ",en,2026-07-18 07:01:28+05:30,834,APPLICATION,2026-09-08 10:56:44.482759+05:30,,,f
PRukbsnDKmV2,RSxAX9mma6Sf,2026-06-22 23:43:22+05:30,Excursion comprenant un maximum d’activités sans compromis sur les prestations,fr,5.00,,t,,alone,,,,,,1508,APPLICATION,2026-09-08 11:04:53.535916+05:30,,,f
PRhFrTVamveA,RSBh7imPvNwX,2026-02-02 13:58:26+05:30,Nassor was great. So knowledgeable and great English. Learned a lot about the history of the island and answered all our cultural questions too. Really enjoyed!,en-gb,5.00,,t,viator,,guy_k,"","Thanks,I really appreciate it. ",en,2026-02-03 16:39:25+05:30,835,APPLICATION,2026-09-08 10:56:45.910337+05:30,,,f
PRhFrTVamveA,RSBIotm6tpPm,2026-02-02 10:57:41+05:30,Very interesting and educational. The experience starts from the moment you look for us at the hotel. The place is very nice and the staff is extremely attentive.,en-gb,4.00,,t,viator,,MariaEmilia_R,"",Thanks for the review  God bless you. ,en,2026-02-03 16:36:04+05:30,836,APPLICATION,2026-09-08 10:56:45.914644+05:30,,,f
PRhFrTVamveA,RSAsLmFiThmH,2025-12-06 10:11:28+05:30,"Definitely the worst tour I’ve ever been on.
Guide was 20 minutes late, no apology or explanation. Bought juice for himself but not water for me which was supposed to be included.
English was very poor, very very little talk he spent all his time on his phone. Learned nothing. Very depressing tour",en-gb,1.00,,t,viator,,Larry_J,"","Definitely, this is his jealous, and i apologozed him firstly, because the transport which I took ,it was getting problem, about an English, he is Canadian, and this is his language, because he hated me ,even if I speak it as much as I can ,he can''t proud me well, This is not first time to work with the british tourists. Thank you for your review. ",en,2025-12-25 16:00:07+05:30,837,APPLICATION,2026-09-08 10:56:45.919082+05:30,,,f
PRhFrTVamveA,RSJJTKNCbf4R,2025-08-07 13:33:56+05:30,"Great trip, must take when in Zanzibar. Our tour guide was a young woman. She did a great job, nice people and we tasted so many fruits.",en-gb,4.00,,t,viator,,HAYA_S,"","I deeply appreciate it, thank you very much,
God bless you. ",en,2025-08-08 19:50:01+05:30,838,APPLICATION,2026-09-08 10:56:45.923715+05:30,,,f
PRhFrTVamveA,RSqhXJWVhksC,2025-07-19 17:20:24+05:30,The tour guide was very knowledgeable on all of the fruits and spices & the guys picked fruit and spices to sample! Great experience!,en-gb,5.00,,t,viator,,Stephanie_D,"","I really appreciate it ,thank you very much. ",en,2025-07-19 23:32:27+05:30,839,APPLICATION,2026-09-08 10:56:45.92776+05:30,,,f
PRhFrTVamveA,RSwnc2W3Ni7v,2025-07-11 13:56:11+05:30,Thanks for a great tour learning about all of the spices and where they come from originally definitely worth the visit ,en-gb,4.00,,t,viator,,Nicola_L,"","Thanks for a wonderful review, God bless you more and more. ",en,2025-07-11 22:04:29+05:30,840,APPLICATION,2026-09-08 10:56:45.932391+05:30,,,f
PRhFrTVamveA,RSLcEk7HBeJb,2025-06-30 11:05:40+05:30,This was a great tour with a great guide (“Ali”) who I would highly recommend.  The tour was very informative and enjoyable.,en-gb,5.00,,t,viator,,Gary_V,"","Thanks for fabulous review, I really appreciate it. 
God bless you more and more. ",en,2025-06-30 16:59:48+05:30,841,APPLICATION,2026-09-08 10:56:45.938351+05:30,,,f
PRhFrTVamveA,RS3rjoOjzX4d,2024-10-09 18:22:23+05:30,"The tour was okay. Pick up was on time. Seif wasn''t feeling well so we had another lady take us on the tour. 
We had a young man with us to get some spices off trees. At the end of the tour, we get to try different fruit but at the same time, the young man who was with us had made like bags, crowns and wrists bands using leaves. Then the tour guide said that these helpers don''t get paid and it would be good to tip them. I didn''t really like that as if they work on the farm, neither the farm nor the tour company is paying these young men? That seems highly exploitive and it puts you as the guest on the spot to tip them.

Overall, the trip was ok but I wouldn''t recommend it to be honest. ",en-gb,3.00,,t,viator,,Aldale_R,"","Thank you for this review,but it is not important to tip them sure,and we don''t force any one to do that.
God bless you at all.",en,2024-10-10 14:11:22+05:30,842,APPLICATION,2026-09-08 10:56:45.943154+05:30,,,f
PRhFrTVamveA,RSUVskInXUyS,2024-10-05 03:42:15+05:30,"Overall a fantastic experience with a friendly and engaging guide. Fascinating learning about the spices. They also let me have a go at the traditional coconut tree climbing which was very fun. Only reason it’s 4 stars and not 5 is the amount of times tips are requested/ buying encouraged (3 tip requests, 2 buying opportunities for me) was a bit much for my liking. If I did it again I would still tip just slightly less to each of them as I didn’t realise how many times they would ask. ",en-gb,4.00,,t,viator,,Sebastian_F,"","Thank you for a review,but is not important to give them a tip sure.",en,2024-10-05 16:20:01+05:30,843,APPLICATION,2026-09-08 10:56:45.947944+05:30,,,f
PRhFrTVamveA,RSHwfjzfappj,2024-09-24 17:36:42+05:30,It was nice to visit a small spice farm. Our guide was informative and a lot of fun and offered door to door service from Pingwe for an extra charge. ,en-gb,4.00,,t,viator,,Christy_D,"","Thank you for a review, but was not small farm ,and we charge you extra because you were out of stone town.",en,2024-09-25 07:12:46+05:30,844,APPLICATION,2026-09-08 10:56:45.952088+05:30,,,f
PRhFrTVamveA,RSiN6ipTeQN4,2024-09-08 13:36:45+05:30,Lots of fun and very educational. We highly recommend! The spice farm is well organized and our tour guide was very knowledgeable ,en-gb,5.00,,t,viator,,Amani_M,"","Thank you for a wonderful review,we hope that,we will get other customers 🤲 inshallah.
God bless you much.",en,2024-09-09 16:20:54+05:30,845,APPLICATION,2026-09-08 10:56:45.956466+05:30,,,f
PRhFrTVamveA,RS6mpMRn1cAo,2024-08-31 02:15:32+05:30,"The spicy tour was great, but I would choose other operator next time if I were there again. The time of the tour was 9:00am as stated on Viator, but the tour guide contacted me said it started at 9:30am. It was not a big issue though.",en-gb,3.00,,t,viator,,NgaShan_C,"","First,thank you for your review, secondly,the price who you paid it ,I did not get any profit,and as you knew it,you could not say this ,I just put it so as to get a review.
All in all,you were picked up for free and you claimed because we added 30 minutes .
Asante sana.",en,2024-09-01 10:11:40+05:30,846,APPLICATION,2026-09-08 10:56:45.960745+05:30,,,f
PRhFrTVamveA,RS9KArnzuLWF,2024-08-07 04:49:01+05:30,"Our guide arranged for us to be picked up at our hotel. He was very knowledgeable both about the conventional uses of the various spices and about local uses. He could review the English words for a couple of the spices we saw, but it didn''t detract from the overall experience.",en-gb,5.00,,t,viator,,Susan_M,"","Thank you for a review,God bless you.",en,2024-08-08 15:12:14+05:30,847,APPLICATION,2026-09-08 10:56:45.96498+05:30,,,f
PRhFrTVamveA,RSkIOqStDCqf,2024-03-31 21:09:48+05:30,"We travel the World. An Always rely on Viator... Why ? Totally trustworthy, no F;ly By Night Operators, fair prices and honest reviews,

After much review we chose this Tour,, Reviews were almost unanimous.. The operator, Seifi received exce3llent Reviews.

And he lived up to his well deserved reputation. Friendly, exceedingly knowledgeable ,,,

Took Special care of me in my walker.

And as an unexpected bonus, gave us a short tour of Stonetown on return..

A Steal at this price,,, (Of course, we tipped ).",en-gb,5.00,,t,viator,,Reginald_W,"","Thank you for nice review,God bless you very much ever.",en,2024-04-05 12:27:40+05:30,848,APPLICATION,2026-09-08 10:56:45.96889+05:30,,,f
PRhFrTVamveA,RSCRo9p9jqz2,2023-09-09 19:04:56+05:30,We enjoyed the tour and learnt so much about spices that we didn’t know about. Seif was a wonderful guide and made our day extra special.,en-gb,5.00,,t,viator,,Anesu_M,"","Thank you very much for fantastic a review,we hope other can join with us .",en,2023-09-10 17:42:01+05:30,849,APPLICATION,2026-09-08 10:56:45.986174+05:30,,,f
PRHkiyvcQ07m,RSz8KieIbRCj,2026-05-28 18:00:35+05:30,I was very pleased with the tour. The guide's explanations were detailed. The timing was perfect. Thank you.,en-gb,5.00,,t,,alone,,,,,,850,APPLICATION,2026-09-08 10:56:45.990756+05:30,,,f
PRHkiyvcQ07m,RSyGc4EDvpdQ,2025-12-25 15:34:21+05:30,"A really r enjoyable trip. The tortoises were amazing and learning about the history and culture of stone town and prison island was excellent. Our guide, Charisma, was fab - very knowledgable, very friendly and went out of his way to ensure we enjoyed the trip. ",en-gb,5.00,,t,viator,,Caroline_G,"",,,,851,APPLICATION,2026-09-08 10:56:51.629086+05:30,,,f
PRHkiyvcQ07m,RSMN3jR9jtfL,2025-11-21 10:02:23+05:30,"My time in Zanzibar was made truly unforgettable thanks to The Charisma Experience and our incredible tour guide. Their knowledge of the island’s history, culture, and hidden gems was absolutely impeccable. Every stop on the tour felt meaningful, and the stories shared brought Zanzibar’s rich heritage to life in a way I’ll never forget.

Our guide was warm, patient, and passionate—always making sure we were comfortable and fully immersed in each moment. From historic landmarks to local traditions, they explained everything with clarity and enthusiasm that made the entire experience feel personalized and special.

If you''re visiting Zanzibar and want a tour that goes beyond the surface, I HIGHLY recommend The Charisma Experience. This was truly one of the best tours I’ve ever taken!",en-gb,5.00,,t,viator,,Valerie_P,"",,,,852,APPLICATION,2026-09-08 10:56:51.632941+05:30,,,f
PRHkiyvcQ07m,RSwAH7rLj3bP,2025-04-14 18:28:37+05:30,Guide was on time and very knowledgable. The boat ride was great and the perfect amount of time on Prison Island. We didn't feel rushed and were able to even do a bit of snorkeling before heading back. The stone town tour was catered to us so we were able to skip things we already saw and learn about things as we walked. Great experience!,en-gb,5.00,,t,viator,,leah_t,"",,,,853,APPLICATION,2026-09-08 10:56:51.636867+05:30,,,f
PRHkiyvcQ07m,RSE3O8B97nNh,2024-07-22 22:05:23+05:30,"Wir wurden pünktlich am Hotel abgeholt. Leider war die Kommunikation mit dem Reiseleiter sehr eingeschränkt. Wir wurden kommentarlos 900m durch die Stadt zum Hafen geführt, wo ein Boot zur Gefängnisinsel organisiert wurde. Informationen über die besuchten Orte haben wir in sehr schlecht verständlichem Deutsch erhalten, allerdings auch nicht mehr, als im Reiseführer zu lesen ist. Fragen zu Land und Leuten waren kaum möglich. Die Tour durch die Stadt war ok. Allerdings wurde uns hier mitgeteilt, dass die im Programm enthaltene Besichtigung des alten Sklavenmarkts nicht möglich sei, da die Kirche geschlossen ist. Wir haben das dann am nächsten Tag auf eigene Kosten (5$pP) nachgeholt, natürlich hatte die Kirche geöffnet. (Tour wurde durchgeführt von Charisma Experience)",de,2.00,1,t,,partner,Michel,de,,,,854,APPLICATION,2026-09-08 10:56:51.640175+05:30,,,f
PRHkiyvcQ07m,RS1OQ8hGJHed,2026-03-02 11:32:55+05:30,,,5.00,,f,,,,,,,,855,APPLICATION,2026-09-08 10:56:51.643775+05:30,,,f
PRHkiyvcQ07m,RSnbgg7qwRBy,2024-08-13 15:59:44+05:30,,,5.00,,f,,,,,,,,856,APPLICATION,2026-09-08 10:56:51.646943+05:30,,,f
PRHlCPyJD7ej,RSeJ38NchYBe,2026-08-24 12:23:08+05:30,"The young guide had no knowledge about the Island''s history, its people, etc yet that was the essence of the tour. I just had to Google stuff about the island since I was very interested to learn about it. The guide was gracious though, cordial and was patient. Most of the historical buildings were closed for renovations, so they weren''t accessible. I wasted Tshs. 10,000 for entry to the historical slave market, which had nothing other than an old tree and a church. The tour was done in a rush, and was over in an hour. Totally not worth it.",en-gb,2.00,,t,,alone,,,,,,857,APPLICATION,2026-09-08 10:56:51.65032+05:30,,,f
PRHlCPyJD7ej,RS2n8CE5MTLy,2026-08-21 15:40:20+05:30,Nuestro guía Mahamud fue muy amable y simpático. Nos explicó la historia de Stone Town muy bien con buen nivel de español y gran conocimiento. Recomendable 100%,es,5.00,,t,,friends,,,,,,858,APPLICATION,2026-09-08 10:56:53.937154+05:30,,,f
PRi0n7O9x7cV,RS5rdbKR0sHI,2026-07-28 14:03:02+05:30,Great experience! Very informative! Also very accommodating as we had a delay and all worked out great! ,en-gb,5.00,,t,viator,,David_G,"","Hi David, Thank you so much for your wonderful review!. It was a real pleasure hosting you. I’m glad you enjoyed the walking tour and found it informative. Delays can happen, so I’m happy we were able to adjust the schedule and make everything work out well. Thank you for choosing us, and we hope to welcome you back to Zanzibar someday. Enjoy!.",en,2026-07-28 20:03:38+05:30,859,APPLICATION,2026-09-08 10:56:53.942297+05:30,,,f
PRi0n7O9x7cV,RSatZyXVRaNA,2026-07-22 11:08:52+05:30,"Alfa was such an informative relaxed and informative guide, we had two teenagers in tow and even they were engaged, we highly recommend booking him.",en-gb,5.00,,t,viator,,kate_h,"","Hi Kate, thank you so much for your wonderful review! It was a real pleasure spending the day with your family and  I’m especially happy to hear that the teenagers enjoyed the tour too, that means a lot to me. Thank you for your recommendation, and I hope to welcome you back to Zanzibar in the future. Wishing you all the very best and hope to see you again.",en,2026-07-24 22:59:52+05:30,860,APPLICATION,2026-09-08 10:57:12.222454+05:30,,,f
PRi0n7O9x7cV,RSlyezR3TxMM,2026-07-09 10:22:28+05:30,Khalfan gave us a great tour of the city.  He let us know how Stonetown came to be with lots of historical knowledge.  He told us about the origins of the slave trade there too.  Then we went on an interesting tour of the markets. ,en-gb,5.00,,t,viator,,Kristi_D,"","Hi Kristi, thank you so much for your wonderful review! It was a real pleasure showing you around Stone Town and sharing its history and culture with you. I’m very happy to hear that you enjoyed learning about the city’s origins, the history of the slave trade, and exploring the local market. Thank you for choosing my tour, and I hope to welcome you back to Zanzibar again someday. Safe travels!",en,2026-07-10 09:55:15+05:30,861,APPLICATION,2026-09-08 10:57:12.226566+05:30,,,f
PRi0n7O9x7cV,RS3o57rvbRuo,2026-06-05 15:35:53+05:30,Great experience. Alfa is very knowledgable and showed us so many cool places and answered all our questions. I loved that we could stop on various shops along the way to look around and buy some keepsakes. Highly recommend. ,en-gb,5.00,,t,viator,,Natali_L,"","Hi Natali, thank you so much for your wonderful review!

It was a pleasure showing you around and sharing the history and culture of Zanzibar with you. I’m very happy that you enjoyed visiting the different places and local shops along the way.

Thank you for your recommendation and for choosing us. Please stay safe and I hope to welcome you back to Zanzibar again in the future!",en,2026-06-06 01:54:14+05:30,862,APPLICATION,2026-09-08 10:57:12.230633+05:30,,,f
PRi0n7O9x7cV,RSQSX8IHaj3X,2026-05-26 17:33:17+05:30,"Don’t hesitate to book this tour!  It was awesome! I started the tour tired and a bit hot thinking that I would not want to stay longer than necessary, but the tour took every bit of three hours (because I asked so many questions all of which were answered) and I enjoyed all of it. I learned so much and saw so much. Excellent tour from an excellent and attentive tour guide. ",en-gb,5.00,,t,viator,,Sunnie_R,"","Hi Sunny. Thank you so much for your wonderful review 😊
It was truly a pleasure hosting you. I’m very happy to hear that you enjoyed the tour and found it interesting and informative. Thank you as well for your curiosity and all the great questions. Please stay safe and you are always most welcome again in Tanzania! ",en,2026-05-27 17:58:34+05:30,863,APPLICATION,2026-09-08 10:57:12.234449+05:30,,,f
PRiGBIlOw3vQ,RSm2wCrHbNWU,2024-08-25 22:42:49+05:30,A fantastic experience in Jozani forest. The taxi driver was really nice and the forest guide was prepared and shared with us many information answering to all our questions,en-gb,5.00,,t,,partner,Alberto,it,,,,903,APPLICATION,2026-09-08 10:57:31.709001+05:30,,,f
PRi0n7O9x7cV,RSDzGxVDe9cP,2026-05-16 07:40:06+05:30,"We had a fantastic morning with Alfa, who provided us with a great overview of the history of Stone Town and Zanzibar. It was great being guided throught the winding streets learning about the different cultures that came to form what is now Stone Town. Highly recommend this tour 😊",en-gb,5.00,,t,viator,,Zoe_C,"","Hi Zoe, thank you so much for your wonderful review 😊
It was truly a pleasure spending the morning with you and sharing the history and culture of Stone Town and Zanzibar.
I’m very happy you enjoyed the tour experience.
Wishing you a wonderful time and hope to see you again!",en,2026-05-17 19:46:31+05:30,864,APPLICATION,2026-09-08 10:57:12.250045+05:30,,,f
PRi0n7O9x7cV,RSv8Jy2DYrhH,2026-04-24 13:40:22+05:30,"We booked day of and were delighted to have Alfa tours (our guide''s name started with a K). He was knowledgeable, warm, and very accepting of our many questions. ",en-gb,5.00,,t,viator,,Monica_W,"","Hi Monica, thank you so much for your kind review! 😊
I’m really happy you enjoyed the tour and felt comfortable asking questions — I always love sharing the history and stories of Stone Town.

It was a pleasure guiding you around Zanzibar, and I truly appreciate your kind words.

You’re most welcome again anytime. Karibu sana!
",en,2026-04-27 22:24:34+05:30,865,APPLICATION,2026-09-08 10:57:12.254354+05:30,,,f
PRi0n7O9x7cV,RSqLIErqQKTk,2026-02-16 17:52:45+05:30,"My guide Alfa had a deep knowledge of Zanzibar&Tanzania history! He explicitly answered all my questions, showed me all the cites one must see in the Stone town. I traveled alone and I was highly comfortable walking around the streets in his presence. I definitely recommend to book this tour as it covers all the necessary places; the information is given in a memorable and exciting manner, no dry boring facts. The whole tour was like living you favorite YouTube traveling-history video :) 
Thank you, Alfa, I would recommend the tour to my friends! ",en-gb,5.00,,t,viator,,Mariia_M,"","Hi Mariia,, Thank you very much for your detailed and thoughtful review. We are delighted that Alfa was able to provide an engaging and informative experience, making you feel comfortable while exploring Stone Town. Your recommendation means a lot to us, and we are thrilled to know the tour left such a positive and memorable impression. We look forward to welcoming you and your friends on future tours of Zanzibar and Tanzania.
",en,2026-02-20 12:35:04+05:30,866,APPLICATION,2026-09-08 10:57:12.258436+05:30,,,f
PRi0n7O9x7cV,RSeOs8MbYNCG,2026-02-14 15:43:28+05:30,"Alfa provides an excellent history tour of old town Zanzibar.  He is intelligent,  compassionate about his country and a great tour guide. I highly recommend Alfa Tours and Safari. ",en-gb,5.00,,t,viator,,annie,"","Hi Annie, thank you so much for your kind words. We are delighted to hear that Alfa made your tour of Zanzibar both insightful and enjoyable. Your recommendation is greatly appreciated, and we look forward to welcoming you on future tours.",en,2026-02-20 12:39:04+05:30,867,APPLICATION,2026-09-08 10:57:12.283253+05:30,,,f
PRi0n7O9x7cV,RSx2k2Es3b3n,2026-02-13 11:04:48+05:30,"We were told that the original guide had had a motorcycle accident the day before and we would have Rashid instead. His knowledge was fantastic and we were able to cover the sights of Stone Town very efficiently and in a fun manner. Not sure if he really is a professor, but we were highly impressed. (The motorcyclist is gonna have a hard time getting his job back!) We had done Mombasa the day before so it was interesting to compare and contrast the two cities both from a city and a tour perspective.",en-gb,5.00,,t,viator,,Albert_S,"","Hi Albert, thank you so much for your lovely review and for your understanding about the last-minute change. We’re very happy to hear that you enjoyed the tour of Stone Town and that Rashid made it both informative and fun — we will definitely let our “Professor” know how impressed you were 😊

And don’t worry, our original guide is recovering well and will have to work hard to compete with Rashid’s performance!😊

We truly appreciate your kind words and hope to welcome you again with Alfa Tours and Safaris in the future.",en,2026-02-14 18:20:39+05:30,868,APPLICATION,2026-09-08 10:57:12.292034+05:30,,,f
PRi0n7O9x7cV,RSLaNMSJfM1a,2025-12-22 07:16:35+05:30,Very comprehensive history lesson and tour of Stone Town. Alfa was excellent.  Extremely accommodating with the rain.,en-gb,5.00,,t,viator,,Deborah_F,"","Hi Deborah, thank you so much for leaving us a wonderful review. Please stay safe and hope to meet you again!.",en,2025-12-22 10:58:49+05:30,869,APPLICATION,2026-09-08 10:57:12.296365+05:30,,,f
PRi0n7O9x7cV,RSFdfbYMoxVl,2025-10-16 12:27:21+05:30,"Our guide, Ahmed, was a mine of info on the history of the town and showed us the main places of interest including the market, as well as many  stories about Zanzibarian culture and customs, he even sang to us at one point! Ahmed’s tour was fun and gave us a perfect introduction to Stone Town and Zanzibar.",en-gb,5.00,,t,viator,,Lynda_H,"","Hi Lynda, thank you so much for your great review after booking the tour with us. Please stay safe and hope to see you again!
Welcome back !",en,2025-10-17 06:34:51+05:30,870,APPLICATION,2026-09-08 10:57:12.300708+05:30,,,f
PRi0n7O9x7cV,RSa3dj0Yany9,2025-10-04 18:37:51+05:30,"Alpa is a great tour guide, very informative about the Town and island history. He took us to some great areas in the town, lovely old back streets, beautiful arbic and Indian doors original to the Towns. To a small secret local shop selling dry mango flavoured with Hisbiscus. Great tour ",en-gb,5.00,,t,viator,,Miriam_O,"","Hi Miriam, thank you so much for your Great review, it’s always my pleasure to make sure my clients meet their expectations. I highly appreciate it, please stay safe and hope to see you again!",en,2025-10-05 10:10:42+05:30,871,APPLICATION,2026-09-08 10:57:12.304631+05:30,,,f
PRi0n7O9x7cV,RSibF7Cjaqtr,2025-09-13 17:18:00+05:30,Alta was very knowledgeable and we learned a lot about the city and the island. We Recommended highly! ,en-gb,5.00,,t,viator,,Bruce_R,"","Hi Bruce, thank you so much for the great reviews, please stay safe and hope to see you again!.",en,2025-09-14 11:14:09+05:30,872,APPLICATION,2026-09-08 10:57:12.309673+05:30,,,f
PRi0n7O9x7cV,RSOCtE2uPJGs,2025-09-10 19:50:14+05:30,"Alfa is super detailed, clear & enthusiastic in sharing about the history & present of Stone Town. We also loved that he was flexible & answered many questions. ",en-gb,5.00,,t,viator,,Nidhi_S,"","Hi Nidhi, thank you so much for your great review, please stay safe and you are mostly welcome 🙏 ",en,2025-09-11 09:36:10+05:30,873,APPLICATION,2026-09-08 10:57:12.314032+05:30,,,f
PRi0n7O9x7cV,RSDvXzuSBAzN,2025-09-07 17:40:21+05:30,"We were fortunate enough to have Alfa as our tour guide. He is a very knowledgeable guide and we had an interesting tour with him, would definitely recommend :) ",en-gb,5.00,,t,viator,,Lia_S,"","Hi Lia, Thank you so much for leaving us a good review after booking the tour and experience the stone town historical walking tour with us. It is always our priority to make sure our clients have the memorable experience and it was an absolute pleasure to have personally been able to take you around the city and I’m pleased to understand that you found the experience interested you. Thank you so much again. Please stay safe and welcome back.",en,2025-09-08 14:33:26+05:30,874,APPLICATION,2026-09-08 10:57:12.318178+05:30,,,f
PRiGBIlOw3vQ,RSTETy9cXQxl,2024-08-18 18:26:58+05:30,"Zelo prijetna in enkratna izkušnja. Dober in točen voznik, simpatičen in energičen vodnik v parku (je veliko vedel in znal poiskati živali v gozdu) ter prijetno presenečenje v parku metuljev. Vsekakor smo veseli, da smo se odločili za privat izlet.",sl,5.00,,t,,family,Katarina,si,,,,904,APPLICATION,2026-09-08 10:57:31.713879+05:30,,,f
PRi0n7O9x7cV,RSPzKlDTwgYV,2025-09-06 12:42:17+05:30,We booked this tour as we wanted to find out more about the history of Stone Town and it didn't disappoint. Our guide (Alfa) was really kind and agreed to come to meet us outside our hotel. He then took us around the city and told us a lot about the history of Stone Town and Zanzibar. It was a very interesting tour and we would definitely recommend it to other travellers. ,en-gb,5.00,,t,viator,,Laura_D,"","Hi Laura, Thank you so much for leaving us a good review after booking the tour and experience the stone town historical walking tour  with us. It is always our priority to make sure our clients have the memorable experience and it was an absolute pleasure to have personally been able to take you on stone town city  and I’m pleased to understand that you found the experience interested you. Thank you so much once again. Best regards: Alfa Zanzibar Tours & Safaris",en,2025-09-07 10:49:57+05:30,875,APPLICATION,2026-09-08 10:57:12.322132+05:30,,,f
PRi0n7O9x7cV,RSDygAoPU14o,2025-08-04 17:17:08+05:30,"Khalfan was our guide and he was great!  He took us to so many places we would not have seen otherwise.  My husband needed a pharmacy and Khalfan found one for us.  He was very nice and we had such a good time, highly recommend!",en-gb,5.00,,t,viator,,Lori_P,"","Hi Lory, thank you so much for your great review, please stay safe and hope to see you again!.",en,2025-08-05 00:18:16+05:30,876,APPLICATION,2026-09-08 10:57:12.326696+05:30,,,f
PRi0n7O9x7cV,RSOWP48maEY6,2025-06-28 14:10:01+05:30,"the guide was really nice, he resolved all of our doubts and questions, the tour lasted 2 hours so was enough to have a better understanding of Zanzibar and Tanzania. 
We would have liked a little bit of more information about nowadays. 

We selected 4stars because is expansive for this region. ",en-gb,4.00,,t,viator,,Franco_G,"","Hi Franco, thank you so much for your  review, please stay safe and hope to see again.",en,2025-06-29 13:35:13+05:30,877,APPLICATION,2026-09-08 10:57:12.331371+05:30,,,f
PRi0n7O9x7cV,RSQ6a8CKMo2B,2025-04-01 00:40:06+05:30,Our guide was very knowledgeable and was able to teach us so much about the Old Stone Town! We would highly recommend him!!,en-gb,5.00,,t,viator,,Chelsea_B,"","Hi Chelsea, thank you so much for your great review, please stay safe and hope to see you again.",en,2025-04-01 04:51:15+05:30,878,APPLICATION,2026-09-08 10:57:12.335965+05:30,,,f
PRi0n7O9x7cV,RSflxdxmkS4O,2024-10-18 00:43:05+05:30,"Amazing tour that will provide you with the highlights of Stone Town. Alfan, our guide, was knowledgeable and explained everything clearly and answered all of our questions. He even made sure we met up with our ride back to the hotel before leaving us at the end of the tour. I highly recommend Alan and this tour.",en-gb,5.00,,t,viator,,5twqxkr8dj,"","Hi Carrey, thank you so much for your great review. It’s my pleasure to make sure all my clients meet their expectations. Not only the tour we provide the tour but also the hospitality. Always you are warmly welcome.",en,2024-10-18 18:28:03+05:30,879,APPLICATION,2026-09-08 10:57:12.340677+05:30,,,f
PRi0n7O9x7cV,RStUMsbBV64x,2024-09-05 21:16:45+05:30,"We had an amazing experience with Alpha Tours on the Stone Town Historical Walking Tour! Our guide, Alpha, was incredibly informative and helped us gain a deep understanding of Zanzibar''s rich history and diverse cultures. His extensive knowledge of the area brought the historical sites to life, and we walked away with a much greater appreciation for Zanzibar’s unique heritage.

Alpha’s passion for sharing his knowledge made the tour engaging and insightful. We highly recommend Alpha Tours for anyone looking to explore Stone Town and learn more about the fascinating history of Zanzibar.",en-gb,5.00,,t,viator,,Maureen_S,"","Hi Maureen, thank you so much for your great review and recommendations. We highly appreciate your contribution. Please stay safe and always you are welcomed.",en,2024-09-06 07:46:18+05:30,880,APPLICATION,2026-09-08 10:57:12.344695+05:30,,,f
PRi0n7O9x7cV,RSeKDrfihfQ7,2024-09-03 10:08:59+05:30,"Great private walking tour of Stone Town.  Our guide, Rabik, was excellent. He managed to keep my two kids, ages 7 and 12, engaged and entertained for 3+ hours. He paced the tour appropriately for kids and he made it interesting for them as well as for me. 

He offered historical insights and really helped us get to know Stone Town in a way that wouldn’t be possible without a local expert. 

Would highly recommend this tour, and Rabik! ",en-gb,5.00,,t,viator,,Peter_H,"","Hi Peter, thank you so much for your great review. Please stay safe and see you again.",en,2024-09-03 19:26:55+05:30,881,APPLICATION,2026-09-08 10:57:12.349088+05:30,,,f
PRi0n7O9x7cV,RSlYZizeJNo9,2024-06-25 02:18:09+05:30,I had a great experience taking this tour! Alpha is a very knowledgable guide who knows a lot about the history of the town and will take you to the top highlights. He has a nice narrative and answered all my questions 😊,en-gb,5.00,,t,viator,,Maryam_A,"","Hi Maryam, thank you so much for your wonderful review, please stay safe and hope to meet you again.",en,2024-06-25 18:59:06+05:30,882,APPLICATION,2026-09-08 10:57:12.357898+05:30,,,f
PRi0n7O9x7cV,RSsVT1bdScgo,2024-06-23 14:38:17+05:30,Alfa was a wonderful guide who answered all our questions! He is an history expert and the tour was very personalized and informative. Mahalo Alfa!,en-gb,5.00,,t,viator,,Kathryn_S,"","Hi Kathryn, thank you so much for your great review, please stay safe and see you again.",en,2024-06-23 18:56:15+05:30,883,APPLICATION,2026-09-08 10:57:12.362023+05:30,,,f
PRi0n7O9x7cV,RSkkrrApdxTk,2024-05-08 19:18:49+05:30,"Booked this for three friends as it had good ratings.
The booking link gave a google map location inside a closed construction site. We didn’t have a number so we walked around for 30 minutes and eventually worked out that the meeting point was a different location in front of the construction site.
Another guide said he could run a tour for uson behalf of the operator so we agreed. He was very nice but his English caused some confusion over dates and events in history. The tour was shorter than advertised at 1.5 hours.
We asked for a 50% discount which was refused by the operator and Viator couldn’t help any further. 
It was almost £50 for a disappointing tour - you could just buy a lonely planet guide and do it yourself.",en-gb,2.00,,t,viator,,Paul_C,"","Hi Paul, thank you for your review, sorry for any confusion you got it’s not our intention.  the location is really under construction but it’s still in a Google map and as long as  it’s in a Google map and you can find it.  My location doesn’t tell you to come inside the construction Building NO. I think the thing you were supposed to do is to reach to the tour meeting point (HOUSE OF WONDERS) regardless how it’s ( under construction or not ) because it’s a safe place although it’s under construction. And I pointed this place as a tour meeting point because the house of wonders it’s one of the most famous historical building in a stone town and Zanzibar generally and mostly native people in a stone town know it and also it’s infront of the famous  place and road in a stone town (FORODANI GROUND and MIZINGANI ROAD). So it will be very easy to reach to the meeting point if not by means of a Google map then you will reach by means of asking native people because it’s in a good location and very famous historical building. 
About the guide it’s really you got the replacement guide and this is because the operator and all the operator’s guides (company guides) were so busy with other staffs to do that’s why the operator had to find the replacement guide for you  but still the guide was good and trusted man by the operator because it’s not the first time to host our clients and many came with good feedbacks. I don’t know how he conducted the tour in that day but I can say he is one of a good guide in a stone town. Before touching the guide also you should tell us about your  negative feelings to the guide and the tour generally because the guide brought the negative feedback of you to us because you were out of the mood during the tour, and when a tour guide speaks to you, you were chatting and make some talking between you. Shortly you didn’t pay any attention of the tour and him, May be it was a reason why the tour was too short because you ignored him.  It’s really the guide cannot speak a strong English like you can And I think it’s because of your accent. He is not an English man he is a Swahili man who learned English. So there is different between native speakers and learned speakers
But I’m so sorry for what happened Mr Paul. It’s my hope it will not happen again.",en,2024-05-10 10:05:53+05:30,884,APPLICATION,2026-09-08 10:57:12.370651+05:30,,,f
PRi0n7O9x7cV,RSsEuZsVjnxn,2024-03-01 09:24:46+05:30,"Great tour! Alfa was very helpful, thoughtful, and knowledgeable about the history of Stone Town. He was so friendly with us, and made our experience in Zanzibar very memorable. Highly recommend!",en-gb,5.00,,t,viator,,Laura_G,"","Hi Laura, thank you so much for your great review. Please stay safe and see you again.",en,2024-03-01 23:35:44+05:30,885,APPLICATION,2026-09-08 10:57:12.375476+05:30,,,f
PRi0n7O9x7cV,RSah3bJw5Sbs,2024-01-10 20:28:01+05:30,I enjoyed my tour with Alpha which turned out to be private and was customised to my interests. Alpha has great knowledge of the Island's history and was able to answer my numerous questions. He took me around through alley ways allowing me to experience the towns history and day to day life and was kind enough to take some pictures . Highly recommend,en-gb,5.00,,t,viator,,Christine_K,"","Hi Christine, thank you so much for your wonderful review. Please stay safe and see you again.",en,2024-01-11 17:01:44+05:30,886,APPLICATION,2026-09-08 10:57:12.379708+05:30,,,f
PRiGBIlOw3vQ,RS2dhPnZHcz9,2024-02-25 11:47:41+05:30,"Wir haben ca. ein Dutzend Affen gesehen, sind eine halbe Stunde durch einen Mangrovenwald spaziert und haben ein 100 qm grosses Schmetterlingsgehege besucht. Unser Guide sprach mäßig deutsch und wusste wenig zu erzählen.",de,3.00,,t,viator,,DrVolkmar_S,"","We will make sure next time we do well for other people who would like to be guide by German language by using a professional guide
 Thank you for your review ",en,2024-02-26 19:45:49+05:30,905,APPLICATION,2026-09-08 10:57:31.718873+05:30,,,f
PRi0n7O9x7cV,RSkrqrbcM6mH,2024-01-07 18:04:58+05:30,"Sultan is a highly likeable, knowledgeable and enthusiastic guide who went out of his way to help.
We spent a lot of time in the old town just checking out the amazing carved wooden doors. As the House of Wonders is basically falling apart, we went up to the Swahili House hotel which has many of the same features. Forodhani Park, Karajani Market and Freddy Mercury''s birth house were also on the list.",en-gb,5.00,,t,viator,,Nigel_D,"","Hi Nigel, thank you so much for your great review. It’s our happiness to see one of our guides (Sultan) does something remarkable for our dear clients.Please stay safe and see you again.",en,2024-01-08 18:03:25+05:30,887,APPLICATION,2026-09-08 10:57:12.383791+05:30,,,f
PRi0n7O9x7cV,RS2cJKBoS5qp,2023-12-31 03:12:33+05:30,"I travelled with my wife and had a very good time with Khalfan (Alfa tours) as our tour guide throughout the entire stay in Zanzibar. He is a very good guide with full knowledge of the Island, the icing on the cake is his patience and letting you soak in and enjoy the island of Zanzibar. He also ensured that as much as we were enjoying, we stayed safe. It was the best experience we had with him. I would recommend not only the Stone Town Historical Walking Tour but for other Zanzibar Island excursions too.",en-gb,5.00,,t,viator,,Robert_B,"","Hi Robert , thank you so much for your great review, I really appreciate a good time together in Zanzibar please stay safe and see you again my friend.",en,2023-12-31 09:02:09+05:30,888,APPLICATION,2026-09-08 10:57:12.387906+05:30,,,f
PRi0n7O9x7cV,RSO03zl7bxaz,2023-12-23 11:02:02+05:30,"guide was very helpful, telling us history of all locations and advising us on purchase of souvenirs.",en-gb,5.00,,t,viator,,Howard,"","Hi Howard, thank you so much for your great review. It’s our pleasure to help our clients. Please stay safe and see you again.",en,2023-12-24 20:13:05+05:30,889,APPLICATION,2026-09-08 10:57:12.392783+05:30,,,f
PRi0n7O9x7cV,RSaZaPyWqHMh,2023-11-25 16:25:48+05:30,The kindness of the guide was great - he had lent me even his own 5 dollar for an  entrance ticket before I managed to change the money!,en-gb,5.00,,t,viator,,Hanna_Z,"","Hi Hanna, thank you so much for your great review. It is always my pleasure to help my clients when need. I highly appreciat that please stay safe and see you again.",en,2023-11-26 12:24:26+05:30,890,APPLICATION,2026-09-08 10:57:12.397164+05:30,,,f
PRi0n7O9x7cV,RSSEVKuAUqGu,2023-11-06 18:23:21+05:30,Super experience! I did learn a lot about the city. And all request are possible. Alfa is a really good guide! ,en-gb,5.00,,t,viator,,PetraRemijn,"",Hi Petra. Thank you so much for your great review. I really appreciate it. Please stay safe and see you again. ,en,2023-11-07 13:52:38+05:30,891,APPLICATION,2026-09-08 10:57:12.401423+05:30,,,f
PRi0n7O9x7cV,RSxuvtUuP3xE,2023-10-11 16:51:21+05:30,"The tour guide Alfa was very good,was very nice to walk with him and listen stories about Stone Town",en-gb,5.00,,t,viator,,KRISTINA_S,"",Hello Kristina. Thank you so much for your great review. Hope to see more again.,en,2023-10-12 00:00:01+05:30,892,APPLICATION,2026-09-08 10:57:12.405232+05:30,,,f
PRI3KuusyLdl,RSw8uMMGUGZ2,2024-03-04 10:07:46+05:30,The client paid the private transfer there $ 60. Transfer is included in the price. The supplier did not want to refund the customer's money.  The tour does not rise to the quality of the price paid.,en-gb,2.00,,t,viator,,Happy_T,"","The client was refunded promptly once Classic Wild Escapes management was informed of the situation. The payment to the taxi driver occurred because he didn’t communicate with his company, despite our company having already paid them in advance. We sincerely apologize for any inconvenience caused.

Thank you for your understanding, and you are always welcome with us!

Best regards,
The Classic Wild Escapes Team",en,2024-10-08 17:03:40+05:30,893,APPLICATION,2026-09-08 10:57:12.409801+05:30,,,f
PRi7UMndfEmo,RSNENznWfaQq,2024-12-02 22:26:37+05:30,"A wonderful opportunity to watch and participate in the preparation of a delicious Zanzibar meal made over a coal stove in a home. Halisi Africa Tours did a great job adjusting the schedule and preparations due to the weather (currently in the rainy season) so all ingredients were ready to go before the demonstration. I learned that Halisi means authentic, and that was the experience. Our chef (Whitee (sp)) was efficient, explained her steps, and I was given the opportunity to request the recipe. She used traditional cooking tools such as the seated coconut grater, and current kitchen appliances together to cook a delicious three-course meal over a coal fire. Most of the cooking was a demonstration, but I was given the opportunity to help with preparing some of the items that would be used in cooking. After all was prepared, we went into the living room for lunch, and everything was delicious. 

If you have any food allergies, please let them know as they take that into consideration, and honestly if you do attend this class, make sure you have a light breakfast so you can enjoy every last bit of this great meal, and enjoy the great fellowship. ",en-gb,5.00,,t,viator,,Anonymous,"","Hello Denise,
Pleasure to have you in our kitchen to experience the delicious swahili  dish preparations and test it, we are welcome you again when visiting Zanzibar and enjoy mor of our experience. ",en,2024-12-03 10:41:10+05:30,894,APPLICATION,2026-09-08 10:57:14.466711+05:30,,,f
PRi9J8zsz6lV,RS9GHfLU1CGC,2026-08-30 23:50:00+05:30,"Está bien porque es algo que no lo haces en tu país, o es difícil. Pero debo de decir que ante una mordedura como la que recibí yo en el brazo y otra señora , los que trabajan allí que te controlan de cerca, lo único que dijeron: no da infección… Lo menos que se puede hacer es administrar cualquier desinfectante allí mismo. Son 30$ por 30’ si adquieres allí la actividad.",es,4.00,,t,,friends,,,,,,895,APPLICATION,2026-09-08 10:57:17.909778+05:30,,,f
PRi9J8zsz6lV,RSpAJFq0jyXt,2026-08-28 10:16:08+05:30,"Fun activity to do , amazing creatures and lots of photo opportunities. Staff were friendly and helpful.",en-gb,5.00,,t,,partner,Mark,gb,,,,896,APPLICATION,2026-09-08 10:57:23.032116+05:30,,,f
PRi9J8zsz6lV,RS69EMysB745,2026-06-22 12:49:32+05:30,È un'esperienza unica,it,5.00,,t,,partner,Laura,it,,,,897,APPLICATION,2026-09-08 10:57:23.046165+05:30,,,f
PRi9J8zsz6lV,RSenfUjHsUJI,2026-07-19 13:27:55+05:30,,,5.00,,f,,partner,,,,,,898,APPLICATION,2026-09-08 10:57:23.059267+05:30,,,f
PRiBsAGLnYkx,RSbORmIsHUH7,2024-07-22 07:51:20+05:30,"A great driver that is pleasant, engaging, and informative. His vehicle is clean and he is very accommodating (asking for your preference between air conditioning and windows down). ",en-gb,5.00,,t,viator,,Steve,"",,,,899,APPLICATION,2026-09-08 10:57:23.062568+05:30,,,f
PRIcB49fPkSU,RSTY2ZpsW1ib,2023-11-24 18:19:17+05:30,A nice day trip which allows you a decent amount of time to see Stone Town and do the spice tour. Good tour company! ,en-gb,5.00,,t,viator,,Cherine_G,"",Thank you very much for your feedback.,en,2024-02-09 19:28:36+05:30,900,APPLICATION,2026-09-08 10:57:24.128416+05:30,,,f
PRIf9rC1FvQ0,RS15lbGnvVL7,2024-09-20 14:18:35+05:30,"J’ai vraiment aimé, c’était juste wow le supplément mon guide touristique c’est le best Abrah merci ❤️.",fr,4.00,,t,,alone,Sharon,cd,,,,901,APPLICATION,2026-09-08 10:57:25.916532+05:30,,,f
PRiGBIlOw3vQ,RSNumoFr0Jcd,2026-08-24 22:18:36+05:30,"Driver was excellent, safe pointed out things of interest during the drive. Tour guide at venue was fantastic so knowledgable and happy to chat about anything so learnt so much about Zanzibar, culture, impact of tourism, education and health care system. We learnt about the forest eco system and the many uses of the different trees and plants especially the medical aspects. Would highly recommend.",en-gb,5.00,,t,,partner,Mark,gb,,,,902,APPLICATION,2026-09-08 10:57:26.774866+05:30,,,f
PRiGBIlOw3vQ,RSMnyQOlHL6T,2024-01-12 08:12:07+05:30,"Abdi my guide was just wonderful. He told good stories and explained everything well. 

The monkeys were active and fun to watch. I really enjoyed the Butterfly Project. It was my favorite part.  I had a lovely private Spice farm tour. 
Thank you",en-gb,5.00,,t,viator,,Lane,"",Thank you very much to hear that I'm looking forward to see you again,en,2024-01-14 10:42:05+05:30,906,APPLICATION,2026-09-08 10:57:31.723192+05:30,,,f
PRiiTCc6KjF6,RSABloLx4AQf,2024-10-03 15:13:53+05:30,,,4.00,,f,,friends,Azelio,pt,,,,907,APPLICATION,2026-09-08 10:57:31.726685+05:30,,,f
PRioHL67ug74,RSk2FDz8VXJf,2026-04-06 20:24:05+05:30,"Unbelievable. It was like 10h, as he suggested eating on a super cool beach, there were 2 restaurants and we chose the baraka. Typical food very good, and lobster from 9 dollars. 

The experience with the dolphins was great, I had them less than half a meter, and the turtles a show. 

Although he did not get a guide in Spanish, we did not lack anything. Very attentive and a very pleasant trip.

It communicates in advance by WhatsApp.",en-gb,5.00,,t,viator,,MiguelAngel_M,"",,,,908,APPLICATION,2026-09-08 10:57:34.46436+05:30,,,f
PRioHL67ug74,RSD9qxGoGa7b,2026-01-16 11:19:24+05:30,"For us personally, the most interesting part of the day was the very beginning when we went snorkeling. That was amazing, although there were a ton of other boats out at the same time, so it wasn''t a private experience at all. But the fish were amazing, and my guide Mzii, was very helpful. However, it made me nervous that I wasn''t offered a life jacket or fins. I''m not a great swimmer and the water was choppy, so I was nervous. Thankfully, I did well (much to my surprise, honestly). 
We also enjoyed feeding the turtles at the '"aquarium'", which is not an aquarium in the Western sense. But it felt a bit exploitative, and I questioned the ethicality of being in the water with the turtles. 
There wasn''t much else to the rest of the day, and lunch was not included. There was never anything private except the transfers and the boat ride. The beaches are all very crowded. 
But our guides were lovely and we really enjoyed them, and the views were beautiful. 
",en-gb,4.00,,t,viator,,Kim_M,"",,,,909,APPLICATION,2026-09-08 10:57:40.471145+05:30,,,f
PRioHL67ug74,RSy0BS15NDbm,2025-09-04 14:38:11+05:30,"Nice tour, with nice staff who want the best for the customer. Dolphins seen and the beaches were also very nice.",en-gb,5.00,,t,viator,,Beau_W,"",,,,910,APPLICATION,2026-09-08 10:57:40.474701+05:30,,,f
PRioHL67ug74,RSKzjHId2tzP,2025-03-13 06:56:21+05:30,"Alles in allen ganz ok. Der Fahrer für uns von A nach B. Leider keine Infos zu Land und Leute. Hatte eher was von Taxi. Geplant war Start 9 Uhr, aber der Fahrer bestand auf 6 Uhr Abfahrt, wegen der Delphine. Wir waren dann ca. 8 Uhr bei den Booten. Es ging schnell raus auf dem Auto ab ins Boot ohne Komentar. Die Bootsfahrt war ok. Delphine haben wir nach einiger Zeit kurz gesehen. Hier hätte man auch schnorcheln können. Zurück im Wagen ging es dann ca. 9:39 Uhr zum versteckten Strand, der leider keiner war, sondern ein großer Strand mit vielen Hotels. Hier waren wir dann etwas Essen und bummeln. Nach ca. 2 Stunden ging es zu Aquarium. Hier konnten wir Schildkröten füttern oder mit ihnen schwimmen. Der Zoo nebenan kostet extra. Nun war die Tour auch vorbei und wir fuhren zurück ins Hotel. Ca. 14:30 Uhr waren wir wieder dort.  Soweit ok aber recht teuer für Fahrten von A nach B. ",de,3.00,,t,viator,,Ronny_S,"",,,,911,APPLICATION,2026-09-08 10:57:40.478024+05:30,,,f
PRioHL67ug74,RSKhWL5dWP2m,2024-06-17 08:17:42+05:30,"Great private tour, really nice guides. We saw dolphins and snorkeling was real fun.
Turtles: really amazing to see the big animals, anyway it is ofc an instagram-hotspot which can be kind of annoying (but not the guides fault in any way!)

Thanks again for the amazing trip 🏝",en-gb,5.00,,t,viator,,Jennifer_P,"",,,,912,APPLICATION,2026-09-08 10:57:40.481246+05:30,,,f
PRioHL67ug74,RSkkiqMVydzF,2024-05-28 21:38:26+05:30,This was a unforgettable experience made safe and very comfortable by Beka and his colleagues. Very good abd clear instructions and very helpful. Committed to your safety and enjoyable experience. ,en-gb,5.00,,t,viator,,Vera_L,"",,,,913,APPLICATION,2026-09-08 10:57:40.484934+05:30,,,f
PRioHL67ug74,RSv0xl0o8Nw9,2024-03-11 15:10:40+05:30,"Beka was very informative, prompt and eager to help. He, along with those that helped us made us feel safe and made our experience a great one! I recommend this company. Swan",en-gb,5.00,,t,viator,,Kowuana_J,"",,,,914,APPLICATION,2026-09-08 10:57:40.489+05:30,,,f
PRir9Z31zc5X,RSyTXozuOFZl,2026-09-02 16:19:38+05:30,"Was a great day, my guide was fantastic. Learned a lot about Stone Town and Zanzibar. Highly recommend.",en-gb,5.00,,t,,alone,,,,,,915,APPLICATION,2026-09-08 10:57:40.49604+05:30,,,f
PRir9Z31zc5X,RS20li1fxHE1,2026-07-16 17:31:48+05:30,"We immediately had a very warm welcome from our guide Mohammed, who expressed genuine interest & enthusiasm to the history of Stone Town, and overall Zanzibar. 

It was very insightful, and truly appreciated Mohammed to keeping up the good vibes & energy, thank you!",en-gb,5.00,,t,viator,,Luca_K,"",Thanks much Luca for your wonderful review it’s our pleasure.Stay well and hope to see you again 😊🙏,en,2026-07-16 22:51:11+05:30,916,APPLICATION,2026-09-08 10:57:46.90342+05:30,,,f
PRir9Z31zc5X,RSjuDuIAQ6Zm,2026-07-08 09:55:27+05:30,Guide was very knowledgeable but all the buildings are under construction so would of been nice to know this before booking ,en-gb,5.00,,t,viator,,Nicole_D,"","Thanks much Nicole for your feedback and for your kind words about our guide. We’re delighted to hear that you found them knowledgeable.

We’re sorry to hear that the ongoing renovation work affected your experience. Unfortunately, the restoration of these historic buildings is managed by the local authorities, and the schedules can change or be extended with little notice. We understand that knowing about this in advance would have helped set expectations, and we appreciate your suggestion.

We’ll review how we communicate any known restoration work to future guests whenever possible. Thank you again for taking the time to share your experience, and we hope to have the opportunity to welcome you again in the future😊🙏",en,2026-07-09 15:06:44+05:30,917,APPLICATION,2026-09-08 10:57:46.916606+05:30,,,f
PRir9Z31zc5X,RSMGK705TjHl,2026-06-10 10:45:44+05:30,"He was very attentive, interesting, punctual, polite. Will highly recommend",en-gb,5.00,,t,,family,Kaadinma,ng,,,,918,APPLICATION,2026-09-08 10:57:46.920001+05:30,,,f
PRir9Z31zc5X,RSSjWu2NfN9P,2026-05-31 13:37:41+05:30,"The walking tour was well combined with sightseeing of the most important places in stone town, and introduction of the historical background. Mohamed was a super Guide, knowledgeable, funny, know the best place to make photos. I enjoyed the tour a lot.",en-us,5.00,,t,,alone,,,,,,919,APPLICATION,2026-09-08 10:57:46.923831+05:30,,,f
PRir9Z31zc5X,RSpGXO0ostOR,2026-05-30 07:28:11+05:30,"Rakib is a nice person, very knowledgeable and approachable. He was easy to chat with and managed to accommodate our requests as part of the tour and beyond. ",en-gb,5.00,,t,viator,,Alexander_K,"",Thanks much Alexander for your wonderful review it’s our pleasure.Stay well and hope to see you again 😊🙏,en,2026-05-30 20:56:04+05:30,920,APPLICATION,2026-09-08 10:57:46.927472+05:30,,,f
PRir9Z31zc5X,RSlWZQyrSnaU,2026-05-24 16:36:10+05:30,Very informative way to explore Stone Town  learning a lot of the history of Zanzibar along the way..,en-gb,5.00,,t,viator,,Damian_G,"",Thanks much Damian for your wonderful review it’s our pleasure.Stay well and hope to see you again 🙏😊,en,2026-05-25 08:49:57+05:30,921,APPLICATION,2026-09-08 10:57:46.930773+05:30,,,f
PRir9Z31zc5X,RS68IVO0n6j6,2026-04-30 14:44:20+05:30,This tour was excellent and worked really well as a shore excursion. The meeting point was less than a kilometre from the ship. The tour was also a fraction of the price of a similar tour from the ship. Nassor was an excellent guide - friendly and very knowledgeable. Stone Town itself is really interesting and not to be missed in Zanzibar.,en-gb,5.00,,t,viator,,yvonnedarlington1,"",Thanks much for your wonderful review it’s our pleasure.Stay well and hope to see you again 😊🙏,en,2026-05-01 17:45:41+05:30,923,APPLICATION,2026-09-08 10:57:46.937627+05:30,,,f
PRir9Z31zc5X,RSUFSqVBrixE,2026-04-29 14:49:48+05:30,"Our guide, Mohamed, met us on time at the agreed upon spot and showed us through the streets of Stone Town, where we likely would have become lost on our own.  As we walked, at a reasonable pace, he explained the history of the area to us, in explicit and easily understandable English.",en-gb,5.00,,t,viator,,jhesselb,"",Thanks much for your wonderful review it’s our pleasure.Stay well and hope to see you again 😊🙏,en,2026-05-01 17:42:40+05:30,924,APPLICATION,2026-09-08 10:57:46.942169+05:30,,,f
PRir9Z31zc5X,RSY9QVfXwj8d,2026-04-29 11:02:09+05:30,"Interesting walk around the sights, sounds and smells of Stone Town. Our guide, Nassor, was very knowledgeable about the history of Zanzibar, its architecture and important buildings so we were kept well informed. ",en-gb,5.00,,t,viator,,Roma_G,"",Thanks much Roma for your wonderful review it’s our pleasure.Stay well and hope to see you again 😊🙏,en,2026-04-30 08:43:47+05:30,925,APPLICATION,2026-09-08 10:57:46.946478+05:30,,,f
PRir9Z31zc5X,RSZNHa5Bc13G,2026-04-28 18:06:27+05:30,"We had an amazing and informative experience with our wonderful and insightful tour guide and driver, Rakib. He took us through every corner in Stone Town and even to a local restaurant in there where we enjoyed some local food. The experience was a 10/10 and I’d recommend to future travelers. He made the experience worthwhile.",en-gb,5.00,,t,viator,,8h8kz2m8jm,"",Thanks much for your wonderful review it’s our pleasure.Stay well and hope to see you again 🙏😊,en,2026-04-29 15:25:06+05:30,926,APPLICATION,2026-09-08 10:57:46.950003+05:30,,,f
PRir9Z31zc5X,RSTTjkElze8C,2026-04-12 18:55:25+05:30,Rakib was a knowledgeable guide.,en-us,5.00,,t,,friends,Henry,za,,,,927,APPLICATION,2026-09-08 10:57:46.953431+05:30,,,f
PRir9Z31zc5X,RSPeJC2NkqHR,2026-04-04 15:05:32+05:30,Extraordinary experience with excellent historical and actual information about Stone Town. Our guide took care of us and we enjoyed the 3h tour pretty much.,en-gb,5.00,,t,,partner,Knut,de,,,,928,APPLICATION,2026-09-08 10:57:46.956984+05:30,,,f
PRir9Z31zc5X,RSKuY8e9Z3Yz,2026-03-16 00:26:07+05:30,"My tour guide was super thorough with giving me the history of Zanzibar...almost too thorough so if you like history, you''ll appreciate that. I more or less booked this tour to have a safety escort as a solo female traveler to walk around with and keep from getting lost. It served that purpose and I learned some things too. ",en-gb,4.00,,t,viator,,Becky_T,"",Thanks much Becky for your wonderful review it’s our pleasure.Stay well and hope to see you again😊🙏,en,2026-03-16 16:24:16+05:30,929,APPLICATION,2026-09-08 10:57:46.960737+05:30,,,f
PRir9Z31zc5X,RSRpg83yJXZQ,2026-02-28 01:15:46+05:30,"I''ll start with that I rarely give 5 stars, normally I give 4 stars as a max so that should be an indicator as to how much I liked this.  My guide was Nassor.  He did a fantastic job. He  had deep knowledge of the area and knew the history like a true expert.  I felt safe with him both as a person and that he was keeping me safe (from traffic and motorcycles more than anything).  At the end he even asked for feedback so he could improve which shows that he trying to get better even though he''s already so good and has been at it for years which I feel is a sign of good character.  I also had a walking tour combined with another tour I did but this one was much better.  If you are looking for a walking tour, this is one of the best options out there in my opinion. ",en-gb,5.00,,t,viator,,Adam_W,"",Thanks much Adam for your wonderful review it’s our pleasure.Stay well and hope to see you again 😊🙏,en,2026-02-28 05:00:55+05:30,930,APPLICATION,2026-09-08 10:57:46.964913+05:30,,,f
PRir9Z31zc5X,RS9T4qOSTjSw,2026-02-16 05:55:35+05:30,Good experience. Value for money lasted 2 and half hours. Mohammed was very knowledgeable. Only issue I had was he was on his phone quite a few times which was quite annoying. Spent too long talking about doors and handles which I wasn’t interested in . Otherwise a good tour ,en-gb,4.00,,t,viator,,darrel_g,"","
Thank you very much for your detailed feedback and for joining the tour. We’re delighted to hear that you found it to be good value for money and that you appreciated Mohammed’s knowledge.

We also sincerely appreciate your constructive comments. We apologise if the phone usage caused any distraction during the experiencew while guides occasionally need to handle urgent operational matters, we understand how this may have felt and will certainly address it to ensure an even smoother experience in the future.

Regarding the extended discussion on architectural details, we understand that interests vary and we will remind our guides to better tailor the content and pace to guests’ preferences whenever possible.

Thank you again for your wonderful review,honestly your feedback truly helps us improve. We hope to welcome you again on another tour in the future🙏
",en,2026-02-20 04:35:59+05:30,931,APPLICATION,2026-09-08 10:57:46.968452+05:30,,,f
PRir9Z31zc5X,RSiLPicMVGEQ,2026-02-15 17:18:43+05:30,"Sehr gut und interessant, um einen Überblick zu bekommen",de,5.00,,t,,alone,Matthias,de,,,,932,APPLICATION,2026-09-08 10:57:46.971722+05:30,,,f
PRir9Z31zc5X,RSA57i0AgHec,2026-02-15 08:14:22+05:30,Rakib is fun entertaining and very knowledgeable. We had a good time and enjoyed the Stone Town tour with him.,en-gb,5.00,,t,viator,,Shelley_H,"",Thanks much for your wonderful review it’s our pleasure 😊.Stay well and hope to see you again 🙏,en,2026-02-18 20:27:56+05:30,933,APPLICATION,2026-09-08 10:57:46.975103+05:30,,,f
PRir9Z31zc5X,RSpiAknyQasl,2026-02-06 17:55:50+05:30,"Wir wurden an unserem Hotel Tembo House persönlich abgeholt, waren die einzigen beiden Teilnehmer des Rundgangs, den wir sehr genossen haben! Unser Guide war sehr freundlich, hatte viele interessante Informationen für uns und hat den ganzen Nachmittag für uns zu einem unvergesslichen Erlebnis gemacht. Besonders gut hat mir gefallen, dass wir zusatzlich ein Rooftop Café besucht haben, Essen waren im lukmaan Swahili Restaurant und er uns am Forodhani Park den Zanzibar Flippers zugeführt hat und wir jeder ein lustiges Welcome to Zanzibar Video bekommen haben. Alles in Allem unbedingt empfehlenswert! War sehr schön!",de,5.00,,t,,partner,Angela,de,,,,934,APPLICATION,2026-09-08 10:57:46.978319+05:30,,,f
PRir9Z31zc5X,RSfBUvU7YFRQ,2026-02-04 08:56:38+05:30,"Rakib was communicative and transparent, before my arrival with clear pick up info. He was on time, friendly and welcoming with a cold water bottle. 
He has a passion for Zanzibar and offered some interesting facts about Stone Town & Zanzibar. The tour was diverse, some history to shopping opportunities (though not salesy). Nice touch going to a Swahili restaurant and a rooftop hotel. Stone town is photogenic and it was great to experience real life going; the alleys, local markets, school children and locals just living life. 
There was a lot of information to digest, and there are a lot of historical buildings which are currently being restored, which can only be partially seen, yet of interest. Overall, an insightful and must do in Stone Town. 
",en-gb,5.00,,t,viator,,TINA_B,"",Thanks much Tina for your wonderful review it’s our pleasure😊.Stay well and hope to see you again 🙏😊,en,2026-02-04 17:50:42+05:30,935,APPLICATION,2026-09-08 10:57:46.981783+05:30,,,f
PRir9Z31zc5X,RSvwWIuIafH5,2026-01-21 15:27:27+05:30,"This tour is extremely informative. There is a good balance of history and detail regarding current state of affairs. 

As a solo traveler, I felt extremely safe with Rakib. He is extremely polite, patient and professional. Would highly recommend him as a tour guide ☺️. 

Note: Some of the sites require payment for entry so do ensure you have some cash on you. ",en-gb,5.00,,t,viator,,Khanyi_M,"",Thanks much for your wonderful review it’s our pleasure.Stay well and hope to see you again 😊🙏,en,2026-01-21 20:29:01+05:30,938,APPLICATION,2026-09-08 10:57:47.022609+05:30,,,f
PRir9Z31zc5X,RS66rwwDEOdK,2026-01-14 06:03:27+05:30,"Amazing tour of Stone town and Rakib did a phenomenal tour highlighting historical events and moments about this beautiful Island. Rakib is very knowledgeable about the places, events and the people are so hospitable🙌🙌
One moment was referenced that corroborated a history lesson I had in high school 😃 truly a remarking experiences for me.",en-gb,5.00,,t,viator,,Doiba_E,"",Thanks much for your wonderful review 😊it’s our pleasure.Stay well and hope to see you again 😊🙏,en,2026-01-15 06:12:02+05:30,939,APPLICATION,2026-09-08 10:57:47.026472+05:30,,,f
PRir9Z31zc5X,RSRM8dftPtwZ,2026-01-13 21:47:35+05:30,It was a great experience and the tour guide is extremely knowledgeable.,en-us,5.00,,t,,partner,Osangir,ke,,,,940,APPLICATION,2026-09-08 10:57:47.029885+05:30,,,f
PRir9Z31zc5X,RSFFIK28SNEe,2026-01-12 09:08:54+05:30,"We loved our tour of Stonetown. Raquib was an excellent guide and tailored the walk to our interests. You should be prepared for the heat and wear good walking shoes. Also many of the historic buildings are under restoration. 
We especially enjoyed the rooftop bar.",en-gb,5.00,,t,viator,,SarahAnne_T,"",Thanks much Sarah for your wonderful review it’s our pleasure.Stay well and hope to see you again 😊🙏,en,2026-01-13 15:28:57+05:30,941,APPLICATION,2026-09-08 10:57:47.03325+05:30,,,f
PRir9Z31zc5X,RSa0f8EbRoIY,2026-01-09 07:37:02+05:30,Thanks to Rakib for a good tour of Stonetown.  Catered to our desires on stopping and going providing just the right info for an informative tour of this UNESCO gem.  Unfortunately most of the key highlights were under renovation,en-gb,5.00,,t,viator,,Porn_L,"",Thanks much for your review it’s our pleasure😊.Hopefully the renovation of the house of wonders and the old fort will get done very soon🤞🏻Thanks much once again for booking with us stay well and hope to see you again 🙏😊🤝,en,2026-01-10 12:32:33+05:30,942,APPLICATION,2026-09-08 10:57:47.036334+05:30,,,f
PRir9Z31zc5X,RSQ9lVjl5whu,2026-01-06 18:29:05+05:30,Rakib is an excellent tour guide! We had a fabulous afternoon in Stone Town. My dad mentioned that he liked how loud Rakib spoke. Highly recommend!,en-gb,5.00,,t,viator,,Kayla_D,"",Thanks much Kayla for your wonderful review.It’s our pleasure stay well and hope to see you again 😊🙏,en,2026-01-06 22:20:57+05:30,943,APPLICATION,2026-09-08 10:57:47.039424+05:30,,,f
PRir9Z31zc5X,RS1EUfLcKxCY,2025-12-04 12:18:57+05:30,My guide was very well informed about the history of stone town and l learned a lot. He also took me to several interesting places I’m sure I wouldn’t have discovered on my own,en-gb,5.00,,t,viator,,Larry_J,"",Thanks much Larry for your wonderful review it’s our pleasure.Stay well and hope to see you again 🙏😊,en,2025-12-05 13:56:24+05:30,944,APPLICATION,2026-09-08 10:57:47.042859+05:30,,,f
PRir9Z31zc5X,RSoICq3p8Zzm,2025-11-24 14:30:34+05:30,Was amazing experience to walk around the town. Rakib is friendly and insightful. Highly recommend his service ,en-gb,5.00,,t,viator,,mubanga_m,"",Thanks much Mubanga for your review.It’s our pleasure stay well and hope to see you again 🙏😊,en,2025-11-25 16:33:20+05:30,945,APPLICATION,2026-09-08 10:57:47.046758+05:30,,,f
PRir9Z31zc5X,RSHK6wEjlzbd,2025-11-23 05:19:38+05:30,"I did a private three-hour walking tour of Stone Town with Rakib and absolutely loved it. As it was just me, I really appreciated being able to go completely at my own pace and spend more or less time at different spots depending on what I was actually interested in.

Rakib was fantastic – really knowledgeable and great at giving multiple perspectives on the history and significance of each site so I could form my own understanding. I never felt rushed, and he was genuinely attentive to what I wanted to see and learn about.

It was such a great afternoon exploring Stone Town. Would highly recommend booking with Rakib if you want a personalised, thoughtful tour experience.",en-gb,5.00,,t,viator,,Nikolaanne_S,"","Thanks much Nikola for your wonderful
review.It’s our pleasure stay well and hope to see you again 😊🙏",en,2025-11-23 12:53:47+05:30,946,APPLICATION,2026-09-08 10:57:47.049949+05:30,,,f
PRir9Z31zc5X,RSuvbvqYSzjV,2025-11-17 12:22:07+05:30,"Belle découverte de Stone Town grace à notre guide. Mélange d’histoire, de culture très intéressant. Merci 🤩",fr,5.00,,t,,partner,DIDIER,it,,,,947,APPLICATION,2026-09-08 10:57:47.053105+05:30,,,f
PRir9Z31zc5X,RS84hYHb2UK5,2025-11-02 07:30:05+05:30,They wanted to charge us $100 US dollars for pickup. Most of the attractions were closed due to the election and civil unrest.  The guide was great and he was actually filling in for someone.  This tour was not worth it and we requested a refund.  The slave market is what we wanted to see most of all and couldn’t because it was closed.  House of Wonders is under construction so there’s nothing to see.  Very disappointed. ,en-gb,2.00,,t,viator,,gina_c,"",We’re really sad to see such a review like this because we have asked you end of the tour and you said that everything was okay and the tour was good.We have never got such a bad review like this due to the additional transport fees because the information in our product shows that the pickup included but only in Stone town and there’s an additional fees of the pickup which is outside from Stone town and we had so many bookings and some of them were staying outside from Stone and they never complained about the additional price of the transport because the informations are showing that the pickup which is included is only in Stone town.Also we are wondering why you have asked for a full refund since we did the tour with you within 3 hours in Stone town and you have said that the tour was good and everything was okay even though that the whole nation of Tanzania has been passing through difficult time of the election and internet issues due to the unsafe conditions in Tanzania mainland but still we have tried our best to make you happy and satisfied but now you’re saying such a nonsense like this it’s not really fair.You were staying too far from Stone town which is one hour drive from Stone town and than you said that viator didn’t tell you that you are far away from town.Please be trustworthy as we are because no one has ever complained such a thing like this.We’re really sad and really disappointed for what you did to us but may be you intended to destroy our reputation.Thanks much for booking with us but we’re not going to refund the money since you did the tour and you intended to destroy our reputation and actually it wasn’t like this the way you have posted here ,en,2025-11-03 18:21:46+05:30,948,APPLICATION,2026-09-08 10:57:47.056175+05:30,,,f
PRir9Z31zc5X,RS7gENYZan0V,2025-10-23 14:21:26+05:30,"We had Nas for our tour of Stonetown. He was really knowledgeable about all the structures, historical intrigues, and architecture. Detailing us the intricacies of Zanzibar’s history and development. He took us across the oldest buildings and most iconic buildings in Stonetown, telling us their stories.  

Nas was very charismatic, constantly making sure we were engage, even quizzing us and making the experience interactive. Despite some of the tour being limited due to construction, Nas made sure to accommodate us in different ways, and allowed us to still get the same experience. 

I would highly recommend Nas for anyone who wishes to live through the history of Stonetown",en-gb,5.00,,t,viator,,Khaled_B,"",Thanks much Khaled for your review it’s our pleasure.Stay well and hope to see you again 🙏😊,en,2025-10-24 10:49:14+05:30,949,APPLICATION,2026-09-08 10:57:47.059348+05:30,,,f
PRir9Z31zc5X,RSyJEWHorMfI,2025-10-16 22:02:03+05:30,This was a fabulous tour!  Very educational. We had to shorten our time and our guide was very accommodating. ,en-gb,5.00,,t,viator,,Robin_E,"",Thanks much Robin for your review it’s our pleasure.Stay well and hope to see you again 🙏🤝,en,2025-10-17 17:56:40+05:30,950,APPLICATION,2026-09-08 10:57:47.062957+05:30,,,f
PRir9Z31zc5X,RSoFEguPE14o,2025-09-22 00:01:48+05:30,"Unsere Tour mit Rakib war sehr informativ und interessant. Wir haben alle wichtigen Orte gesehen und konnten viele Fragen stellen. Alles super, vielen Dank!",de,5.00,,t,,partner,Jennifer,de,,,,951,APPLICATION,2026-09-08 10:57:47.067005+05:30,,,f
PRir9Z31zc5X,RSwPn4ebBap0,2025-09-14 17:37:12+05:30,"Great tour by Rakib, he is very knowledgeable and friendly guide. I would definitely recommend this tour! ",en-gb,5.00,,t,viator,,Anonymous,"",Thanks much for your review it’s our pleasure.Stay well and hope to see you again 🙏😊,en,2025-09-15 11:23:17+05:30,952,APPLICATION,2026-09-08 10:57:47.070699+05:30,,,f
PRir9Z31zc5X,RSaxaGPiY18m,2025-08-26 21:55:10+05:30,"I had a very enjoyable tour with Rakib, he is very fun and knowledgeble. I learnt a lot about the history of the town and he also paid attention if i would need anything during the trip. Really worth the money and I can just recommend him.",en-gb,5.00,,t,,alone,Orsolya,hu,,,,953,APPLICATION,2026-09-08 10:57:47.078396+05:30,,,f
PRir9Z31zc5X,RSEGMmT88hRq,2025-08-21 11:26:27+05:30,Great tour in a great city!! Very interesting with a lot of historical information! Very Nice people!!,en-gb,5.00,,t,viator,,JamalEddine_E,"",Thanks much Jamal for your review it’s our pleasure stay well and hope to see you again 😊🙏,en,2025-08-22 14:30:26+05:30,954,APPLICATION,2026-09-08 10:57:47.081915+05:30,,,f
PRir9Z31zc5X,RSXQ19gQIWBR,2025-07-22 21:32:40+05:30,"If you''re visiting Zanzibar, do not miss the Stone Town city tour! It was the absolute highlight of our trip. The walking tour took me through the heart of the city’s history — from the Old Fort and House of Wonders , with historical stories told by Nassor that visually and vividly took me back in time.  Our guide, Nassor was incredibly knowledgeable and shared stories that gave life and meaning to every building and alley we walked through.

I was amazed by the blend of cultures in Stone Town — Arab, African, Indian, and European — and how beautifully it’s reflected in the architecture, food, and daily life. I also loved visiting the local markets and spice shops, where I was able to experience  Zanzibar’s spice heritage.

The pace was perfect, and we had plenty of time for questions, photos, and even shopping. The people of Stone Town were so friendly and welcoming. I left with a much deeper appreciation for Zanzibar’s rich past and vibrant present.

Highly recommend this tour — it’s informative, emotional, and absolutely unforgettable. If you are in luck you will have Nassor as your guide

",en-gb,5.00,,t,viator,,Bonita_P,"",Thanks much Bonita for your review it’s our pleasure.Stay well and hope to see you again ,en,2025-07-23 18:53:04+05:30,955,APPLICATION,2026-09-08 10:57:47.085486+05:30,,,f
PRir9Z31zc5X,RSDJt7dUI2BG,2025-07-12 15:22:39+05:30,Great tour. Nassor did an excellent job explaining the community to us and personalized the tour to meet our interest ,en-gb,5.00,,t,viator,,Laura_R,"",Thanks much Laura for your review it’s our pleasure.Stay well and hope to see you again ,en,2025-07-13 07:03:22+05:30,956,APPLICATION,2026-09-08 10:57:47.088965+05:30,,,f
PRir9Z31zc5X,RSM9t832XRnH,2025-07-09 20:38:47+05:30,the visit was very interesting but what made the day special was the knowledge of the huida abdhul a great guy who speaks very good Italian,en-gb,5.00,,t,viator,,FEDERICA_M,"",Thanks much for your review it’s our pleasure.Stay well and hope to see you again 🙏,en,2025-07-10 17:16:58+05:30,957,APPLICATION,2026-09-08 10:57:47.092186+05:30,,,f
PRir9Z31zc5X,RSeN2JImiolt,2025-07-04 18:42:20+05:30,"Rakib is a great guide. He is personable and respectful, his English is excellent, his knowledge of Zanzibar history, art and architecture, food and culture is extensive, and he is a very effective communicator.  He is a very good and safe driver and he has a great sense of humor.   He asked what we already knew about Zanzibar and Stone City and what areas of the city we had already seen, and he took all of that into account as he toured us around.  He was quite accommodating in helping us with special requests (we needed a Post Office and we needed a particular football shirt), and he extended the tour almost an hour beyond the 3-hr posted tour duration.  Overall, an interesting and informative tour, and he is a very pleasant person to spend an afternoon with.  ",en-gb,5.00,,t,viator,,Lisa_P,"",Thanks much Lisa for your review it’s our pleasure.Stay well and hope to see you again 🙏😊,en,2025-07-05 09:49:15+05:30,958,APPLICATION,2026-09-08 10:57:47.095267+05:30,,,f
PRir9Z31zc5X,RSAn9IhOAiER,2025-05-22 21:14:16+05:30,"A tour through Arabic Indian and European traces in both architecture and clothing and cuisine. Tragic traces of the slave market, a market on which Europeans still profit",en-gb,5.00,,t,viator,,Marco_S,"",Thanks for booking with us stay well and hope to see you again 🤝,en,2025-05-24 01:46:21+05:30,959,APPLICATION,2026-09-08 10:57:47.098389+05:30,,,f
PRir9Z31zc5X,RSjrMWmDsdfd,2025-05-11 18:12:33+05:30,"Our guide Rakib was excellent his knowledge was outstanding and informative, as well as interesting.",en-gb,5.00,,t,viator,,Bob_V,"","Thanks much Bob for your review,it’s our pleasure stay well and hope to see you again 🙏",en,2025-05-12 17:48:24+05:30,960,APPLICATION,2026-09-08 10:57:47.101756+05:30,,,f
PRir9Z31zc5X,RSHdh7MHFtCF,2025-04-21 14:35:08+05:30,"Beautiful afternoon stroll through Stone Town, engaging conversations with my guide, Rakim. Well done!",en-gb,5.00,1,t,,alone,Christoph,et,,,,961,APPLICATION,2026-09-08 10:57:47.105552+05:30,,,f
PRir9Z31zc5X,RS3wtpDRecrf,2025-04-18 16:24:53+05:30,Really great and authentic. A must see tour and very good guide. The real of Zanzibar culture and history ,en-gb,5.00,,t,viator,,christinaplesner,"",Thanks much Christina for your review it’s our pleasure stay well and hope to see you again 🙏,en,2025-04-19 09:01:43+05:30,962,APPLICATION,2026-09-08 10:57:47.109045+05:30,,,f
PRir9Z31zc5X,RSUxCDVj5AT9,2025-02-24 09:31:32+05:30,Very informative walking tour. We had to pay extra for seeing the Slave Market but all in all was very good. ,en-gb,5.00,,t,viator,,Jacqueline_E,"",Thanks much for your review it’s our pleasure stay well and hope to see you again 🙏,en,2025-02-24 15:54:15+05:30,963,APPLICATION,2026-09-08 10:57:47.112407+05:30,,,f
PRir9Z31zc5X,RS87T8FBt16l,2025-02-23 14:49:38+05:30,"Great walking tour with Nasir, he was very knowledgeable and provided lots of interesting information on the history of Stone Town. ",en-gb,5.00,,t,viator,,Ian_C,"",Thanks much for your review it’s our pleasure stay well and hope to see you again 🙏,en,2025-02-24 15:51:34+05:30,964,APPLICATION,2026-09-08 10:57:47.115502+05:30,,,f
PRir9Z31zc5X,RSTwhbLDyIiE,2025-02-11 09:21:48+05:30,"Interesante paseo para conocer la historia de Zanzíbar ,  su  gente y sus edificios más representativos.
",es,4.00,,t,viator,,Carmelo_G,"","Muchas gracias por tu reseña, es un placer que te encuentres bien y esperamos verte nuevamente✌️",es,2025-02-11 15:08:26+05:30,965,APPLICATION,2026-09-08 10:57:47.11865+05:30,,,f
PRir9Z31zc5X,RSAVoeF5orhv,2025-01-26 20:08:04+05:30,"Great tour around the town, tour guide is knowledgeable and polite. 2-3 hours is enough to see everything ",en-gb,5.00,,t,viator,,Veranika_K,"",Thanks much for your review it’s our pleasure stay well and hope to see you again 🙏,en,2025-01-27 15:54:36+05:30,966,APPLICATION,2026-09-08 10:57:47.122047+05:30,,,f
PRir9Z31zc5X,RSLXvR7In5xR,2025-01-26 07:39:07+05:30,"We were picked up from the hotel with a a/c new van, tour was interesting and nice to learn the history of the town. Guide was very informative ",en-gb,5.00,,t,viator,,Georgios_V,"",Thanks much for your review it’s our pleasure stay well and hope to see you again 🙏,en,2025-01-26 13:22:20+05:30,967,APPLICATION,2026-09-08 10:57:47.125949+05:30,,,f
PRjOQFP6vlUE,RS7JSOUZbdfK,2024-03-22 19:02:15+05:30,"Ballade sympa en quad, tout est sécurisé . Visite d’un village et retour à l’hôtel. Sympa",fr,4.00,,t,,partner,Christophe,gf,,,,991,APPLICATION,2026-09-08 10:58:15.204381+05:30,,,f
PRir9Z31zc5X,RSWXezbnEtB4,2024-12-24 04:55:38+05:30,Great guide who showed us the highlights of stone town. He walked at our pace and we had no difficulty keeping up. ,en-gb,5.00,,t,viator,,Doug_W,"",Thanks much for your review it’s our pleasure stay well and hope to see you again ,en,2024-12-25 15:46:20+05:30,968,APPLICATION,2026-09-08 10:57:47.12953+05:30,,,f
PRir9Z31zc5X,RSjIkZiGVjbu,2024-11-21 18:22:45+05:30,"learn about the rich and diverse history of the city, tour covers the whole historic city centre including vibrant markets

",en-gb,4.00,,t,viator,,Anna_T,"",Thanks much for your review it’s our pleasure stay well and hope to see you again 🙏,en,2024-11-22 18:59:06+05:30,969,APPLICATION,2026-09-08 10:57:47.133163+05:30,,,f
PRir9Z31zc5X,RSVagfuO4pTV,2024-10-15 08:44:32+05:30,"Rakib was personable, polite and informative in this extensive tour of Stone Town.  He ensured that we were immersed comfortably in the culture of Zanzibar and felt safe and thoroughly enjoyed the tour …. Thank u Rakib :) ",en-gb,5.00,,t,viator,,annette66,"",Thanks much for your review stay well and hope to see you again 🙏,en,2024-10-17 14:29:31+05:30,970,APPLICATION,2026-09-08 10:57:47.136483+05:30,,,f
PRir9Z31zc5X,RSu66EutYHnL,2024-10-06 23:44:33+05:30,"I had an exceptional experience with Rakib as our tour guide in Zanzibar. His extensive knowledge and passion for sharing insights made the walking tour both engaging and educational. Rakib’s friendly demeanor made us feel comfortable, and he always went the extra mile to assist with our needs. Rakib’s attention to detail and dedication were truly impressive. I highly recommend him for anyone looking for a professional and personable guide.",en-gb,5.00,,t,viator,,shougalmarri,"",Thanks much Shouq it’s my pleasure stay well and hope to see you again 🙏😊,en,2024-10-07 22:36:44+05:30,971,APPLICATION,2026-09-08 10:57:47.139801+05:30,,,f
PRir9Z31zc5X,RSAubZ8ATXfm,2026-08-28 12:15:20+05:30,,,4.00,,f,,family,,,,,,972,APPLICATION,2026-09-08 10:57:47.143303+05:30,,,f
PRir9Z31zc5X,RSClry4yjy8z,2026-08-22 18:18:15+05:30,,,5.00,,f,,,,,,,,973,APPLICATION,2026-09-08 10:57:47.146985+05:30,,,f
PRir9Z31zc5X,RSDElc2XlTtl,2026-08-05 00:30:26+05:30,,,4.00,,f,,friends,Basetsana,za,,,,974,APPLICATION,2026-09-08 10:57:47.150316+05:30,,,f
PRir9Z31zc5X,RSN6V8nIgGXJ,2026-06-19 22:28:41+05:30,,,5.00,,f,,alone,,,,,,975,APPLICATION,2026-09-08 10:57:47.153861+05:30,,,f
PRir9Z31zc5X,RS8MKlligkYy,2026-05-12 20:38:37+05:30,,,5.00,,f,,,,,,,,976,APPLICATION,2026-09-08 10:57:47.157355+05:30,,,f
PRir9Z31zc5X,RSVcyLdy0jEh,2026-02-02 20:26:55+05:30,,,5.00,,f,,,,,,,,977,APPLICATION,2026-09-08 10:57:47.160877+05:30,,,f
PRir9Z31zc5X,RSo7DYniqRAD,2025-08-09 15:32:10+05:30,,,4.00,,f,,partner,raffaella,it,,,,978,APPLICATION,2026-09-08 10:57:47.164857+05:30,,,f
PRir9Z31zc5X,RSQG7ByfafrO,2025-04-17 16:39:03+05:30,,,4.00,,f,,alone,,,,,,979,APPLICATION,2026-09-08 10:57:47.168488+05:30,,,f
PRIzTx8ce7c9,RS5hNrFAPulg,2025-07-21 16:56:15+05:30,The driver was flexible to accommodate the change in our flight plans and the delay getting through customs,en-gb,4.00,,t,viator,,Diane_O,"","Thank you! We''re glad the driver could adjust to your schedule. We appreciate your feedback and hope to assist you with future trips worldwide
Laura- Rhomtrip.com ",en,2025-08-01 01:55:56+05:30,980,APPLICATION,2026-09-08 10:57:47.171999+05:30,,,f
PRjDrW8ziz5X,RS6bLtKaCync,2025-07-23 07:55:16+05:30,terrible tourist trap. not worth the cost by any stretch of the imagination. too many people. extremely dirty. the “guide” didn’t even speak a word the entire time. ,en-gb,1.00,,t,viator,,NicoleJ_R,"","Here’s a suggestion for a reply to that review:

---

Dear [Reviewer''s Name],

Thank you for sharing your feedback with us. We’re truly sorry to hear that your experience did not meet your expectations. We strive to provide an enjoyable and informative experience for all our guests, and we appreciate you bringing these issues to our attention.

We understand that large crowds can be overwhelming and that cleanliness is essential for a pleasant visit. Your comments about the guide not speaking during the tour are also concerning, and we will address this with our team to ensure it doesn’t happen again in the future.

We value your input and are committed to improving. If you would like to discuss your experience further or if there’s anything we can do to make it right 

Thank you again for your feedback, and we hope to have another opportunity to serve you better in the future.

Best regards, Pongwe Tours ",en,2025-07-25 20:18:10+05:30,981,APPLICATION,2026-09-08 10:57:57.708901+05:30,,,f
PRjDrW8ziz5X,RSkEe8zFLj4X,2024-02-20 19:02:36+05:30,"Our snorkel and beach excursion was an absolute blast! The crystal-clear waters teeming with vibrant marine life provided an unforgettable snorkeling experience. The crew was knowledgeable and attentive, ensuring everyone''s safety and enjoyment in the water. After working up an appetite, we were treated to a delicious lunch, freshly prepared and served with a side of stunning ocean views. It was the perfect combination of adventure and relaxation. Highly recommend this excursion to anyone looking for an unforgettable day on the water!",en-gb,4.00,,t,viator,,Melissa_H,"","Thanks for the update, you’re great and our Team is ready serve you ,Welcome back to our paradise island of Zanzibar!
Asante Sana ",en,2024-02-24 19:04:31+05:30,982,APPLICATION,2026-09-08 10:58:06.983253+05:30,,,f
PRjDrW8ziz5X,RSrKL6vhF4GR,2023-12-28 08:46:38+05:30,"Everything was perfect from the service to the location. Just make sure you bring slippers, sunscreen and a smile and you''re good to go!",en-gb,5.00,,t,viator,,Dumitriu_A,"","Dear ! Thanks for appreciating our experience that we share with you ,you’re most welcome to Zanzibar,Tanzania once again! The best team is here to make your holiday unforgettable!
Warmly regards pongwe tours.",en,2024-02-24 19:01:00+05:30,983,APPLICATION,2026-09-08 10:58:06.989755+05:30,,,f
PRjlrQrGWqmg,RSXQJuc0ZeK0,2026-08-21 10:36:17+05:30,Non avevano messo neanche un fiore o qualche decorazione sul Kajak e video fatti del tutto a caso,it,1.00,,t,,partner,,,,,,984,APPLICATION,2026-09-08 10:58:06.994044+05:30,,,f
PRjlrQrGWqmg,RSvRR3YEBPQW,2026-03-21 17:33:44+05:30,The entire experience felt like an professional photo/video shoot and the results were amazing 👏 🤩,en-us,5.00,,t,,partner,Ramon,us,,,,985,APPLICATION,2026-09-08 10:58:15.179946+05:30,,,f
PRjlrQrGWqmg,RSw9bMmBbyhU,2026-01-16 06:37:18+05:30,"Paid for this excursion and they never showed up. Additionally, communication was non existent, despite me sending multiple messages.",en-gb,1.00,,t,viator,,Shanavia_D,"","We are very sorry for the inconvenience. We wrote you multiple messages on WhatsApp and also tried calling you several times, but we didn’t receive any response. Please check your WhatsApp, as we went in front of the hotel and even to the reception of Z Hotel, but you did not respond.
",en,2026-01-19 20:56:20+05:30,986,APPLICATION,2026-09-08 10:58:15.185059+05:30,,,f
PRjlrQrGWqmg,RSeWS8MRK0Qn,2025-12-18 09:54:21+05:30,"The crew was lovely and they picked us up from our hotel and dropped us back afterward. They also provided water, which was appreciated.

The whole process was easy and enjoyable, and the drone captured high-quality footage. The only disappointment was the final product, as one of the staff members appeared in the background of most of the photos and videos, which unfortunately ruined much of the footage and we didn''t get the final edited video.",en-gb,3.00,,t,viator,,Hlonipha_M,"","Thank you for your review and hope to see you again . We try to get in touch with you per WhatsApp for the final video but unfortunately it was not possible to reach .. please get in touch with us per WhatsApps 
Thanks ",en,2026-01-05 21:49:29+05:30,987,APPLICATION,2026-09-08 10:58:15.190242+05:30,,,f
PRjlrQrGWqmg,RSj7BbBcmrRg,2026-05-27 15:45:54+05:30,,,5.00,,f,,partner,jose,be,,,,988,APPLICATION,2026-09-08 10:58:15.194855+05:30,,,f
PRjP6wBSH0Ie,RSk1QNLmU24H,2026-07-16 11:25:03+05:30,"Such a great experience! Our guide was very knowledgeable! Answering all our questions and providing a great cultural experience. We explored all over and without him I’m sure we would have been lost. I believe it was supposed to be 2-3 hrs but based on our interest to learn, he stayed with us even longer. ",en-gb,5.00,,t,viator,,Danielle_W,"","It was such a lovely day, we also learned most of your culture. ",en,2026-07-17 16:27:37+05:30,992,APPLICATION,2026-09-08 10:58:19.018011+05:30,,,f
PRJqh6wnCL31,RSbWVyCW1QeH,2026-02-09 07:30:40+05:30,"Kadeem was very adaptable  and had solid knowledge of all that we were seeing. I was a bit surprised that the visit to the spice farm
Requires extra $ to take a cab rather than public transport. But Kaseem is very communicative /responsuve via WhatsApp so you can query him about whatever extra charges are required. Kaseem had great historical knowledge and was ready to answer all my questions bid and small. He had an impressive English language vocabulary. ",en-gb,5.00,,t,viator,,Nellie_D,"",I greatly appreciate for wonderful comment. ,en,2026-02-10 15:47:31+05:30,993,APPLICATION,2026-09-08 10:58:20.317344+05:30,,,f
PRJqh6wnCL31,RSlHIPo90Hwr,2024-07-07 09:54:49+05:30,"The spice tour was interesting and thorough, if a bit different to how we anticipated. It was very authentic and guides at spice farm were very friendly and welcoming.  
Our driver picked us up exactly as arranged, he was very pleasant and the car was immaculate.
In the afternoon he took us to Stone Town to meet our guide, KASSIM.  He was extremely knowledgeable and friendly.  We enjoyed the tour and felt we had a taste of both the history and life in Stone Town.  Our trip included the historical locations and points of interest, including the markets.  
Our driver was waiting for us, he then returned us to our hotel. 
",en-gb,4.00,,t,viator,,CLAIRE_D,"",I greatly appreciate for the comment and thank you for taking your time to review.,en,2024-07-08 08:59:17+05:30,994,APPLICATION,2026-09-08 10:58:25.065243+05:30,,,f
PRjqwsp2D9fN,RSR7xFWfJ2DW,2025-07-21 16:45:26+05:30,"We went with tour guide and driver Suleman, who was excellent. He was friendly and knowledgeable, the lunch on the beach afterwards was fantastic. The only downfall was that we saw the dolphin, but did not get to swim with them as they are too fast! However, the rest of the snorkeling experience was great.",en-us,4.00,,t,,partner,Marques,"",,,,995,APPLICATION,2026-09-08 10:58:25.071106+05:30,,,f
PRjqwsp2D9fN,RSHM8zbmuSYI,2023-09-22 18:09:32+05:30,"Thanks for this unbelievable moment. It was amazing to swim with the dolphins and in this fabulous sea.
The lunch with view was so enjoyable ",en-gb,5.00,,t,viator,,Cedric_C,"",,,,996,APPLICATION,2026-09-08 10:58:26.706166+05:30,,,f
PRJvsEYbLB9Y,RSYLr6PM5tUV,2024-01-17 05:50:55+05:30,Walking through the market.  We would have gotten lost without his excellent guidance.  We were able to move at our own pace.,en-gb,5.00,,t,viator,,Arthur_V,"",,,,997,APPLICATION,2026-09-08 10:58:26.711073+05:30,,,f
PRjyn1id1Pge,RStDCy2p2irZ,2026-07-12 14:18:11+05:30,"Patient and professional drivers, we booked a return as well after the ride from the airport was so great. Clean and comfortable. They communicated quickly and clearly in English first on here and then on WhatsApp. They even called to ensure the time of the flight was correct. The driver met us at the exit with a sign and took us on the 1.5 hour drive to Nungwi. For a family of 4 and all our luggage, around $50 seemed like a great deal considering the care and distance. They offered fairly priced additional tours, and were very polite when we declined. Not pushy at all. I would recommend Zanspice tours to everyone. ",en-gb,5.00,,t,viator,,Ryan_W,"","Thank you so much for your wonderful review and for recommending Zanspice Tours! 🌴

We''re delighted to hear that you enjoyed both your airport transfer and return journey. It''s great to know our drivers, communication, and service met your expectations, and that you found our vehicle clean, comfortable, and ideal for your family. We also appreciate your kind words about our approach to offering tours without any pressure. Your support means the world to us, and we look forward to welcoming you back to Zanzibar on your next adventure!",en,2026-07-13 17:17:01+05:30,998,APPLICATION,2026-09-08 10:58:34.955042+05:30,,,f
PRjzQyIZdm26,RSyVsqf7fZkP,2026-07-23 12:59:57+05:30,"I had an enjoyable experience with Mohammad. He was polite, kind and well informed about the culture and history of stone town. ",en-gb,5.00,,t,viator,,Priyanka_A,"",,,,999,APPLICATION,2026-09-08 10:58:38.027568+05:30,,,f
PRjzQyIZdm26,RSkWU8aE444r,2025-10-12 16:04:51+05:30,"Mudikei was an excellent guide. He was so knowledgeable, but didn''t go overboard with information. I learned so much, and he is very easy-going and comfortable to be with. I''m super happy that I had him as my guide.",en-gb,5.00,,t,viator,,susimccord1,"",,,,1000,APPLICATION,2026-09-08 10:58:39.196681+05:30,,,f
PRjzQyIZdm26,RSBoTbWTvcLB,2025-04-01 17:32:35+05:30,"My husband and I had an outstanding tour of Stone Town in Zanzibar with Mohammed. He guided us through the bustling market souk, where locals shop, and took us to many iconic landmarks while sharing fascinating insights into the area’s history and traditions. His deep knowledge, warm personality, and engaging storytelling made the experience both enriching and enjoyable. He made us feel completely at ease, ensuring a memorable and immersive tour. This is an absolute must for anyone visiting Zanzibar!",en-gb,5.00,,t,viator,,Rozina_V,"",Thank you so much for your 5-star review! We’re thrilled you enjoyed and had a great time. We’d love to welcome you back soon,en,2025-08-13 18:17:56+05:30,1001,APPLICATION,2026-09-08 10:58:39.201595+05:30,,,f
PRjzQyIZdm26,RS6pCIbeDeSI,2024-12-24 13:16:09+05:30,A very interesting experience! I would definitely recommend it for anyone visiting Zanzibar.,en-gb,5.00,,t,,partner,Samuel,bw,,,,1002,APPLICATION,2026-09-08 10:58:39.206832+05:30,,,f
PRjzQyIZdm26,RSpO7vjrDNaX,2024-09-14 19:47:18+05:30,Literally everything! This was our first time in Zanzibar. Our first day in fact so it made a lot of sense that we get a guide to know any tips. He we above and beyond he educated us about everything while also doing mini side quests that made it even more exciting. At one point we found this beautiful door online that we wanted to take pictures with and he even found that too. Such an amazingly cool guy this was. Well surpassed all expectations. The other days we were there other guides tried to sell their service as we walked around but everything they offered we already knew about because of this awesome guide. We saw everything!,en-gb,5.00,,t,viator,,najere_b,"",Thank you so much for your 5-star review! We’re thrilled you enjoyed and had a great time. We’d love to welcome you back soon,en,2025-08-13 18:24:19+05:30,1003,APPLICATION,2026-09-08 10:58:39.211365+05:30,,,f
PRkFNOOiDGcr,RSATVt6r4eh3,2025-09-10 17:39:03+05:30,"Amina, guide girl, was absolutely best. She has an excellent knowledge of the history of Zanzibar.",en-gb,5.00,,t,,alone,Tomas,cz,,,,1004,APPLICATION,2026-09-08 10:58:39.214959+05:30,,,f
PRkJM3lxEpYb,RSsruD5RWIhH,2026-07-20 21:22:53+05:30,Great experience and friendly drivers. I would highly recommend this company for friends and family traveling to zanzibar ,en-gb,5.00,,t,viator,,Lindsey_T,"","Thank you so much for your wonderful feedback! 🌴

We''re delighted to hear that you had a great experience with our friendly drivers. Your recommendation means a lot to us and motivates our team to continue providing excellent service.

We truly appreciate your support and look forward to welcoming you, your friends, and your family back to Zanzibar in the future.

Safe travels, and we hope to see you again soon! 😊",en,2026-07-21 16:51:01+05:30,1005,APPLICATION,2026-09-08 10:58:47.094529+05:30,,,f
PRkJM3lxEpYb,RSGTP5IXAQfV,2026-07-09 05:53:32+05:30,"Excellent communication from Viator and taxi company. Driver waited patiently for us to arrive as we had an hour’s delay at the airport. Driver was friendly, pleasant and courteous. Vehicle was clean and road worthy. ",en-gb,5.00,,t,viator,,SAM_W,"","Thank you so much for your wonderful 5-star review! 🌟

We''re delighted to hear that you were happy with the communication from both Viator and Zanspice Tours. It''s great to know that our driver was there to welcome you despite your flight delay and that you appreciated their patience, friendliness, and professionalism.

We''re also pleased that you found our vehicle clean, comfortable, and reliable. Your kind feedback means a lot to us and motivates us to continue providing excellent service to every traveler.

Thank you for choosing Zanspice Tours. We hope to welcome you back to Zanzibar again soon! 🌴
",en,2026-07-10 16:51:45+05:30,1006,APPLICATION,2026-09-08 10:58:50.886075+05:30,,,f
PRkJM3lxEpYb,RSgSCH4lMRS6,2026-06-08 15:31:21+05:30,Car was clean and cool. Driver was safe and friendly. I would definitely use them again and recommend to others. ,en-gb,5.00,,t,viator,,Chantel_M,"","Thank you very much for your kind review! 😊 We''re delighted to hear that you enjoyed the clean and comfortable vehicle and that our driver provided a safe and friendly service. Your recommendation means a lot to us, and we look forward to welcoming you again on your next trip to Zanzibar. 🚗🌴",en,2026-06-09 16:51:07+05:30,1007,APPLICATION,2026-09-08 10:58:50.890784+05:30,,,f
PRkJM3lxEpYb,RSGz8duteuG2,2026-04-27 14:12:43+05:30,Driver was excellent and was very welcoming. Engaged a bit during our ride exchanging cultural information ,en-gb,5.00,,t,viator,,8h8kz2m8jm,"","Thank you so much for your kind review!

We’re really happy to hear that you had a great experience with our driver. Providing a warm welcome and sharing local culture is something we truly value, so it’s great to know you enjoyed the interaction during your ride.

We hope to welcome you again on your next visit to Zanzibar! 😊",en,2026-04-29 16:50:53+05:30,1008,APPLICATION,2026-09-08 10:58:50.894488+05:30,,,f
PRkJM3lxEpYb,RSxdoFVr6f2N,2026-03-20 01:44:07+05:30,"Polite, prudent and punctual motorists. I needed to notify about change on arrival of the flight and was promptly answered.",en-gb,5.00,,t,viator,,Henrique_V,"","Ficamos muito felizes com o seu feedback! 😊
Prezamos sempre por motoristas educados, prudentes e pontuais, e por um atendimento rápido e eficiente.

Foi um prazer ajudar com a alteração do seu voo — estamos sempre disponíveis para garantir que tudo corra da melhor forma possível.

Esperamos recebê-lo novamente em breve! 🚗✨",pt,2026-03-20 16:33:59+05:30,1009,APPLICATION,2026-09-08 10:58:50.898127+05:30,,,f
PRkJM3lxEpYb,RSzokAkeTCgo,2026-03-20 01:09:40+05:30,"Driver was very polite, punctual and prudent. Due to the rain, we had to change our schedule and we were responded promptly.",en-gb,5.00,,t,viator,,Henrique_V,"","Ficamos muito felizes com o seu comentário! 😊
É ótimo saber que o motorista foi educado, pontual e prudente durante o seu transfer.

Entendemos que imprevistos como a chuva podem acontecer, por isso estamos sempre prontos para ajudar e responder rapidamente às alterações.

Será um prazer atendê-lo novamente em sua próxima viagem! 🚗✨",pt,2026-03-20 16:35:57+05:30,1010,APPLICATION,2026-09-08 10:58:50.901469+05:30,,,f
PRkJM3lxEpYb,RSYharcNVtXC,2026-02-26 16:39:33+05:30,The driver was amazing. He was very accommodating. Highly recommend this company. He is very honest too and was very helpful when I had to cancel a booking ,en-gb,5.00,,t,viator,,Tiyba_A,"","Thank you so much for your wonderful review! 😊

We’re truly happy to hear that you had such a great experience with our driver. Being accommodating, honest, and helpful — especially when plans change — is exactly the level of service we strive to provide.

Your recommendation means a lot to us, and we sincerely appreciate your kind words. We look forward to welcoming you again in Zanzibar! 🌴🚖
",en,2026-02-27 15:47:53+05:30,1011,APPLICATION,2026-09-08 10:58:50.904745+05:30,,,f
PRkJM3lxEpYb,RSys2bs8qPgV,2026-01-15 09:43:41+05:30,It was comfortable to have someone waiting for us at the exit from the airport. The driver had a sign with our names.,en-gb,5.00,,t,viator,,RosaMaria_B,"","Ficamos muito felizes em saber disso 😊

É sempre um prazer para nós garantir que nossos clientes se sintam confortáveis e seguros desde o momento em que saem do aeroporto. Nosso motorista estará sempre na saída com a placa com o nome para facilitar o encontro e tornar a chegada tranquila e organizada.

Muito obrigado pelo seu feedback e esperamos recebê-los novamente em breve! 🚖✨",pt,2026-02-26 15:57:11+05:30,1012,APPLICATION,2026-09-08 10:58:50.908053+05:30,,,f
PRkJM3lxEpYb,RSnCSh4KHdyn,2026-01-13 03:21:46+05:30,The driver was waiting outside for us with a sign even though we were about 2 hours late arriving due to a flight delay and immigration. He was great and answered any questions we had. ,en-gb,5.00,,t,viator,,Ahmed_A,"","Thank you very much for your kind review!
We’re glad to hear that the driver was waiting for you despite the delay and that he was able to assist you and answer your questions. Your feedback not only helps us grow and improve our services, but also helps other travelers find safe and reliable transportation in Zanzibar. We truly appreciate your support and hope to welcome you again soon.",en,2026-01-13 15:49:27+05:30,1013,APPLICATION,2026-09-08 10:58:50.911948+05:30,,,f
PRkJM3lxEpYb,RSj9vTlISOPc,2025-12-16 10:33:30+05:30,"Nassir was great, it was easy to locate him unpin arrival, safe, accurate timing.  I would book again if needed.  ",en-gb,5.00,,t,viator,,Carolyn_B,"","Thank you very much for your kind review 😊
We’re happy to hear that Nassir was easy to find upon arrival and that you appreciated the safe service and accurate timing. We’re glad everything went smoothly, and we’d be happy to assist you again whenever you need a transfer in Zanzibar 🌴🚗",en,2025-12-17 15:47:04+05:30,1014,APPLICATION,2026-09-08 10:58:50.915866+05:30,,,f
PRkJM3lxEpYb,RSTzvFJVEcft,2025-11-01 22:20:21+05:30,"We hired this company to drive us from Zanzibar airport to Nungwi, we had a great experience and highly recommend this company.

Our trip had a series of incidents that cause multiple reschedules to our original booking, our flight was delayed multiple times, one of our suitcases did not arrive with us and we had to wait for the next flight and all this time I communicated with the office and they were extremely accommodating, when we finally were able to leave the airport the driver was waiting for us.

Also, I had a very bad fall at the airport and injured my leg and the driver took us to a pharmacy and was extremely helpful.

We will use their services again.
",en-gb,5.00,,t,viator,,Adriana_F,""," Thank you so much for sharing your wonderful experience with us. We truly appreciate your kind words and are delighted to hear that our team was able to accommodate all the changes to your schedule and make your transfer smooth despite the travel challenges.

We’re especially glad our driver could assist you after your fall — we hope you’ve fully recovered and are feeling much better now.

Your recommendation means a lot to us and motivates our team to keep providing reliable and caring service to every guest.

Warm regards,
Zanspice Tours – Zanzibar Taxi & Tours Team ",en,2025-11-03 20:24:24+05:30,1015,APPLICATION,2026-09-08 10:58:50.919665+05:30,,,f
PRlqORdWYOIw,RSpRMNbCwkaW,2026-07-10 07:42:16+05:30,"Mohammed was an amazing guide, he was so knowledgeable and shared so much fascinating information with our family. It was a very worthwhile morning and I highly recommend this tour.",en-gb,5.00,,t,,family,,,,,,1086,APPLICATION,2026-09-08 10:59:52.347323+05:30,,,f
PRkJM3lxEpYb,RSo7jrQaBcFa,2025-10-30 14:37:15+05:30,"I booked but no one showed up to pick us up when our plane arrived.
This is shameful!!!!!
We waited more than an hour, before deciding to take another taxi of course with expenses at our expense!",en-gb,1.00,,t,viator,,Francois_K,"","Nous vous présentons nos sincères excuses pour le désagrément rencontré. Ce n’est pas le niveau de service que nous souhaitons offrir.

Selon nos informations, notre chauffeur était bien présent à l’aéroport à l’heure de votre arrivée, mais nous n’avons reçu aucun contact de votre part. Malheureusement, il y avait un problème temporaire de réseau à Zanzibar ce jour-là, ce qui a affecté la communication.

Nous comprenons votre frustration et regrettons sincèrement la situation. Veuillez nous contacter directement afin que nous puissions examiner votre cas et vous assister.

Cordialement,
Zanspice Tours – Service Client",fr,2025-11-03 20:29:45+05:30,1016,APPLICATION,2026-09-08 10:58:50.923177+05:30,,,f
PRkJM3lxEpYb,RS1s0OetlOeP,2025-10-04 08:46:39+05:30,Very easy to book and easy WhatsApp communication. 100% recommend this service. Driver was easy to find and very friendly during car service. ,en-gb,5.00,,t,viator,,Kirsten_S,"","Thank you so much for your kind words! 😊
We’re thrilled to hear that you found our booking process easy and enjoyed the friendly service from our driver. We truly appreciate your recommendation and hope to serve you again soon!",en,2025-10-05 16:57:29+05:30,1017,APPLICATION,2026-09-08 10:58:50.926682+05:30,,,f
PRkJM3lxEpYb,RSUHcslvAetw,2025-08-30 13:00:31+05:30,Quick response time. Driver met us at the exit even though our flight landed much earlier than expected. They were flexible with our flight changes. ,en-gb,5.00,,t,viator,,Emily_S,"","Thank you for sharing your experience! We’re so glad our team could meet you on time and accommodate your early arrival. Flexibility is important to us, and we’re happy we could make your transfer smooth and stress-free. We look forward to serving you again on your next visit to Zanzibar! 🌴🚖",en,2025-08-31 12:04:34+05:30,1018,APPLICATION,2026-09-08 10:58:50.932025+05:30,,,f
PRkJM3lxEpYb,RSxAUdgDV9pb,2025-07-23 07:41:32+05:30,This was very smooth transfer from the airport to Kendwa. Our driver was waiting for us with a sign as we exited the airport. He was very professional and the car was clean and comfortable. I’d highly recommend this if you need an airport transfer. ,en-gb,5.00,,t,viator,,Jacqueline_O,"","Thank you so much for your kind review! We''re thrilled to hear that your transfer from the airport to Kendwa went smoothly and that our driver made a great impression. Providing a professional, comfortable, and reliable service is our top priority, and we''re glad we could meet your expectations. We truly appreciate your recommendation and hope to serve you again in the future!",en,2025-07-24 20:39:01+05:30,1019,APPLICATION,2026-09-08 10:58:50.936506+05:30,,,f
PRkJM3lxEpYb,RSVcnGMHRbFE,2025-07-23 06:49:28+05:30,"Two taxis for a family of 5 both on time, good communication and both nice guys. The taxis were nice enough too ans value excellent as well. ",en-gb,5.00,,t,viator,,Clive_T,"","Thank you for your kind review! We''re glad to hear that everything went smoothly with your transfers and that our drivers were punctual, friendly, and communicative. It''s great to know you found the service to be excellent value as well. We appreciate you choosing us and hope to assist you again on your next trip!",en,2025-07-24 20:43:48+05:30,1020,APPLICATION,2026-09-08 10:58:50.940194+05:30,,,f
PRkJM3lxEpYb,RS9jGMGlYorS,2025-07-08 08:07:32+05:30,"Excellent experience with Zanspice for our airport transfer to hotel in Pwani Mchangani and back on a different day. Spacious, comfortable car with enough luggage storage. Our driver was respectful, punctual, courteous and very engaging when we initiated conversation - so many fascinating local things learned.
Would definitely use again and highly recommend.",en-gb,5.00,,t,viator,,Manuj_B,"","Thank you so much for your kind words and for taking the time to share your experience with Zanspice! We''re thrilled to hear that you enjoyed a smooth and comfortable airport transfer to and from Pwani Mchangani. It''s wonderful to know that our driver made a positive impression with their punctuality, courtesy, and local insights. We truly appreciate your recommendation and look forward to welcoming you again on your next visit. Safe travels until then!",en,2025-07-09 18:15:38+05:30,1021,APPLICATION,2026-09-08 10:58:50.944047+05:30,,,f
PRkJM3lxEpYb,RSLWNnVGNEzK,2025-07-01 08:47:08+05:30,They were responsive promptly when our flight arrival time changed at short notice. The driver was polite and the car was clean and comfortable. ,en-gb,5.00,,t,viator,,Mitul_S,"","Thank you for your thoughtful feedback! We''re glad we could accommodate your last-minute flight change and that everything went smoothly. It''s great to hear that you found the car clean and comfortable, and that our driver provided a polite and pleasant experience. We appreciate your trust in Zanspice and hope to serve you again in the future!",en,2025-07-09 18:17:37+05:30,1022,APPLICATION,2026-09-08 10:58:50.94754+05:30,,,f
PRkJM3lxEpYb,RSPTjad9A9kD,2025-04-11 07:27:26+05:30,"Excellent service by Zahran. He was very patient with us exiting the airport.

Very friendly and offered as drinks from his vehicle.

Excellent driver and very calm in nature.

Highly recommend Zahran ",en-gb,5.00,,t,viator,,Chaudery_M,"","Thank you so much for your kind words! It was truly a pleasure meeting you. I''m glad I could make your airport experience a bit more comfortable. I always aim to provide a relaxed and friendly ride, and I’m happy to hear that came through. Your recommendation means a lot—thank you again, and I hope to see you on your next journey! Safe travels always. – Zahran",en,2025-04-12 17:28:05+05:30,1023,APPLICATION,2026-09-08 10:58:50.953064+05:30,,,f
PRkJM3lxEpYb,RSmGZTA1qbZr,2025-03-23 09:40:38+05:30,"10/10! We used this service multiple times in Zanzibar. Our driver for each was Zohran, who took excellent care of us. He had waters for us and was extremely helpful and also very knowledgeable about the area! We would absolutely use again when in Zanzibar and I highly recommend them. ",en-gb,5.00,,t,viator,,Cristin_Y,"","Thank you so much for your wonderful feedback! We are thrilled to hear that you had such a great experience during your time in Zanzibar and that Zahran was able to make your trips even more memorable. It''s fantastic to know that he took such good care of you, providing water and sharing his knowledge about the area. We truly appreciate your recommendation, and we would be more than happy to assist you again on your next visit to Zanzibar. Safe travels, and we look forward to welcoming you back soon!",en,2025-03-25 10:12:15+05:30,1024,APPLICATION,2026-09-08 10:58:50.95699+05:30,,,f
PRkJM3lxEpYb,RSYHhnl41bNs,2025-03-17 22:04:02+05:30,"I booked three times, and had the same driver each time! He was super informative about life and politics in Tanzania and Zanzibar! He remembered i was there to celebrate my birthday and picked me up with balloons in the van and a birthday song! He helped me bring my luggae in the airport after he saw how they were hounding me when he initially picked me up on arrival! If I return to Tanzania i would definitely use this company again for transportation needs! Thanks! ",en-gb,5.00,,t,viator,,Tyler_H,"","Thank you so much for your kind words! We''re thrilled to hear that you had such a wonderful experience with our driver and that he made your time in Tanzania and Zanzibar even more memorable. It’s great to know he was able to provide not only excellent service but also a personal touch for your birthday celebration! We truly appreciate your feedback and would love to welcome you back on your next visit. Safe travels, and thank you for choosing us for your transportation needs!",en,2025-03-20 06:30:35+05:30,1025,APPLICATION,2026-09-08 10:58:50.960885+05:30,,,f
PRkJM3lxEpYb,RS3x1mpTOLBT,2024-12-27 19:04:38+05:30,Driver was there on time with a name board even though my flight was slightly delayed and passport control took forever - great experience ,en-gb,5.00,,t,viator,,Jamie_M,"","Thank you for your wonderful feedback! We''re so glad to hear that the driver was there on time, even with the delays at your flight and passport control. We understand how stressful travel can be, and it''s great to know we made your experience smoother. We look forward to welcoming you again soon! Safe travels!",en,2024-12-31 14:50:42+05:30,1026,APPLICATION,2026-09-08 10:58:50.964334+05:30,,,f
PRkJM3lxEpYb,RSBlcEsOPENi,2024-12-20 19:25:36+05:30,Excellent ride to the airport. Pickup and drop off were on time and communication was great! The van was secure and newish.,en-gb,5.00,,t,viator,,Lily_P,"",Thank you for your kind review! We're thrilled to hear that you had a smooth and timely experience with us. We always strive for great communication and a comfortable ride. We look forward to serving you again in the future!,en,2024-12-22 00:21:10+05:30,1027,APPLICATION,2026-09-08 10:58:50.967837+05:30,,,f
PRkJM3lxEpYb,RSLuKnXTS6vf,2024-12-11 15:19:08+05:30,"This very dear transfer was very attentive, not to mention that as we went to the destination he gave us a history lesson about Zanzibar, I recommend it to anyone who wants to have peace and history and culture in Zanzibar. A great transfer in Zanzibar.",en-gb,5.00,,t,viator,,Cleonice_A,"",Thank you so much for your kind words! We're thrilled to hear that you enjoyed the transfer and the history lesson about Zanzibar. It's always our goal to make every journey informative and enjoyable. We're glad we could share the rich culture and history of this beautiful destination with you. We truly appreciate your recommendation and hope to welcome you back for more memorable experiences in Zanzibar!,en,2024-12-13 04:39:45+05:30,1028,APPLICATION,2026-09-08 10:58:50.972855+05:30,,,f
PRkJM3lxEpYb,RS1elJNkBmrG,2024-12-11 15:13:42+05:30,"We continued the trip the next day with this friend from Zanzibar, he was very attentive and answered several of our questions, I recommend him to anyone who wants to have peace and quiet in Zanzibar. A great transfer in Zanzibar.",en-gb,5.00,,t,viator,,Elibia_P,"","Thank you for your wonderful feedback! We''re so happy to hear that you had a great experience continuing your trip with us. It''s fantastic that our team could provide you with both a peaceful journey and insightful answers to your questions. Your recommendation means a lot, and we’re grateful for the opportunity to share the beauty and tranquility of Zanzibar with you. We hope to welcome you back soon for another unforgettable experience!",en,2024-12-13 04:41:38+05:30,1029,APPLICATION,2026-09-08 10:58:50.977037+05:30,,,f
PRkJM3lxEpYb,RSJUzEAb1ug0,2024-12-06 16:46:00+05:30,"We were welcomed yesterday, he was very attentive and took care of several of our debts, I recommend him to anyone who wants a great transfer in Zanzibar.",en-gb,5.00,,t,viator,,Elibia_P,"","Thank you for your wonderful review! We''re so glad to hear that you had a great experience and that we could help with your needs in Zanzibar. Your recommendation means a lot to us, and we always strive to provide excellent service for our guests. It’s great to know that you felt well taken care of, and we truly appreciate your trust. We look forward to welcoming you again in the future and assisting with any more transfers or services you may need! Safe travels!",en,2024-12-08 05:24:53+05:30,1030,APPLICATION,2026-09-08 10:58:50.980986+05:30,,,f
PRkJM3lxEpYb,RS5cNQ7d9agN,2024-12-04 13:38:02+05:30,"Our driver was excellent . He gave us some history and culture during our drive .It was a
Long ride and he drove very careful in spite of no traffic lights. He offered me and my friends beverages as well.",en-gb,5.00,,t,viator,,Sharmaine_b,"","Thank you so much for your kind review! We''re thrilled to hear that you had a great experience with our driver. It''s wonderful to know that the historical and cultural insights added value to your journey, and we’re glad you felt safe and comfortable throughout the ride. We’ll be sure to pass along your compliments to the driver. We hope to serve you and your friends again in the future!",en,2024-12-06 01:36:14+05:30,1031,APPLICATION,2026-09-08 10:58:50.984936+05:30,,,f
PRkJM3lxEpYb,RStlBDLfslsG,2024-12-04 12:29:21+05:30,Zahran was on extremely nice and accommodating.  Told us about the local culture and shared some history with us.  Enjoyed the ride!!,en-gb,5.00,,t,viator,,Jackie_B,"","Thank you for your wonderful feedback! We''re so happy to hear that Zahran made your ride enjoyable and shared insightful local culture and history with you. It''s always our goal to provide a memorable experience, and we''re glad to know it made an impact. We’ll be sure to pass along your compliments to Zahran! We hope to welcome you again soon.",en,2024-12-06 01:38:17+05:30,1032,APPLICATION,2026-09-08 10:58:50.988781+05:30,,,f
PRkJM3lxEpYb,RSnvcoPprz3n,2024-09-16 11:22:39+05:30,"Safe, reliable and prompt. Used his service twice and both times excellent and on time. Also provided water no charge and wifi in vehicle ",en-gb,5.00,,t,viator,,Andrew_T,"","Thank you for your feedback! We’re thrilled to hear that our service met your expectations for safety, reliability, and punctuality. Providing complimentary water and Wi-Fi is our way of ensuring a comfortable experience. Your continued trust means a lot to us. If you need our services again or have any further requests, we’re here to assist. Thanks again for choosing us!",en,2024-09-16 18:27:40+05:30,1033,APPLICATION,2026-09-08 10:58:50.99321+05:30,,,f
PRkJM3lxEpYb,RSHXmQhAlWiC,2024-09-13 05:36:34+05:30,We came in a bit late and the driver was there waiting. He was very easy to communicate With when we had to update our arrival time.,en-gb,5.00,,t,viator,,Angela_T,"","Thank you for sharing your positive experience. We''re pleased to hear that our driver was punctual and easy to communicate with regarding your updated arrival time. Ensuring a smooth and hassle-free experience for our clients is crucial to us, and it''s rewarding to know that we were able to meet your expectations in this regard. We value your feedback as it helps us continue to provide high-quality service. Should you have any further needs or suggestions for how we might enhance our services, please don''t hesitate to reach out. We look forward to the opportunity to serve you again in the future and appreciate your trust in us.",en,2024-09-13 18:58:29+05:30,1034,APPLICATION,2026-09-08 10:58:50.99696+05:30,,,f
PRkJM3lxEpYb,RSL2MBW8b6gz,2024-08-31 02:17:23+05:30,"The pick up was very on time, and the driver provided quick feedback when I requested to go to the airport an hour earlier. Good services and nice driver.",en-gb,5.00,,t,viator,,NgaShan_C,"","Thank you so much for taking the time to leave a review! We’re thrilled to hear that your pick-up was timely and that our driver was responsive to your request to adjust the schedule. Providing prompt and flexible service is a key priority for us, and it’s great to know that we met your expectations. We’re also glad you had a positive experience with our driver, who always strives to offer friendly and professional service. Your satisfaction is very important to us, and your feedback encourages us to keep up the good work. We look forward to the opportunity to serve you again in the future. Safe travels!",en,2024-09-01 10:27:02+05:30,1035,APPLICATION,2026-09-08 10:58:51.000531+05:30,,,f
PRlqORdWYOIw,RSd28qAp3zRg,2025-03-05 06:49:39+05:30,"I really enjoyed the tour Mohammad. He was very knowledgeable, patient, and had a great sense of humor. I had fun and learned a lot about the history of Zanzibar. I’d highly recommend this tour!",en-gb,5.00,,t,viator,,Athanas_B,"",,,,1134,APPLICATION,2026-09-08 10:59:52.532838+05:30,,,f
PRkJM3lxEpYb,RSf2zjmrd3k7,2024-08-26 06:25:17+05:30,"Fantastic reliable service! Would recommend for transportation in Zanazibar. 
Someone was there to greet us at the airport and take us to the hotel ",en-gb,5.00,,t,viator,,Amit_S,"","Thank you for your wonderful feedback! We''re thrilled to hear that you found our service reliable and that our team was there to greet you at the airport and ensure a smooth transfer to your hotel. Your recommendation means a lot to us. Should you need any further assistance during your stay or in the future, please don’t hesitate to reach out. We look forward to serving you again on your next visit to Zanzibar. Safe travels!",en,2024-08-27 06:38:46+05:30,1036,APPLICATION,2026-09-08 10:58:51.003979+05:30,,,f
PRkJM3lxEpYb,RSSlolv8K1Fs,2024-08-15 18:23:10+05:30," Nos acompañó hasta la puerta del hotel.
Jjjhkjhhg hbhjnjgbhg BBV BBV bgvbbjhy BBV BBV gythjjk jugjjuyg",es,5.00,,t,viator,,Jose_Y,"","¡Gracias por tu comentario! Nos alegra saber que apreciaste el servicio y la atención al detalle al acompañarte hasta la puerta del hotel. Esperamos que hayas tenido una experiencia maravillosa con nosotros. Si tienes más comentarios o sugerencias, no dudes en compartirlos. ¡Esperamos darte la bienvenida nuevamente pronto!",es,2024-08-17 10:46:57+05:30,1037,APPLICATION,2026-09-08 10:58:51.007494+05:30,,,f
PRkJM3lxEpYb,RSw8JlCeHRJ3,2024-07-28 18:27:57+05:30,Zahran was  fantastic! I would highly recommend using his services- he is reliable and very good at driving! I would 100% recommend this service if you need transport in Zanzibar Zahran you should call!,en-gb,5.00,,t,viator,,Carmel_O,"","Thank you so much for your kind words! I’m thrilled to hear that Zahran provided excellent service and that you had a great experience with his driving. Your recommendation means a lot, and we’re grateful for your support. If anyone needs reliable transport in Zanzibar, Zahran is definitely the one to call!",en,2024-07-29 14:53:29+05:30,1038,APPLICATION,2026-09-08 10:58:51.011448+05:30,,,f
PRkJM3lxEpYb,RSpTJf7bcJye,2024-07-28 12:43:36+05:30,"Driver communicated with me before pickup & was waiting for me when I arrived. The  driver was very nice, had water & snacks & drove me to my resort in a timely manner. Highly recommend. Thanks!",en-gb,5.00,,t,viator,,Pamela_W,"","Thank you for the wonderful feedback! I’m so glad to hear that the driver was punctual, friendly, and provided water and snacks for your comfort. It''s great to know that you arrived at your resort smoothly and on time. Your recommendation is truly appreciated. Thanks again for sharing your positive experience!",en,2024-07-29 14:54:43+05:30,1039,APPLICATION,2026-09-08 10:58:51.015521+05:30,,,f
PRkJM3lxEpYb,RSfqsS0zB2ii,2024-07-28 08:28:55+05:30,"Our driver was extremely nice and professional. He gave us a history lesson as we drove through towns on our way to the resort. Easy experience, from the airport door pick up to the resort drop off!!!",en-gb,5.00,,t,viator,,Tina_G,"","Thank you for your fantastic review! I''m delighted to hear that the driver was not only professional but also shared some fascinating history along the way. It’s wonderful to know that your experience was smooth from start to finish. Your feedback is greatly appreciated, and we’re thrilled you had such a positive journey to your resort!",en,2024-07-29 14:55:59+05:30,1040,APPLICATION,2026-09-08 10:58:51.019357+05:30,,,f
PRkJM3lxEpYb,RSosE6Lrr1s9,2023-10-21 17:40:24+05:30,"Shortly after booking drive contacted us to change the fare for our ride.  Unfortunately they wouldn''t tell us what the new price was and kept saying '"we''ll figure it out when you arrive'".  When we insisted on knowing the price upfront they told us to contact Viator for any questions and stopped responding to our messages. Very shady.  Viator in turn would point us to the driver. When we arrived at ZNZ the driver wasn''t present, after waiting for sometime we booked another car instead and Viator eventually refunded our booking.  

",en-gb,1.00,,t,viator,,Ilan_R,"","Hi! Thank you so much for your review, and I apologize for any misunderstanding. Regarding your issue, initially, we didn’t have the option for a transfer from Zanzibar airport to Dongwe, Pingwe, or Michamvi. However, you booked a transfer from Zanzibar airport to Pongwe and provided the drop-off hotel name as Le Mersenne. This hotel is not located in Pongwe; it’s situated between Michamvi, Dongwe, and Pingwe, which is a different direction. Additionally, Michamvi is much farther from the airport compared to Pongwe.

We explained the situation to you clearly and took your number from your booking to chat with you on WhatsApp for easier communication. Unfortunately, you mentioned that you couldn’t read the text. We were very friendly and informed you that we would add this transfer option and that you could make an amendment. However, you insisted that we accept the price, which was not correct. That’s why we advised you to talk to Viator. When you said Viator directed you back to us, we proposed discussing the issue upon your arrival, but you did not agree to that. You asked us again to either accept the price, cancel the booking, or refund your money. In the end, we processed a refund for you.",en,2024-04-24 07:47:01+05:30,1041,APPLICATION,2026-09-08 10:58:51.022861+05:30,,,f
PRkJM3lxEpYb,RSki1FWxPDqG,2023-09-12 14:55:58+05:30,Le trajet était parfait. Super taxi et super chauffeur. Merci à notre chauffeur. WiFi et climatisation top.,fr,5.00,,t,viator,,Lucie_S,"","[Lucie], merci pour votre avis ! Je suis si heureux d''apprendre que vous avez apprécié notre service. Nous cherchons toujours des moyens d’améliorer l’expérience dans nos transports, mais il est bon de savoir que nous sommes sur la bonne voie. Faites-moi savoir si nous pouvons faire autre chose pour rendre votre prochaine visite encore meilleure.",fr,2023-09-15 06:25:21+05:30,1042,APPLICATION,2026-09-08 10:58:51.02641+05:30,,,f
PRkkqdCFgkgo,RSc0HLRHLqIm,2025-07-19 11:45:01+05:30,"First the spice farm.
Above all, arranging for cash...Think of arranging with the driver even if it means stopping him on the road before going.
Shops or tips, we had to plan and we were not helped-warned pity!

SUPER INTERESTING visit! A farm guide who knows his trick at his fingertips and for us who are big consumers and amateurs of real discoveries! We learned a lot of unexpected things... (but REALLY have cash for the principle and because there are good reasons to use it! ).

Stone Town: a dedicated guide ''''M''TO'''', super cool and that customizes the tour according to needs.
Attention, very heavy heat, we are in town and the few drafts are blessed.
We were hungry and started with a nice buffet restaurant for 33000, downright cheap & good just:-)
Visit of the Anglican Cathedral, historical explanations of abolition and the men who imposed it, exciting.
A private school that Mrs. visited for the greatest joy of the students!
'"visit'" the slave cells, impressive moment with a stultifying heat and a historic weight of the place that I could not bear, I went out...
Tired of before Stone-Town, M''TO the guide arranged the visit to the points that motivated us most
Visit the doors with relevant explanations, ATM to settle our debts:-) , quick passage to the market, and some shopping that M''TO arranged for us at the best price in the best shops (e.g. 15000 a T-Shirt instead of 25000 tourist prices).
Exciting discussions with MTO on the country the functioning tolerance between different religions.
A real feeling of better approaching and understanding the country, its people and their way of life
Mutual aid, respect and unforced smile '"HAKUNASHIDA'"
No problem, one situation=one solution
Beautiful way to take life, a lesson",en-gb,5.00,,t,viator,,IsabelleDeLorette,"",,,,1043,APPLICATION,2026-09-08 10:58:51.030078+05:30,,,f
PRkkqdCFgkgo,RS1xP1ykXN3J,2023-09-21 09:19:46+05:30,"It was good but the transport, seat belts were not working, no water supplied. Guide was good and also driver",en-gb,3.00,,t,viator,,Michelle_M,"",,,,1044,APPLICATION,2026-09-08 10:58:53.458314+05:30,,,f
PRkM0YNYSrNv,RSGnvEnJvaHN,2026-05-27 17:09:07+05:30,"Everything was organized perfectly, from the hotel pickup, even though it was not in an area where they usually do pickups on the return.
During the short flight, we were offered drinks and snacks, and the safari jeep was comfortable and safe, with a very knowledgeable guide and excellent driver both on the trails and in the savanna.
Generous buffet lunch but of high quality.
Kindness and friendliness typical of the place..... the only downside..... we were unable to spot the lions, but the rest was an unforgettable experience.
Highly recommended",en-gb,5.00,,t,viator,,Tommaso_D,"","Here''s a warm and professional response you could post:

Thank you so much for your wonderful review!

We are delighted to hear that you enjoyed every aspect of your safari experience, from the hotel pickup and flight to the game drive, guide, and lunch. Our team works hard to ensure every guest has a comfortable, safe, and memorable adventure, so your kind words mean a lot to us.

We''re especially pleased that you appreciated the professionalism of our guide and driver, as well as the warm hospitality that makes this destination so special.

As for the lions, wildlife sightings can sometimes be unpredictable, which is part of the excitement of a real safari! We hope you''ll have another opportunity to visit and perhaps spot the kings of the savannah next time.

Thank you again for your recommendation. It was a pleasure having you with us, and we hope to welcome you back for another unforgettable adventure soon! 
",en,2026-05-30 11:35:56+05:30,1045,APPLICATION,2026-09-08 10:58:53.463509+05:30,,,f
PRkM0YNYSrNv,RSYtonBFTcIG,2024-08-31 11:07:51+05:30,"Esperienza stupenda, per chi come noi non aveva la possibilità di fare piú giorni di Safari, per essere in giornata il rapporto qualità prezzo è ottimo. Abbiamo visto sostanzialmente tutti gli animali del parco. ",it,5.00,,t,viator,,Davide_G,"",,,,1046,APPLICATION,2026-09-08 10:58:55.702491+05:30,,,f
PRkM0YNYSrNv,RSbjJupC03Ox,2024-08-14 03:31:43+05:30,"Nous attendions le safari avec beaucoup d’impatience. 
Finalement, nous avons éprouvé une sorte de tristesse en voyant des animaux indifférents au bruit des voitures, quelques zèbres dans une savane brûlée. Nous avons eu la même impression que dans un zoo.",fr,3.00,1,t,viator,,Laurence_D,"","Bonjour, tout d''abord merci de nous avoir choisi pour travailler avec vous et merci pour vos commentaires, le parc national de Mikumi est le meilleur parc pour ceux qui recherchent un safari abordable, en raison de la demande croissante des personnes qui souhaitent faire un safari et que leurs options antiparasitaires sont de jour. Lors d''un safari, nous avons constaté que le nombre de voyageurs dans le parc augmentait et que de nombreuses voitures étaient inondées dans le parc, ce qui, dans une certaine mesure, causait une pollution sonore aux animaux. Mais nous y travaillerons, nous essaierons de parler avec autorité, nous verrons s’ils contrôleront cette situation. Nous espérons vous revoir et vous êtes chaleureusement la bienvenue zanzibar",fr,2024-08-15 15:26:09+05:30,1047,APPLICATION,2026-09-08 10:58:55.707455+05:30,,,f
PRkM0YNYSrNv,RSKCutt0C9ID,2024-08-06 18:39:42+05:30,"Para empezar, me aseguraron que sería en castellano, varias veces, fue el motivo de elegir este safari, y no fue así. Se subcontrata con otro proveedor, Beach Safari, y a pesar de haber 5 españoles, nos ponen en 2 coches y me aseguran que no hay ningún guia en Mikumi que hable español. Pero eato es anecdotico, es cosa de este proveedor. Lo i.portante es que, al menos en julio, no merece la pena. No hay animales, vas por caminos desde los que ves zonas de obras con camiones enormes trabajando, el lago donde nos llevan a ver hipopótamos y cocodrilos es artificial, nos damos cuenta enseguida, lo preguntamos al guia y nos lo confirma abiertamente, de verdad, me da pena, pero lo ham hecho para tener hipopotamos que enseñar, no se de donde los habran llevado. Como hay tan pocos animales, van quemando el pasto zona por zona, porque así en 2 semanas hay pasto verde y las pocas gacelas que hay se ve que se quedan. Pero esto hace que constantemente haya olor a humo. Parece todo preparado para los turistas. Nosotros hemos estado antes en Kenya, y esto es poco mas que ir al safari Madrid. Habíamos puesto muchísima ilusión en esto, íbamos con nuestro hijo de 6 años, le habiamos contado como fue nuestro viaje y de verdad que fue una gran, gran, gran decepción. No sabeis la pena que da ver como espera ver animales que no hay, y te pasas todo el.dia en el coche. No se si Selous es igual, pero Mikumi no merece la pena en absoluto. Es cierto que vimos elefantes, la.familia de leones que.parece que dan de comer para que se queden, 4 jirafas casualmente al lado de donde comes, 4 ñus, literal y de lejos, 4 cebras, y algunas gacelas, ocultes, monos y chimpancés, pero la realidad es que es una gran decepción.",es,1.00,1,t,viator,,maria_d,"","Hi, thank you for your positive feedback, first we apologies for what happened and this make you to be disappointed with our services,
Second Mikumi is big national park some time animals move other side to find green grass to eat that why we call game drive, we drive to find them is like zoo when you go you will see all animals at the same time, we have to find them so we can see or not,
Third cancern about hippos pool or pond due to the changing of the season of rain and dry season the authority which deal with the conservation of protection of national park decide to create artificial pond in order to save the lives of hippos and crocodiles because we experienced river dried during the dry season and animals like hippos and other animals suffer to find water and to cool their bodies due to high heat during the day.
Last, we recommend travellers day trip safari to mikumi national park is 100% worth and is best experience see animals in wilderness. ",en,2024-08-11 14:07:33+05:30,1048,APPLICATION,2026-09-08 10:58:55.711819+05:30,,,f
PRkM0YNYSrNv,RSezXzMsuFFf,2024-07-14 10:56:54+05:30,Bonjour je n’ai pas d’avis car le safari fut annulé pour cause de météo très défavorable pour l’avion.,fr,1.00,,t,viator,,Stephane_R,"","Merci pour vos commentaires positifs, en raison du mauvais temps, le safari a été annulé, mais nous espérons que la prochaine fois vous apprécierez et vivrez l''aventure du safari en Tanzanie.",fr,2024-07-15 19:06:56+05:30,1049,APPLICATION,2026-09-08 10:58:55.715903+05:30,,,f
PRkM0YNYSrNv,RSMaBJHpQ1c3,2024-07-10 10:03:42+05:30,"Experiencia inolvidable. Excelente organización de principio a fin, el guía muy profesional, siempre pendiente de explicar cada detalle. Excursión imprescindible en este viaje. Gracias por hacernos pasar este día MARAVILLOSO ",es,5.00,,t,viator,,IsabelMara_B,"",Gracias por tu reseña positiva y aprecio tu opinión. Esperamos verte nuevamente. El parque nacional Mikumi es el mejor safari para aquellos que tienen poco tiempo y desean experimentar la vida silvestre en su hábitat natural.,es,2024-07-15 19:13:08+05:30,1050,APPLICATION,2026-09-08 10:58:55.720536+05:30,,,f
PRKwv076DrwV,RSKV9AGMmxZ8,2024-10-17 10:19:47+05:30,"After buying goods at the market, visit of a spice farm.  Azusa Spice Farm. Then cooking a 4 plates meal. Marvelous with a lot of tips to prepare rice pilau for exemple ou banana. The lady who gave the cours was exceptional. Warmly recommended.",en-gb,5.00,,t,viator,,JeanBernard_M,"",,,,1051,APPLICATION,2026-09-08 10:58:55.724484+05:30,,,f
PRKwv076DrwV,RStc8SWZoN91,2024-01-07 17:57:33+05:30,"The spice tour waa at a community farm and we saw a lot of different spices and fruits and got to taste most of them.
Professionally handled and very informative.

Lutfia & Rashid were excellent hosts (as well as cooks) and it was really a fun time to shop in the market for the ingredients, help cook them and of course eating the delicious meal!",en-gb,5.00,,t,viator,,Nigel_D,"",,,,1052,APPLICATION,2026-09-08 10:59:08.807439+05:30,,,f
PRKwv076DrwV,RSKyBgixuhrF,2023-10-21 10:44:58+05:30,"Ich würde die Tour nicht unbedingt empfehlen. Der Guide war sehr freundlich, allerdings eher mit sich und seinen Begleiteten Kollegen beschäftigt als mit seinen Gästen. Auf der Farm war man zuerst freundlich, als ich jedoch nichts kaufen wollte würde man zunehmend unfreundlichen. Am Ende wurde ich auch etwas unfreundlich a gegangen. Preis-Leistungs-Verhältnfür mich nicht gegen.",de,3.00,,t,viator,,Melanie_L,"",,,,1053,APPLICATION,2026-09-08 10:59:08.811859+05:30,,,f
PRKwv076DrwV,RSE8e0NpDQwi,2023-09-14 19:29:43+05:30,"Die Gewürzfarm war mega schön und der Guide hat alles super gut erklärt und gezeigt. Und der Kochkurs war eine Erfahrung wert. Eine andere Art zu kochen als in Europa ;-)
Wir fanden das super gut und das Essen war hervorragend! ",de,5.00,,t,viator,,Linda_B,"",,,,1054,APPLICATION,2026-09-08 10:59:08.815123+05:30,,,f
PRkxpv3v4CzI,RS1f7zNv7BMT,2025-10-05 06:10:49+05:30,"Great tour. Ali was very knowledgeable and his English was great! He didn’t pressure us to buy anything, and we felt safe. ",en-gb,5.00,,t,viator,,Kirsten_S,"",,,,1055,APPLICATION,2026-09-08 10:59:08.818308+05:30,,,f
PRlqORdWYOIw,RSC1KMJykUFk,2025-02-21 17:07:34+05:30,Un guide en Français très efficace. Une visite dans la maison de Freddy Mercury aurait été un plus.,fr,3.00,,t,,partner,Martial,fr,,,,1135,APPLICATION,2026-09-08 10:59:52.53593+05:30,,,f
PRlqORdWYOIw,RS0H2f7shA9g,2024-10-21 11:28:10+05:30,"O guia foi muito atencioso, respondia todas as minhas perguntas e tirava todas as minhas dúvidas, Stone Town vai ficar para sempre na minha memória.",pt-pt,5.00,,t,,alone,Aline,at,,,,1159,APPLICATION,2026-09-08 10:59:52.639726+05:30,,,f
PRkxpv3v4CzI,RSqVbnap8tTm,2025-04-29 13:51:04+05:30,"Felt very safe as a solo female traveler doing afternoon/evening tour with fantastic guide Juma Amir. I had already seen some of the sites on the published tour route, and he was so helpful and flexible— taking me to other fascinating historical and cultural spots in Stone Town. He also kindly waited while I popped into various shops en route (I wanted to buy some textiles from a female-owned collective and found them at Safi Sana!) He even communicated directly with my driver to ensure safe and efficient connections before and after the tour. Asante Sana!",en-gb,5.00,,t,viator,,Stacy_C,"",,,,1056,APPLICATION,2026-09-08 10:59:14.443152+05:30,,,f
PRkxpv3v4CzI,RSyS8PNtmeor,2024-09-24 17:40:58+05:30,Our guide was extremely knowledgeable and taught us all about the history in the area. He was able to answer all of our questions I would recommend this tour.,en-gb,5.00,,t,viator,,Christy_D,"",,,,1057,APPLICATION,2026-09-08 10:59:14.451173+05:30,,,f
PRKz0YaLJk3U,RSr3YyPH3giy,2026-08-17 18:56:31+05:30,We waited for an hour at the pick up point. No one turned up..No phone contact as number given was not in service. Had to spend 3 hr's at the local police station filling out a report. DON'T USE THIS PROVIDER.,en-us,1.00,,t,,partner,Stephanie,nz,,,,1058,APPLICATION,2026-09-08 10:59:14.455486+05:30,,,f
PRl80V36RxA6,RS1YVtAjGtg7,2026-02-10 13:20:56+05:30,,,1.00,,f,,,,,,,,1059,APPLICATION,2026-09-08 10:59:17.512622+05:30,,,f
PRlB5WBIxxmA,RSkmktdFGYNx,2026-06-16 21:08:28+05:30,"A very average experience with delays and a significant lack of organization, although the teams were very kind and welcoming. Regarding the provider itself, instead of apologizing, it justifies all these shortcomings, which was quite unfortunate.
Unfortunately, we did not have the chance to see elephants, tigers, and leopards because the park is extremely large. Clearly not the best safari in Tanzania.",en-gb,1.00,,t,viator,,Ghali_B,"","Dear ghali
thank you for your comment but did you participate a safari tour with flash tour? please provide date of safari to check ",en,2026-06-17 19:36:22+05:30,1060,APPLICATION,2026-09-08 10:59:23.064917+05:30,,,f
PRlB5WBIxxmA,RSyotqy0GxZZ,2026-06-12 13:56:07+05:30,"Very good despite a last-minute change. But we were well advised over the phone. 
The guide was excellent. They did everything to ensure that we ended up seeing the lions.
I recommend it.",en-gb,5.00,,t,viator,,Patrick_L,"",,,,1061,APPLICATION,2026-09-08 10:59:25.811674+05:30,,,f
PRlB5WBIxxmA,RS6msmPeik5e,2025-10-26 09:36:16+05:30,"I really recommend flash Zanzibar agency.✨✨
I booked in the last minute and they managed it all.
And for the experience it was unbelievable 🤩🤩
Btw: dont book with the others i have a very bad experience with 3 others operator her in viator when u book and pay and u call them they tell you they dont have money too book for me because viatore pay them monthly and not instantly… and they dont respond alot of things…
So i really recommend this one its very legit 
Thank you so much ❤️❤️❤️❤️",en-gb,5.00,,t,viator,,Kjellmoujtaa_K,"",,,,1062,APPLICATION,2026-09-08 10:59:25.817266+05:30,,,f
PRlB5WBIxxmA,RS1QahFWcCdT,2025-01-02 08:03:34+05:30,"What a wonderful experience from start to finish! Would definitely recommend this one day safari when holidaying in Zanzibar!
Our guide, Nelson, and driver, Mohamoud, were so professional and knowledgeable. They made the day an unforgettable  experience, one we will treasure for the rest of our lives. We were lucky enough to see most of the beautiful creatures who live in the park, more than once too. The food, hygiene and safety were all great. The jeep (which looked brand new) was very comfortable too. Also great communication from the person handling the excursion on WhatsApp. We had a decent size airplane and a very competent pilot that landed us on a well maintained airstrip. Don’t hesitate, book it!!",en-gb,5.00,,t,viator,,Cecile_P,"","Dear Cecile
thank you for your kind comments and wish to see you again",en,2025-01-06 15:43:22+05:30,1063,APPLICATION,2026-09-08 10:59:25.822338+05:30,,,f
PRlB5WBIxxmA,RScafjauA3QY,2024-11-23 18:51:54+05:30,"Organized well, the reserve is well maintained with professional staff, we saw 3 of the big 5 . The trip is a bet can get a bet rough due to heat, dust and riding in hours",en-gb,5.00,,t,viator,,Salah_A,"","Dear Customer
thank you for your kind comments",en,2024-12-03 10:22:45+05:30,1064,APPLICATION,2026-09-08 10:59:25.826279+05:30,,,f
PRlB5WBIxxmA,RShF3E8KyPIc,2024-08-14 19:51:17+05:30,"Excellente excursion, conforme à nos attentes : guide professionnel et expérimenté, pause café et déjeuner agréables au milieu de la nature.

A noter que nous avions réservé le guide en français et il s''est avéré qu''il était anglophone ... Au final, cela n''a pas ete genant.

A conseiller !",fr,5.00,,t,viator,,Alexandre_L,"","Dear Alexander
thank you for your nice comments and you are welcome with our coming programs",en,2024-08-16 12:17:50+05:30,1065,APPLICATION,2026-09-08 10:59:25.829484+05:30,,,f
PRlB5WBIxxmA,RSVL02XwIUrr,2024-08-03 12:00:59+05:30,"+very organized in making sure you know where to go 
+saw 3 of the big 4 animals there 
+guide was knowledgeable 
-no tissue or paper towels for the bathrooms (bring your own just in case)
-we recommended they add another break between when we had coffee and lunch. 
-told we could go to the bathroom in the bushes during one of our breaks….(not ideal due to wild animals, no privacy, no tissue, etc)
-lunch was cold but not sure if there’s anything that could be done about that based on the set up. 

I recommend wearing layers as it can be quite cool in the morning but then gets quite hot later.  I also suggest some type of glasses or sunglasses to keep the dust out your eyes.  It can be a bumpy ride so I also recommend women wear a sports bra. ",en-gb,4.00,,t,viator,,Marissa_I,"","Dear Marissa
thank you for your nice comment and its our pleasure to welcome you again with our safari activates",en,2024-08-05 12:10:52+05:30,1066,APPLICATION,2026-09-08 10:59:25.83264+05:30,,,f
PRlB5WBIxxmA,RS5wjBxuZRMh,2023-12-23 06:49:49+05:30,"Excellente organisation.
L''heure de la prise en charge a été décalée et nous avons été prévenus la veille.
Moussa est un guide extraordinaire et d''une grande gentillesse.
Une magnifique journée ! ",fr,5.00,,t,viator,,Sophie_R,"","ear customer
thank you for the nice comments and its our pleasure to welcome you again",en,2024-08-05 12:14:32+05:30,1067,APPLICATION,2026-09-08 10:59:25.84818+05:30,,,f
PRlB5WBIxxmA,RSfPNH8wupnK,2023-12-14 10:36:23+05:30,"Amazingly beautiful scenery, incredible to see so many different kinds of animals, very well organised with super friendly staff. One of my favourite days this year.

Pick-up was decent, well organised at the airport only having to wait 15 minutes before departure, flight was swift (30 min), the Land Rovers were in good condition and were comfy and we had a good lunch too.

We saw: elephants, hippos, bison, water-buffalo, giraffe, zebra, antelope (many kinds), pumbaa, baboons, crocodiles and more. Didn''t see lions or leopards though unfortunately (less common in rainy seasons in Selous).

Take note that this is a woodland safari rather than a savannah so there''s much more greenery, if you''re expecting wide-open plains, this isn''t that. But the benefits were that the scenery was probably more beautiful (the massive lakes and rivers), but you often couldn''t see as far as you would on a savannah. Also be aware during and just after the rainy seasons the animals are more dispersed as the animals'' food is more readily available so you''ll see more animals in the dry season when food is more concentrated. I went in December which is just after a rainy season and we still saw loads of animals though. ",en-gb,5.00,,t,viator,,Matthew_G,"","ear customer
thank you for the nice comments and its our pleasure to welcome you again",en,2024-08-05 12:14:56+05:30,1068,APPLICATION,2026-09-08 10:59:25.85142+05:30,,,f
PRlB5WBIxxmA,RSbRY6EddGHM,2023-11-25 19:01:55+05:30,"Prestataire local difficile à joindre.Destination réservée non disponible donc changement de parc pour le safari. Parc Migoumwii et non SELOUS
Retard de deux heures pour l''avion.
Prise en charge correcte pour le transport taxi et accueil à l''aéroport .
Guide très pro parlant bien français.
Très beau safari avec beaucoup d''animaux vus: lions éléphants ,girafes, zébres ,etc
Inespéré et top  pour un safari d''une journée .Je recommande++",fr,4.00,,t,viator,,JeanMarie_L,"",Thank you for the nice comments and wish we see you again on board,en,2023-11-27 10:19:16+05:30,1069,APPLICATION,2026-09-08 10:59:25.854586+05:30,,,f
PRlB5WBIxxmA,RSip2vAGNmV3,2023-10-14 19:47:33+05:30,"La vision des animaux de très près 
Un guide remarquable
Une ambiance  sympathique 
Un paysage merveilleux
Une journée inoubliable ",fr,5.00,,t,viator,,philippe_h,"","ear customer
thank you for the nice comments and its our pleasure to welcome you again",en,2024-08-05 12:15:19+05:30,1070,APPLICATION,2026-09-08 10:59:25.859522+05:30,,,f
PRlB5WBIxxmA,RSSejUnBQru0,2023-09-21 20:31:37+05:30,"Merci à notre guide moussa (français) qui a été génial et aux petits soins avec nous ! 
Nous avons eu une voiture juste pour nous et ça Tombe bien pour le voyage de noces ! 
Incroyable je recommande ",fr,5.00,,t,viator,,Celine_C,"","ear customer
thank you for the nice comments and its our pleasure to welcome you again",en,2024-08-05 12:15:55+05:30,1071,APPLICATION,2026-09-08 10:59:25.863407+05:30,,,f
PRlB5WBIxxmA,RS2JSjCvf2Uf,2023-09-10 09:31:36+05:30,"Die Safari ist jeden Cent wert, der Fahrer Filliz/Philliz/Feliz/Phillip hat alles gegeben, um uns bei jedem Tier den best möglichen Blick zu geben. Kilian hat alles super erklärt, war sehr nett und ist auf alle Wünsche eingegangen. Für genügend Getränke wurde auch gesorgt. Wir können diese Safari nur empfehlen. Bis auf die kurzfristige Vorverlegung des Flugs war es perfekt organisiert von Flash Tours! ",de,5.00,,t,viator,,Alexandra_B,"","ear customer
thank you for the nice comments and its our pleasure to welcome you again",en,2024-08-05 12:16:07+05:30,1072,APPLICATION,2026-09-08 10:59:25.86666+05:30,,,f
PRLCENX8XCfe,RS7ZR8KLd2hi,2024-09-07 16:20:24+05:30,Amazing!!! Very informative experience and my guide took amazing photos of me since I’m a solo traveler. I learned so much and had amazing time ,en-gb,5.00,,t,viator,,Rachel_F,"","Thank you so much for your wonderful review! We''re thrilled to hear you had such an informative and enjoyable experience, and that our guide helped capture great memories for you. It was a pleasure having you with us, and we hope to welcome you back for more adventures in the future!",en,2024-09-10 15:29:31+05:30,1073,APPLICATION,2026-09-08 10:59:25.869856+05:30,,,f
PRlcoj2U5OhH,RSk4TLtbHNJ9,2024-10-31 12:17:13+05:30,"Best way to see many parts and attractions of Zanzibar in one day. Would highly recommend this trip, especially if you have limited days on the island. Caring and professional. All parts of the tour were memorable and worth it. ",en-gb,5.00,,t,viator,,jakead95,"",Thank you for your support ,en,2024-12-09 09:34:51+05:30,1074,APPLICATION,2026-09-08 10:59:27.633476+05:30,,,f
PRLD0U83DrGK,RSGVBUmbJsLg,2025-06-18 12:30:26+05:30,"Excellent! Very punctual and friendly!  The ride was nice. They are always in contact with you, before your arrival.",en-gb,5.00,,t,viator,,Juan_A,"",,,,1075,APPLICATION,2026-09-08 10:59:28.807932+05:30,,,f
PRLD0U83DrGK,RSinP7DRMMx1,2026-02-19 18:23:22+05:30,,,1.00,,f,,,,,,,,1076,APPLICATION,2026-09-08 10:59:32.378357+05:30,,,f
PRLjpT169lJA,RS8sDqDLfBHx,2025-07-26 05:30:23+05:30,He was a great driver and super friendly. He even waited patiently for us when we had a one hour flight delay. ,en-gb,5.00,,t,viator,,Emily_M,"",Thanks for believing us ,en,2025-07-26 21:49:20+05:30,1077,APPLICATION,2026-09-08 10:59:32.38325+05:30,,,f
PRlKB7QP6vNg,RSSV0zankdMa,2025-08-17 21:53:57+05:30,Excellent walking tour with a very well informed and helpful guide - strongly recommended and great value. ,en-gb,5.00,,t,viator,,Paul_R,"",,,,1078,APPLICATION,2026-09-08 10:59:45.217207+05:30,,,f
PRlKB7QP6vNg,RSryATZle0EX,2023-09-24 03:00:34+05:30,"Memorable tour, a must go, worth it

Very comfortable vehicle to show you around, understanding drivers",en-gb,5.00,,t,viator,,Natasha_B,"",,,,1079,APPLICATION,2026-09-08 10:59:49.299044+05:30,,,f
PRlqORdWYOIw,RSVbdGeuYOdt,2026-08-23 11:29:39+05:30,We had an amazing private tour in stone town with Mr.imran he was the best tour guide. He taught us a lot about the history of stone town and zanzibar. The best part about his tour is that he also explained their everyday life in stone town. Definitely recommend the stone town tour and especially with Imran his knowledge and sense of humor was the best combo!,en-us,5.00,,t,,,,,,,,1080,APPLICATION,2026-09-08 10:59:49.304435+05:30,,,f
PRlqORdWYOIw,RSo2Bm7gyYOH,2026-08-13 10:23:48+05:30,Mohamed had a wealth of knowledge about the fascinating history of Zanzibar. The walk was very relaxed and he took time to stop whenever I expressed an interest in something. We watched a fish auction in the fish market and I learnt a lot about spices in the Spice market. The Slave Trade exhibition was harrowing but very informative. Mohamed was an excellent tour guide.,en-gb,5.00,,t,,alone,,,,,,1081,APPLICATION,2026-09-08 10:59:52.308955+05:30,,,f
PRlqORdWYOIw,RSpRESGO0igy,2026-07-27 00:04:02+05:30,"By far the most interesting walking tour I have ever taken. Yes, the streets of Stone Town are a labyrinth of tiny streets and something different is around each corner. And the market is a must see in person experience. But our guide, Imran had an incredible wealth of knowledge and history, and presented all the conflicting and contrasting religions, politics and traditions that make Zanzibar so special. And he mapped out how it was from the past to current times. He was the best part of our visit to Stonetown, and we feel like he opened our eyes (and minds) to all the beautiful confluences that make Zanzibar what it is today.",en-us,5.00,,t,,"friends,partner",,,,,,1082,APPLICATION,2026-09-08 10:59:52.333215+05:30,,,f
PRlqORdWYOIw,RSkRbbKK0qcQ,2026-07-26 13:32:13+05:30,"Mohammed was our guide. I was thrilled when it was him because I had read that he was excellent and he sure was. There was a little confusion (and lots of traffic) in the beginning trying to find the meeting place but when I was able to finally contact him via phone he was still waiting for us even though we were 45 minutes late; he had even gone 30 minutes earlier and was patiently waiting. I was very grateful to him for not giving up on us. He was extremely knowledgeable and thorough, explained even the smallest details of the town that we would have never paid attention to if we were alone. He was very pleasant and answered all of our questions and offered a tremendous amount of information and insight to the city and its history. Highly recommend the tour especially if you can get lucky and have Mohammed as your guide. Thank you Mohammed we will never forget you! Asante sana. Anna & Charlie.",en-us,5.00,,t,,partner,,,,,,1083,APPLICATION,2026-09-08 10:59:52.336778+05:30,,,f
PRlqORdWYOIw,RSeRUExfy0pJ,2026-07-19 14:37:38+05:30,"Imran gave us a fantastic tour of Stone Town!  He was prompt, knowledgeable very friendly and accommodating and gave us a great background and the history of what makes this town so special.   Our teenage children also enjoyed it!  Highly recommend! ",en-gb,5.00,,t,viator,,tomoyasufuji,"",,,,1084,APPLICATION,2026-09-08 10:59:52.340875+05:30,,,f
PRlqORdWYOIw,RS8V4nOtrDlu,2026-07-14 13:10:46+05:30,"Imran is an exceptional guide. He is very knowledgable and delivers the history Stone town factually and with no bias.
We really enjoyed his company for the few hours.",en-gb,5.00,,t,viator,,elizabeth_g,"",,,,1085,APPLICATION,2026-09-08 10:59:52.344172+05:30,,,f
PRlqORdWYOIw,RS3JOwi2kGag,2025-01-21 18:23:55+05:30,,,4.00,,f,,,,,,,,1254,APPLICATION,2026-09-08 10:59:55.548339+05:30,,,f
PRlqORdWYOIw,RS8hbNnx8BJB,2026-07-05 22:29:07+05:30,"Booked a walking tour of Stone Town and it was easily one of the highlights of my Zanzibar trip. The guide Mohammed was incredibly knowledgeable and clearly passionate about the history of the area. We covered a lot of ground: three different mosques, the Catholic cathedral, the spice market and the former slave market, which is now a sobering but important museum. He gave rich historical context at each stop rather than just reciting facts, which made the whole experience feel personal. A fun highlight for music fans was the stop at the Freddie Mercury Museum, celebrating Zanzibar’s most famous son. Highly recommend this tour if you want to actually understand Stone Town rather than just wander through it.",en-gb,5.00,,t,,alone,,,,,,1087,APPLICATION,2026-09-08 10:59:52.350443+05:30,,,f
PRlqORdWYOIw,RSYMRKxJwpdz,2026-07-03 22:59:38+05:30,"Our guide, Imran, was excellent. I would highly recommend this experience.",en-gb,5.00,,t,,family,,,,,,1088,APPLICATION,2026-09-08 10:59:52.353542+05:30,,,f
PRlqORdWYOIw,RSOX27NcC9mY,2026-06-28 18:09:22+05:30,"Sehr netter, sprachgewandter, junger Mann. Erklärte viel kulturelles von der Geschichte und eigentümliches von Sansibar. Hat Spass gemacht!",de,5.00,,t,,alone,,,,,,1089,APPLICATION,2026-09-08 10:59:52.356974+05:30,,,f
PRlqORdWYOIw,RSkrSoyheCCf,2026-06-09 19:13:00+05:30,Imran was an excellent guide. We really enjoyed the tour and he was a great source of information regarding Zanzibar. He went over and beyond and we didn’t feel the time go by. Asante sana!,en-us,5.00,,t,,family,,,,,,1090,APPLICATION,2026-09-08 10:59:52.36102+05:30,,,f
PRlqORdWYOIw,RSHfX9SlWEEv,2026-04-06 15:41:23+05:30,"The tour was wonderful and exaxtly what we were looking for with a froup ranging in age from six to seventy!  A very large thank-you to Imran for his excellent guiding abilities and his patience with our very active six-year old! He was exactly the tour guide we wanted and needed. We learned so much about the people, history and culture. He worked with our pace and let us stop as needed. It was a great experience and we fully recommend it to everyone. Also, ask for Imran- you wont be disappointed!",en-gb,5.00,,t,viator,,Joseph_B,"",,,,1091,APPLICATION,2026-09-08 10:59:52.36437+05:30,,,f
PRlqORdWYOIw,RSQKn02Urf4B,2026-04-04 22:13:51+05:30,"Ali var en kunnskapsrik, hyggelig og flink guide. Veldig fornøyd med denne vandreturen i Stone Town.",no,5.00,,t,,family,Laila Brekkhus,no,,,,1092,APPLICATION,2026-09-08 10:59:52.367512+05:30,,,f
PRlqORdWYOIw,RSXFxw4KgRHF,2026-03-31 23:32:38+05:30,Very informative guide and patient. Evening walk was very nice despite it being a public holiday,en-us,5.00,,t,,family,Hannington,ke,,,,1093,APPLICATION,2026-09-08 10:59:52.37094+05:30,,,f
PRlqORdWYOIw,RSqtrt69jqNx,2026-03-15 15:11:36+05:30,"Mohammad led us on an informative and interesting tour of Stone Town. Highlights included the former slave market, the many doors of Zanzibar, and the fish market (hold your nose!)  Our guide was knowledgeable and amiable.",en-gb,4.00,,t,viator,,Richard_B,"",,,,1094,APPLICATION,2026-09-08 10:59:52.378513+05:30,,,f
PRlqORdWYOIw,RS7TkgwmvLtj,2026-03-09 22:03:17+05:30,Our Guide was amazing 👍,en-gb,5.00,,t,,partner,,,,,,1095,APPLICATION,2026-09-08 10:59:52.382255+05:30,,,f
PRlqORdWYOIw,RSBETHXtOQ8x,2026-03-02 16:00:25+05:30,Our guide Mohammed Omar was extremely knowledgable and built the tour around our interests and even went over his booked time making sure we saw all we wanted to. Very pleasant and kind and accommodating to the needs of two older ladies Thankyou,en-gb,5.00,,t,,friends,Wendy,gb,,,,1096,APPLICATION,2026-09-08 10:59:52.385462+05:30,,,f
PRlqORdWYOIw,RSNyQrtk9TaS,2026-03-02 13:18:31+05:30,"Exceptional tour! Super knowledgeable, charming and friendly guide (Imran - 5 stars!!!). A fascinating journey through Stone Town and the culture and history of Zanzibar. A must do for anyone on the island! ",en-gb,5.00,,t,viator,,Andrew_O,"",,,,1097,APPLICATION,2026-09-08 10:59:52.388636+05:30,,,f
PRlqORdWYOIw,RS9O19m6qCGe,2026-02-26 18:42:22+05:30,"Notre guide Ramadan parle très bien français, il est cultivé et très agréable et sympathique. Nous sommes très satisfaites de notre visite de Stone Town en sa compagnie.",fr,5.00,,t,,family,Marie Pierre,fr,,,,1098,APPLICATION,2026-09-08 10:59:52.391915+05:30,,,f
PRlqORdWYOIw,RSA45dUjGkuR,2026-02-11 18:05:20+05:30,"Le guide était excellent, gentil, à l’écoute. Il connaît très bien l’histoire du pays et l’a présenté de façon simple et claire, dans une pratique parfaite de la langue française.",fr,5.00,,t,,alone,Herve,tz,,,,1099,APPLICATION,2026-09-08 10:59:52.404779+05:30,,,f
PRlqORdWYOIw,RSnFD9hICFlL,2026-02-06 07:10:58+05:30,"Imran was an excellent guide, very knowledgeable and articulate about the history, culture and daily life in Stone Town. Highly recommend this tour, it was the perfect introduction to the city.",en-gb,5.00,,t,viator,,Susan_F,"",,,,1100,APPLICATION,2026-09-08 10:59:52.408015+05:30,,,f
PRlqORdWYOIw,RSkYE4irXV87,2026-01-26 00:39:33+05:30,"My guide Mohammed was great! He explains everything so detailed and smoothly for me as a history and architecture lover. We even talked about anything I''m curious about Zanzibar life, politics, development, dreams... We walk slowly in the town, not feeling rushed at all. I would have been so lost if I walk by myself! He also doesn''t force me to buy anything from anyone, and patiently wait for me while I shop.",en-us,5.00,,t,,alone,Yan,ke,,,,1101,APPLICATION,2026-09-08 10:59:52.411666+05:30,,,f
PRlqORdWYOIw,RS4vXUQjE1hW,2026-01-16 21:22:58+05:30,"Visite intéressante mais notre guide ahmed moyennement aimable et semblant un peu blasé ! Dommage, ça gâche un peu les choses Parlais bien français",fr,2.00,,t,,friends,Marylène,fr,,,,1102,APPLICATION,2026-09-08 10:59:52.414935+05:30,,,f
PRlqORdWYOIw,RSbfzziawyeS,2026-01-04 09:11:20+05:30,We had a really good and informative tour around Stone town. The history is fascinating and our guide was excellent. ,en-gb,5.00,,t,viator,,MAX_F,"",,,,1103,APPLICATION,2026-09-08 10:59:52.418597+05:30,,,f
PRlqORdWYOIw,RStuFtEnsWaJ,2025-12-29 13:00:50+05:30,Mohammed was a very friendly and experienced guide. Detailed information ready to answer any question polite an excellent in any way. I suggest this tourist walk guide company at least with the guide that we had!,en-gb,5.00,,t,,friends,Nikolaos,gr,,,,1104,APPLICATION,2026-09-08 10:59:52.42222+05:30,,,f
PRlqORdWYOIw,RSL0Mo9qr5Ro,2025-12-05 01:52:50+05:30,Notre guide était très connaissant de l’histoire de Stone Town. Il nous a fait voyager dans le temps à notre rythme.,fr,5.00,,t,,partner,Jean,ca,,,,1105,APPLICATION,2026-09-08 10:59:52.425495+05:30,,,f
PRlqORdWYOIw,RSniUM6ilHyb,2025-11-26 09:33:56+05:30,Great walking sightseeing tour woth Muhammed. Our guide was very  knowledgeable and flexible re our timings and preferences. Highly recommended ,en-gb,5.00,,t,viator,,Paulina_L,"",,,,1106,APPLICATION,2026-09-08 10:59:52.429256+05:30,,,f
PRlqORdWYOIw,RSG4E7x6PeKR,2025-11-14 14:18:24+05:30,A private walking tour is only as good as the guide you have. We were fortunate to have Mohammed who not only has a extensive knowledge of Stone Town's history trove but his passion for what he does shone through. Thank you Mohammed!!,en-gb,5.00,,t,,partner,Kobus,tz,,,,1107,APPLICATION,2026-09-08 10:59:52.432748+05:30,,,f
PRlqORdWYOIw,RSqhMNrsjdmH,2025-10-20 12:23:11+05:30,Ausgezeichneter Führer gab uns Einblicke in die reiche Geschichte und das heutige Leben in der Stadt,de,5.00,,t,,partner,Max,ch,,,,1108,APPLICATION,2026-09-08 10:59:52.436371+05:30,,,f
PRlqORdWYOIw,RSLHsFl9zFIL,2024-10-24 16:20:27+05:30,Excellent - very informative - especially liked the details on current local culture . Funny and interesting tour - brilliant - ta,en-gb,5.00,,t,,family,Andrew,gb,,,,1158,APPLICATION,2026-09-08 10:59:52.63642+05:30,,,f
PRlqORdWYOIw,RSJ8pPuhOljF,2025-10-10 17:28:26+05:30,"Imran, found me! Out of all the people walking about he found me. And that''s where it all begins and you''re introduced to the essence of Zanzibar! Receiving the history of where we stood from the 15th Century onward. It is remarkable to be lead by a tour guide that the ancestors would smile upon. There were places I never would have taken the time to explore if it weren''t for this tour. Mr. Imran, made sure I was okay throughout and was mindful of customs. He was a delightful gentleman cultivating a memorable experience! This indeed is a MUST DO Tour! An easy walk through Stone Town.",en-gb,5.00,,t,viator,,Lindsay_S,"",,,,1109,APPLICATION,2026-09-08 10:59:52.440374+05:30,,,f
PRlqORdWYOIw,RSw5AO3tBB1h,2025-10-04 12:59:04+05:30,"Friendly, knowledgeable, and flexible tour guide! We enjoyed the tour, the context, and the ability to tailor the experience to what we were most interested in.",en-gb,5.00,,t,viator,,Whitney_G,"",,,,1110,APPLICATION,2026-09-08 10:59:52.443934+05:30,,,f
PRlqORdWYOIw,RSaLweJaCHVG,2025-10-03 09:21:49+05:30,Amazing experience. Our guide was incredibly knowledgeable and kind. The market is a must see! I recommend this tour.,en-gb,5.00,,t,viator,,Michelle_V,"",,,,1111,APPLICATION,2026-09-08 10:59:52.447194+05:30,,,f
PRlqORdWYOIw,RSRfY96x00lI,2025-09-14 19:43:41+05:30,"Mohamed was super kind, knowledgable and helpful! I absolutely loved his tour!  Very warmly recommend this tour! ",en-gb,5.00,,t,viator,,Anita_S,"",,,,1112,APPLICATION,2026-09-08 10:59:52.450625+05:30,,,f
PRlqORdWYOIw,RS1SSCt24Qjt,2025-09-13 23:33:17+05:30,Nous avons été totalement déçu par le guide qui n’avait pour but de sa visite qu’une seule chose nous emmener en fin de parcours dans une boutique d’épices tenu par un de ses amis …. Cette activité coûte très cher au vu de ce que l’on a vécu !,fr,1.00,,t,,partner,Sophie,fr,,,,1113,APPLICATION,2026-09-08 10:59:52.453731+05:30,,,f
PRlqORdWYOIw,RSF7mdTchQXY,2025-09-13 22:44:40+05:30,Parfaite maîtrise de la langue française de notre guide.,fr,5.00,,t,,family,Stephane,tz,,,,1114,APPLICATION,2026-09-08 10:59:52.457044+05:30,,,f
PRlqORdWYOIw,RSEjNASqrfcB,2025-08-24 11:36:02+05:30,"Imran was really nice, friendly and informative, with a passion for Zanzibar and Stone Town and  its history. Lasted 3 hours which went quickly. He was happy to answer any questions we had and to go at our own pace.",en-gb,5.00,,t,viator,,Jonathan_B,"",,,,1115,APPLICATION,2026-09-08 10:59:52.461064+05:30,,,f
PRlqORdWYOIw,RSPxpjnaflfa,2025-08-17 16:47:14+05:30,"Guide, Imran, was amazing. Very friendly and knowledgeable",en-gb,5.00,,t,,alone,Frederick,za,,,,1116,APPLICATION,2026-09-08 10:59:52.464748+05:30,,,f
PRlqORdWYOIw,RSodZ6GT2wMo,2025-08-07 19:02:52+05:30,"Good experience , however the guide was not knowledgeable enough I would rate his know how on znz history 6/10.",en-gb,3.00,,t,,partner,Ravin,mu,,,,1117,APPLICATION,2026-09-08 10:59:52.467934+05:30,,,f
PRlqORdWYOIw,RSOv34rAEsGI,2025-08-05 17:47:01+05:30,"Virkelig god tur igennem Stone towns historie. Fantastisk ung guide, som var god til at fortælle og havde masser af humor med i sin fortælle måde. Kan desværre ikke huske hvad vores guide hed.",da,5.00,,t,,,Angela Teresia Maria,dk,,,,1118,APPLICATION,2026-09-08 10:59:52.471141+05:30,,,f
PRlqORdWYOIw,RS6t3VWt4OIH,2025-07-31 16:50:19+05:30,We had Imran as our guide . His knowledge was incredible and he gave us an exceptional tour of Stonetown,en-gb,5.00,2,t,,partner,Stephen,gb,,,,1119,APPLICATION,2026-09-08 10:59:52.474401+05:30,,,f
PRlqORdWYOIw,RSzfxUkMzFs4,2025-07-25 10:32:24+05:30,Visite de 2h00 qui permet de voir les principaux lieux de Stone Town et de découvrir son histoire. Guide parlant très bien le Français.,fr,5.00,,t,,partner,PHILIPPE,fr,,,,1120,APPLICATION,2026-09-08 10:59:52.477904+05:30,,,f
PRlqORdWYOIw,RSu6Z5V5J5cy,2025-07-21 14:58:12+05:30,"We had an incredible time with our tourguide Yusuf! He‘s extremely nice, knowledgeable and funny. He gave us all the time we needed and was adapted the tour flexibly according to our needs. We can only highly recommend booking a tour with him!",en-gb,5.00,,t,,family,Frank Karim,de,,,,1121,APPLICATION,2026-09-08 10:59:52.481558+05:30,,,f
PRlqORdWYOIw,RSOChlcJhsVi,2025-07-06 14:53:04+05:30,"Guide sympa et compétent. Explications intéressantes. Découverte de petites ruelles perdues. Le prix de USD 75.- pour 2 personnes, pour 1h50 de visites commentées, nous semble cher",fr,4.00,,t,,partner,Pascal,ch,,,,1122,APPLICATION,2026-09-08 10:59:52.491023+05:30,,,f
PRlqORdWYOIw,RSwK5jFVSsYA,2025-06-29 17:28:36+05:30,"Excellent tour with Ramadhan. Very knowledgeable, friendly, and did everything at the right pace. Highly recommended.",en-gb,5.00,,t,viator,,Martin_F,"",,,,1123,APPLICATION,2026-09-08 10:59:52.494559+05:30,,,f
PRlqORdWYOIw,RSBbISAmYz7X,2025-06-24 00:03:46+05:30,"This excursion is easily one of my favorites in Zanzibar. I would it again. Our private guide, Ramadan, was exceptional! Be sure to include a lunch stop at Cape Town Fish Market...it''s a cherry on top.",en-gb,5.00,,t,,family,Babalwa,za,,,,1124,APPLICATION,2026-09-08 10:59:52.497967+05:30,,,f
PRlqORdWYOIw,RS7tmpR8vEN5,2025-06-23 04:42:22+05:30,"Fantastic walking tour. Our guide Imran was so friendly & knowledgeable about Zanzibar history, we learned so much in a couple of hours. The tour included all the main highlights, a must do when in Stone town!",en-gb,5.00,,t,,family,Hannah,au,,,,1125,APPLICATION,2026-09-08 10:59:52.502165+05:30,,,f
PRlqORdWYOIw,RSGCyOndfA2s,2025-06-18 13:44:29+05:30,"This was an excellent tour! Imran, our guide, was kind and so friendly. He knew loads about Zanzibar and stone town, was able to answer all our questions and provided great recommendations for local restaurants.",en-gb,5.00,,t,viator,,Becca_W,"",,,,1126,APPLICATION,2026-09-08 10:59:52.505763+05:30,,,f
PRlqORdWYOIw,RScWR4WtkshI,2025-06-07 22:44:53+05:30,He was so amazing.. very informative lovely and well exposed…. I loved him !!!,en-us,5.00,,t,,alone,Hamanburg,za,,,,1127,APPLICATION,2026-09-08 10:59:52.509112+05:30,,,f
PRlqORdWYOIw,RSeQWihnZZfG,2025-05-22 17:31:38+05:30,"Mohammed was a great guide, very knowledgeable on Stone Town history and answered all my questions well. I left with a better understanding of the history of Zanzibar, would recommend this walking tour as Stone Town is a maze and difficult to do alone.",en-gb,5.00,,t,,alone,Hamdi,au,,,,1128,APPLICATION,2026-09-08 10:59:52.512321+05:30,,,f
PRlqORdWYOIw,RSMuYIRyfhjB,2025-05-17 15:25:57+05:30,Merci a Ramadhan pour cette superbe visite !!!,fr,5.00,,t,,partner,Léna,fr,,,,1129,APPLICATION,2026-09-08 10:59:52.515599+05:30,,,f
PRlqORdWYOIw,RSWOKkUURiC0,2025-04-24 15:00:47+05:30,"We are a family of 4, teenager kids, our guide Imran made the tour very interesting and fun, he answered all types of questions. We recommend this tour. Thanks Imran!",en-us,5.00,,t,,family,Juan Carlos,us,,,,1130,APPLICATION,2026-09-08 10:59:52.519645+05:30,,,f
PRlqORdWYOIw,RSIOqAxlaNNw,2025-04-06 20:15:25+05:30,"Lovely walking tour, charming and knowledgeable guide, great coffee stop, appropriate distance to let us take in the more somber parts of the tour, recommend!",en-gb,5.00,,t,,partner,Robin,de,,,,1131,APPLICATION,2026-09-08 10:59:52.523304+05:30,,,f
PRlqORdWYOIw,RS8zODSHtTtO,2025-03-22 18:46:05+05:30,Le guide etait tout à fait adapté,fr,4.00,,t,,alone,Hélène,fr,,,,1132,APPLICATION,2026-09-08 10:59:52.526641+05:30,,,f
PRlqORdWYOIw,RSo4yWoYqg5c,2025-03-20 16:21:24+05:30,"Amazing, polite and punctual guide who took me to the main sights in Zanzibar and gave me information about the history and context of the town as well as the sights.",en-gb,5.00,,t,,alone,Jerome,gb,,,,1133,APPLICATION,2026-09-08 10:59:52.529748+05:30,,,f
PRlqORdWYOIw,RShqd93olRuu,2024-12-31 19:56:42+05:30,,,5.00,,f,,family,Steven,nl,,,,1255,APPLICATION,2026-09-08 10:59:55.551875+05:30,,,f
PRlqORdWYOIw,RSKV16ZlfGFA,2025-02-14 18:02:24+05:30,"Mohamed was a great guide. We had him to ourselves. He was very intuitive in adjusting the speed of the tour to our speed. He showed us the usual sites, plus great restaurants, coffee shop, and banana leaf art and the artist. All made so easy with booking.com",en-gb,5.00,,t,,partner,Carol,us,,,,1136,APPLICATION,2026-09-08 10:59:52.54428+05:30,,,f
PRlqORdWYOIw,RSo7CWEpbE0M,2025-02-09 11:59:37+05:30,Nous avons eu un excellent guide: Ahmed très intéressant et aimable avec qui nous avons daucoup discuté.,fr,5.00,,t,,partner,Jean,tz,,,,1137,APPLICATION,2026-09-08 10:59:52.547664+05:30,,,f
PRlqORdWYOIw,RSLKhi8FU6sy,2025-02-07 10:15:43+05:30,Très belle visite avec un excellent guide,fr,5.00,,t,,family,pierre,fr,,,,1138,APPLICATION,2026-09-08 10:59:52.550911+05:30,,,f
PRlqORdWYOIw,RSDcZVzxI1QP,2025-01-31 20:17:32+05:30,Yusef was an excellent guide - highly recommend this tour,en-gb,5.00,,t,,family,Anna,gb,,,,1139,APPLICATION,2026-09-08 10:59:52.554075+05:30,,,f
PRlqORdWYOIw,RSq36sidKEPk,2025-01-31 15:42:46+05:30,"Notre guide nous fait découvrir Stone Town avec son histoire, son architecture, ses habitants. Parfait. Nous avons juste eu un problème pour trouver le lieu de rdv pas très précis. Mais nous nous sommes retrouvés !",fr,5.00,,t,,partner,Dominique,fr,,,,1140,APPLICATION,2026-09-08 10:59:52.557191+05:30,,,f
PRlqORdWYOIw,RSu97Uhwy3QV,2025-01-28 18:20:51+05:30,"Hyggelig, serviceinnstilt og kunnskapsrik guide som tok oss gjennom stonetown og som hadde svar på alt vi hadde av spørsmål.",no,5.00,,t,,partner,Petter,no,,,,1141,APPLICATION,2026-09-08 10:59:52.560992+05:30,,,f
PRlqORdWYOIw,RSYWi5jWwEFz,2025-01-19 16:41:54+05:30,"Imran was an amazing guide, friendly and welcoming, great English and his knowledge was very good. He took us round the tour with ease and experience. Thank you so much, I would 109% recommend him as a guide.",en-gb,5.00,,t,,family,kelly,gb,,,,1142,APPLICATION,2026-09-08 10:59:52.5645+05:30,,,f
PRlqORdWYOIw,RS0HacuulJVF,2025-01-16 16:01:36+05:30,Très intéressant pour déambuler dans les ruelles de Stonetown et apprendre l’histoire de Zanzibar,fr,5.00,,t,,alone,Veronique,ch,,,,1143,APPLICATION,2026-09-08 10:59:52.585087+05:30,,,f
PRlqORdWYOIw,RSDROceDg2gx,2025-01-14 11:57:44+05:30,"Something went awry with the admin, no-one met me at the agreed time/place and couldn''t get through on the provided phone number. However, a very prompt response to my email asking what happened produced, within minutes, Imran at my hotel ready to go. We did the walking tour immediately. He provided lots of history and information, covered all the promised places, answered all my questions including giving me time enough at the slavery exhibition. Imran was friendly, chatty, informative and helpful about other things I could see/do. Just what I had hoped for.  ",en-gb,5.00,,t,viator,,Lyndsey_B,"",,,,1144,APPLICATION,2026-09-08 10:59:52.588315+05:30,,,f
PRlqORdWYOIw,RSiYqdQqkGCk,2025-01-13 17:01:50+05:30,"The tour guide was very kind, cooperative and knowledgeable. His name if I remember is Mohamad and he was helpful as we had 5y old kid with us. We adjusted the round as the sun was too strong in period feom 12-3pm and we shuffle the program to avoid heat. Its not my first time to attend the round, we covered all subjects just we shuffled the schedule to avoid the sunshine. It was really interesting and would go for it again.",en-gb,5.00,,t,,family,Mirjana,rs,,,,1145,APPLICATION,2026-09-08 10:59:52.591761+05:30,,,f
PRlqORdWYOIw,RSkKqwGxc61F,2025-01-02 17:09:56+05:30,Imran was a really good guide. Lots of information about both Stone Town and the local population. Well worth two hours & far better than walking around alone.,en-gb,5.00,,t,,alone,Susi,gb,,,,1146,APPLICATION,2026-09-08 10:59:52.595241+05:30,,,f
PRlqORdWYOIw,RSyDNYbITIeU,2024-12-18 14:07:02+05:30,Visite de Stone Town très utile et instructive pour avoir des explications intéressantes sur l’histoire de Zanzibar et le mélange des cultures présentes ici. Notre guide était très disponible et nous avons appris beaucoup de choses. À faire.,fr,5.00,,t,,family,Valérie,fr,,,,1147,APPLICATION,2026-09-08 10:59:52.598784+05:30,,,f
PRlqORdWYOIw,RSUmkgKvb0JS,2024-12-18 05:01:04+05:30,"Mohammed is an excellent guide who provide us a lot of information about Zanzibar and Stone Town. We started by the Old Fort and an introduction to history and religion in this island. We discovered the meaning of the door carving. We had a good overview of the market, the spices and other products. And we leant a lot at the slave museum. ",en-gb,5.00,,t,viator,,Sophie_M,"",,,,1148,APPLICATION,2026-09-08 10:59:52.603081+05:30,,,f
PRlqORdWYOIw,RSIllc4qeDAB,2024-12-11 01:28:42+05:30,Een zeer duidelijke en interessante rondleiding gehad van een zeer vriendelijke goed Engels sprekende gids!,nl,5.00,,t,,alone,van Oosterom,"",,,,1149,APPLICATION,2026-09-08 10:59:52.606653+05:30,,,f
PRlqORdWYOIw,RSUVtVWQt4g8,2024-12-01 17:37:12+05:30,Visite privée avec guide Ahmed qui s’exprime très bien en français et nous fait découvrir l’histoire de Zanzibar avec précision et passion . Je recommande vivement cette excursion pour une immersion totale agréable et facile. 👍🙏,fr,5.00,,t,,partner,Laurence,fr,,,,1150,APPLICATION,2026-09-08 10:59:52.609862+05:30,,,f
PRlqORdWYOIw,RS59E9wMxfjg,2024-11-29 17:46:16+05:30,"The experience was amazing, I would recommend it for anyone with interest in History. The guide Mohamed from City walk was smart, articulate and looked like he was having fun which made the experience all the more fun for us as well. He then showed up this local place to get lunch the octopus and fish were 💯.",en-gb,4.00,,t,,partner,Baba,"",,,,1151,APPLICATION,2026-09-08 10:59:52.613091+05:30,,,f
PRlqORdWYOIw,RSHciIJGQM9D,2024-11-25 16:11:16+05:30,Imran was an amazing guide - very friendly and good knowledge of all the area and especially the history which is so complex. Very much appreciated his discussions and information - thank you!,en-gb,5.00,,t,,partner,Alan,gb,,,,1152,APPLICATION,2026-09-08 10:59:52.616209+05:30,,,f
PRlqORdWYOIw,RSvEDQCzLGGA,2024-11-19 20:28:13+05:30,Imran was informative and friendly. He took time to answer my questions and the tour met my expectations,en-gb,5.00,,t,,alone,jean,ca,,,,1153,APPLICATION,2026-09-08 10:59:52.619852+05:30,,,f
PRlqORdWYOIw,RSvmHawMkYMi,2024-11-08 07:41:12+05:30,"It was educational, informative at the same time entertaining. Ali?(sorry forgot your name🫰) was so knowledgable & fun. Very helpful too he helped us bargain a little with our souveneirs, arranged our tuktuk ride & brought us to our lunch destination Lukmaan. After 65 countries and a hundred tours he''s at the top of our list. ",en-gb,5.00,,t,viator,,ramonstephen_v,"",,,,1154,APPLICATION,2026-09-08 10:59:52.623634+05:30,,,f
PRlqORdWYOIw,RSDJppw39gvj,2024-11-07 10:37:28+05:30,Excellent tour! It exceeded my expectations.,en-gb,5.00,,t,,family,Wilfredo,se,,,,1155,APPLICATION,2026-09-08 10:59:52.626957+05:30,,,f
PRlqORdWYOIw,RSAbBzztL3QE,2024-10-24 19:59:47+05:30,Great guide but the town really wasn't as interesting as I thought it would be. This obviously is not the tour guides fault. Lots of nice  doors and narrow streets. Fish market auction was cool. Slave market tour was a whitewashed museum piece that seemed to highlight the role of British in liberation. All in all a decent place to visit to buy souvenirs. Very busy town ,en-gb,3.00,,t,viator,,Love_B,"",,,,1156,APPLICATION,2026-09-08 10:59:52.63023+05:30,,,f
PRlqORdWYOIw,RSgHue86hXGq,2024-10-24 18:41:12+05:30,This is a must do tour while in Zanzibar. I learned so much about the island and the history of its people. Imran was a wonderful tour guide. It is also great for solo travelers who want to get to know the city. ,en-gb,5.00,,t,viator,,Krystle_G,"",,,,1157,APPLICATION,2026-09-08 10:59:52.633315+05:30,,,f
PRlqORdWYOIw,RSRWPXRpiWZ3,2024-10-19 10:28:48+05:30,We truly enjoyed our walking tour with Muhammad. He is a very considerate and knowledgeable guide. He answered all questions patiently and the pace was perfect. It was lovely to get to know more about the rich history of Stone Town and to have a small glimpse of the local culture.,en-gb,5.00,,t,,partner,Michele,bw,,,,1160,APPLICATION,2026-09-08 10:59:52.643717+05:30,,,f
PRlqORdWYOIw,RS1udas1otQU,2024-10-13 14:58:38+05:30,"Yusuf, our guide, was absolutely amazing. He was very knowledgeable, attentive to our interests and friendly. We really enjoyed getting to know stonetown with him. Thank you so much, Yusuf. Highly recommended experience.",en-us,5.00,,t,,,Youssef,ae,,,,1161,APPLICATION,2026-09-08 10:59:52.647082+05:30,,,f
PRlqORdWYOIw,RSYApJofHd0u,2024-10-11 08:45:55+05:30,"Mohammed gave a comprehensive tour of Stone Town. His knowledge of the history, culture and tidbits of information was phenomenal. We were thankful for him for our first experience of navigating that streets. Without him, we would have gotten lost!!!",en-gb,5.00,,t,viator,,Laurie_M,"",,,,1162,APPLICATION,2026-09-08 10:59:52.650245+05:30,,,f
PRlqORdWYOIw,RSdRe2OvHjrd,2024-10-06 04:44:14+05:30,"Mr. Ramadhen was a superb guide. I was lucky enough to be the only person on the Sunday afternoon tour. I had booked this tour on my first afternoon, to give me grounding and understanding to both the history and layout of Stone Town. The tour was highly rated, which also supported my decision to book. The tour in fact far exceeded my expectations. The knowledge and history shared has left me intrigued to read more. As we sat in the Christ Church Cathedral, Mr. Ramadhen compassionately and truthy shared the history of the slave trade. The visit to Darajani Bazaar was fabulous, to see the fish auctioneers in action. I was even encouraged to try the local red banana (as a non-banana eater) and was humbly surprised as to how nice it was! Thank you for a wonderfully informative and immersive tour!",en-gb,5.00,,t,,alone,Melissa,au,,,,1163,APPLICATION,2026-09-08 10:59:52.653633+05:30,,,f
PRlqORdWYOIw,RS28SADap4qU,2024-10-05 03:43:17+05:30,"Highly recommend as a stone tone tour, guide was extremely friendly and knowledgeable, and very receptive to going slower or faster in certain areas. ",en-gb,5.00,,t,viator,,Sebastian_F,"",,,,1164,APPLICATION,2026-09-08 10:59:52.656903+05:30,,,f
PRlqORdWYOIw,RSZQQGLNHUqV,2024-10-03 04:15:49+05:30,"Sans un guide, on ne comprend rien à ce qu’on voit. Alors c’est essentiel. Notre guide était excellent!",fr,5.00,,t,,partner,Pierre,ca,,,,1165,APPLICATION,2026-09-08 10:59:52.660637+05:30,,,f
PRlqORdWYOIw,RS2XSEJiMhEs,2024-09-30 15:43:30+05:30,Mohammed was attentive and well versed. He met our expectation.,en-us,4.00,,t,,partner,Robert,us,,,,1166,APPLICATION,2026-09-08 10:59:52.664417+05:30,,,f
PRlqORdWYOIw,RSuzPH1LnQbz,2024-09-28 15:20:45+05:30,"We had a great and very informative tour of stonetown, the guide was great and was very knowledgeable about this interesting town",en-gb,5.00,,t,,partner,Jens,dk,,,,1167,APPLICATION,2026-09-08 10:59:52.667616+05:30,,,f
PRlqORdWYOIw,RSaEBRTgr1iN,2024-09-26 21:44:19+05:30,Muhammad was excellent.  He made our tour fun and interesting.  He certainly knows a lot about Stonetown and he shared it with us.  A great guide and a great way to see Zanzibar! ,en-gb,5.00,,t,viator,,Richard_G,"",,,,1168,APPLICATION,2026-09-08 10:59:52.672543+05:30,,,f
PRlqORdWYOIw,RSRyblhhcmNh,2024-09-26 16:00:17+05:30,"A very enjoyable tour by Muhammed.  Knowledgeable, patient, charming, and ingratiating. Would highly recommend! Ahhhh. Almost forgot, the Freddie Mercury Museum is here in Stonetown! Kewl. ",en-gb,5.00,,t,viator,,Ronald_S,"",,,,1169,APPLICATION,2026-09-08 10:59:52.675751+05:30,,,f
PRlqORdWYOIw,RSvPGqbVoHpb,2024-09-26 01:36:03+05:30,"That was nice, but maybe I’d rather go for an English speaker guide to have more details and information",en-gb,3.00,,t,,alone,Fidèle Félix,cd,,,,1170,APPLICATION,2026-09-08 10:59:52.679306+05:30,,,f
PRlqORdWYOIw,RSZoc4WiXU2D,2024-09-23 04:25:21+05:30,"Some of the historic aspects of Stonetown were provided. Not a great deal of information, though. Mostly, it seemed that we were being taken to places to shop.",en-gb,3.00,,t,viator,,Crystal_K,"",,,,1171,APPLICATION,2026-09-08 10:59:52.68318+05:30,,,f
PRlqORdWYOIw,RS9cZMC2mYtP,2024-09-22 21:46:25+05:30,"Our guide was excellent, it felt more like a walk with a friend than an organised trip. He was happy to answer our questions on all sorts of issues and as a result we learned so much. A memorable few hours.",en-gb,5.00,,t,,partner,Jacqui,gb,,,,1172,APPLICATION,2026-09-08 10:59:52.68723+05:30,,,f
PRlqORdWYOIw,RSBpSvGjl9ul,2024-09-19 18:22:40+05:30,"Incredibly fun experience. My guide was very knowledgeable and helpful. Stone town is a maze, can''t do it alone. ",en-gb,5.00,,t,viator,,VigneshSivaram_J,"",,,,1173,APPLICATION,2026-09-08 10:59:52.690381+05:30,,,f
PRlqORdWYOIw,RSgNg20pDud8,2024-09-15 16:04:14+05:30,I wrote to the operator via Viator to ask to reschedule the date by 1 day. I got no reply and consequently missed the tour,en-gb,1.00,,t,viator,,GOPALAKRISHNAN_V,"",,,,1174,APPLICATION,2026-09-08 10:59:52.693493+05:30,,,f
PRlqORdWYOIw,RSRMvenDONYn,2024-09-11 12:36:02+05:30,We had the most amazing well informed guide called Yusuf who took us in the tour & did an excellent job! Very well worth it!,en-gb,5.00,,t,,friends,Pheliswa,za,,,,1175,APPLICATION,2026-09-08 10:59:52.697017+05:30,,,f
PRlqORdWYOIw,RSfCrNKK42m0,2024-08-25 07:43:10+05:30,"It was a beautiful walk through the town and our guide was in time and very polite. His knowledge about the history of the town was interesting, if you are keen on History you may need to do some research  since the tour gives you only an introduction. ",en-gb,4.00,,t,viator,,Rohini_S,"",,,,1176,APPLICATION,2026-09-08 10:59:52.700833+05:30,,,f
PRlqORdWYOIw,RStFQi74SrOh,2024-08-25 05:48:32+05:30,"Our guide, Imran, was articulate, passionate, and knowledgeable about Stone Town as he gave our group of 8 people a walking tour. He lives in the city and had great insight on both the long history of Stone Town as well as recent challenges to maintaining its architecture and livability. ",en-gb,5.00,,t,viator,,David_M,"",,,,1177,APPLICATION,2026-09-08 10:59:52.705042+05:30,,,f
PRlqORdWYOIw,RSnyb19lzG49,2024-08-11 05:56:42+05:30,"Mohammed O. was a fantastic guide! Easily the best tour guide we had on Zanzibar! He was extremely knowledgeable, friendly, and professional. The walking tour was a perfect mix of history, culture, and sightseeing. Mohammed made sure to go to all of the important areas and gave tidbits of history and facts along the way. You can tell he was a true professional by answering all of our questions with excellent and in-depth answers, he really knows his stuff! The couple of hours flew right by and we found that we learned so much about Stone Town, I would highly recommend this tour! Definitely a great value and perfect tour to do after you drop your bags at the hotel. ",en-gb,5.00,,t,viator,,Morgan_G,"",,,,1178,APPLICATION,2026-09-08 10:59:52.709893+05:30,,,f
PRlqORdWYOIw,RSAlKq30fXXh,2024-08-06 21:51:59+05:30,Visite avec Omar qui parle un très bon français et nous a fait découvrir de multiples facettes de Stone Town. Très bonne expérience.,fr,5.00,,t,,family,ROBIN,fr,,,,1179,APPLICATION,2026-09-08 10:59:52.721471+05:30,,,f
PRlqORdWYOIw,RSFpl1E4ku5q,2024-07-29 11:16:05+05:30,"Muhammed, or your guide Was exceptional. He explained the history of the city and country in great detail making it interactive to help us understand the make up of the people, culture, tradition and religions. I highly recommend this option for your guided city tour.",en-gb,5.00,,t,,family,,,,,,1180,APPLICATION,2026-09-08 10:59:52.725225+05:30,,,f
PRlqORdWYOIw,RSx9Wbk4BnOF,2024-07-25 17:17:21+05:30,The tour was outstanding and touched every corner of Stonetown.  The highlight of the tour was my guide Mohammed O. Mohamed.  He was extremely knowledgeable and filled me in with very interesting facts and answered my questions very well. His English was very good and  the pace of the tour was perfect.  Stonetown is a very interesting place and Mohammed made it even more interesting by filling me in with all the facts.  I recommend this tour with Mohammed O. Mohamed as the guide to anyone looking for a great tour of Stonetown.  ,en-gb,5.00,,t,viator,,Saroj_M,"",,,,1181,APPLICATION,2026-09-08 10:59:55.260528+05:30,,,f
PRlqORdWYOIw,RSxpCSs1NGZ3,2024-07-20 12:57:03+05:30,"We were fortunate to get Ally Jape as our guide and he was PHENOMENAL. He shared interesting information on Stone Town accompanied with his opinions and commentary which was extremely insightful and stimulating. For every question we had, he shared an informed answer and opinion. He took his time to explain things and show us around without rushing. We visited various landmarks and learned far more about Zanzibar than we could imagine. Could not recommend this more, it was our favourite experience in Tanzania! Very professional and personalised experience! ",en-gb,5.00,,t,viator,,Sophia_S,"",,,,1182,APPLICATION,2026-09-08 10:59:55.264208+05:30,,,f
PRlqORdWYOIw,RSsO1eZUtkYJ,2024-07-18 17:36:27+05:30,"I was happy to be guided through the town. I learned more on a tour then if I''d just walked around.

The information about the doors of Stone Town was intriguing. I also liked the slave trade information and museum. Being there brought my history books more to life albeit humbling.

I liked how my guide spoke of the culture of Zanzibar, as well.

I definitely recommend this tour!",en-gb,5.00,,t,viator,,Susan_S,"",,,,1183,APPLICATION,2026-09-08 10:59:55.267656+05:30,,,f
PRlqORdWYOIw,RSjj0gKjRSvM,2024-07-13 22:55:02+05:30,"Detailed history of Zanzibar and Stone Town. Saw historic sites and got a great feel of not only Zanzibar, but the country of Tanzania as a whole!",en-gb,5.00,,t,viator,,Steve_D,"",,,,1184,APPLICATION,2026-09-08 10:59:55.271311+05:30,,,f
PRlqORdWYOIw,RSgGxpKwwtsz,2024-07-12 19:47:42+05:30,Mohamed was an amazing tour guide. He was well informed and I really enjoyed learning about the history of Stonetown. Thank you.,en-gb,5.00,,t,viator,,Karen_M,"",,,,1185,APPLICATION,2026-09-08 10:59:55.275353+05:30,,,f
PRlqORdWYOIw,RSY82Zj6NCjF,2024-07-04 14:25:31+05:30,"Highly recommend this tour. Yusuf was an excellent guide, knowledgeable with a pleasant personality and very accommodating. The tour is quite comprehensive, main sites were included. Loved the break we had at the rooftop café. Had several magical moments during the tour. Was an amazing first impression of Zanzibar.",en-gb,5.00,,t,viator,,Marwa_E,"",,,,1186,APPLICATION,2026-09-08 10:59:55.279112+05:30,,,f
PRlqORdWYOIw,RS8pXrCm3fem,2024-06-27 15:55:22+05:30,"Our group of 7 had Irman.  He was punctual, polite, courteous, knowledgeable, answered questions freely…..   he is highly recommended.   Definitely need a guide around stonetown.  VERY easy to loose track of where you’ve been or need to go.    ",en-gb,5.00,,t,viator,,Sharon_G,"",,,,1187,APPLICATION,2026-09-08 10:59:55.282762+05:30,,,f
PRlqORdWYOIw,RS8e8a05jXiL,2024-06-26 14:40:16+05:30,"If you want to enjoy your stay in Zanzibar Town, we highly recommend a Stone Town tour. The guide was highly knowledgeable and humble when talking about the sad history of slaves and slave market at the same time proud when talking about the more present history and detailing out the different shapes of doors and houses depending on religious belonging. Super guide to be honest. Hans",sv,5.00,,t,,family,Hans,se,,,,1188,APPLICATION,2026-09-08 10:59:55.286573+05:30,,,f
PRlqORdWYOIw,RSKEfV91AqWZ,2024-06-19 19:21:43+05:30,I am not good at English. I asked the guide to explain in simple sentences as possible. It was a great help in understanding the explanation.,ko,5.00,1,t,,partner,YOUNGSUN,kr,,,,1189,APPLICATION,2026-09-08 10:59:55.290104+05:30,,,f
PRlqORdWYOIw,RS77Av9oyAka,2024-06-18 21:00:46+05:30,"I really enjoyed the walking tour. Mohammed was an excellent guide, very knowledgeable about the history and the town, helpful and fun. He also gave me great tips on places and restaurants to go to, which didn''t disappoint. I would highly recommend!",en-gb,5.00,,t,,alone,Maja,rs,,,,1190,APPLICATION,2026-09-08 10:59:55.293833+05:30,,,f
PRlqORdWYOIw,RSbNlhJv4Vc1,2024-06-14 22:22:59+05:30,"Veldig fornøyd med guiden vår. Han startet med en introduksjon om Zanzibar ved møtestedet vårt (turistinformasjonen), før han tok oss med rundt i byen og viste oss det som var verdt å få med seg. Underveis ordnet han vann til oss, hjalp oss med å finne et bra spa, å kjøpe krydder og suvenirer, og mot slutten hadde vi en flott pause på toppen av et hotell med magisk utsikt, før han fulgte oss tilbake til spaet. Han hjalp oss også med å vise oss restauranten der vi hadde booket bord senere. Anbefales!",no,5.00,,t,,family,Tonje,no,,,,1191,APPLICATION,2026-09-08 10:59:55.297894+05:30,,,f
PRlqORdWYOIw,RSW45Tx6YFyH,2024-06-01 22:54:46+05:30,"Mohammed was an excellent tour guide, really friendly and easy to talk to. The tour lasted just over 2 hours and was a great insight into the history of Zanzibar and its people. Would highly recommend booking this tour, great value for money!",en-gb,5.00,,t,,partner,Emily,gb,,,,1192,APPLICATION,2026-09-08 10:59:55.301703+05:30,,,f
PRlqORdWYOIw,RShQTCzxhE5x,2024-05-23 11:54:29+05:30,"Had an amazing 2 hour tour with Imran, he provided a very high quality in-depth tour of the city, showed us a local mosque we were able to pray in, and was funny, knowledgeable and charismatic throughout. He was even able to recommend one of the city’s best rooftop restaurants for coffee. 10/10 would definitely use again, wish he could be a guide in every city!",en-gb,5.00,,t,viator,,Junayd_Q,"",,,,1193,APPLICATION,2026-09-08 10:59:55.305189+05:30,,,f
PRlqORdWYOIw,RSR5XKccfce7,2024-04-28 18:22:54+05:30,"My tour guide was well informed and accommodating. He showed Ma ll of the main attractions, took my photos and waited patiently at multiple markets as I shopped. ",en-gb,5.00,,t,viator,,Portia_S,"",,,,1194,APPLICATION,2026-09-08 10:59:55.308838+05:30,,,f
PRlqORdWYOIw,RSFMoCr8Q64Q,2024-04-25 18:50:55+05:30,"Notre guide Adam nous a raconté l''histoire de Zanzibar, on a vu des belles portes, un vieux Fort, des églises et l''ancien marché des esclaves, il a su s''adapter à nos demandes et en il nous a appris quelques mots en swahili. On est très contents de notre journée à Stone Town. ",fr,5.00,,t,viator,,Rettel_P,"",,,,1195,APPLICATION,2026-09-08 10:59:55.312436+05:30,,,f
PRlqORdWYOIw,RSKS2FRbFoYp,2024-04-16 11:51:08+05:30,"My guide Mohammed was very knowledgeable, both when it comes to history and present day Stone Town. He was very service-minded, and taught me some Swahili along the way. After the tour I asked where I could fix an issue with my local SIM card, and he found someone right away who figured it out for me",en-gb,5.00,,t,,alone,Henrik,"",,,,1196,APPLICATION,2026-09-08 10:59:55.316674+05:30,,,f
PRlqORdWYOIw,RS4Eoq8AzMSx,2024-04-01 08:06:52+05:30,Really informative tour which shared the history and highlights of Stone Town. Definitely worth booking.,en-gb,4.00,,t,viator,,Debbie_S,"",,,,1197,APPLICATION,2026-09-08 10:59:55.320511+05:30,,,f
PRlqORdWYOIw,RS5DsaMiOhVz,2024-03-31 04:50:18+05:30,Yousef is a great guide .Very knowledgeable. Can curate tour according to our likings. Experienced guide .,en-gb,5.00,,t,viator,,VENUS_B,"",,,,1198,APPLICATION,2026-09-08 10:59:55.324171+05:30,,,f
PRlqORdWYOIw,RSTcs5x7odzR,2024-10-19 17:29:21+05:30,,,5.00,,f,,family,Patrick,ie,,,,1256,APPLICATION,2026-09-08 10:59:55.556691+05:30,,,f
PRlqORdWYOIw,RSJvLAyH5cdR,2024-03-24 13:00:54+05:30,Imran was informative and very entertaining and had a wonderful outlook on life. Thoroughly enjoyed our walking tour and history of Stonetown,en-gb,5.00,,t,viator,,SLAVKA_K,"",,,,1199,APPLICATION,2026-09-08 10:59:55.327748+05:30,,,f
PRlqORdWYOIw,RScp2dBcIH0s,2024-03-17 20:09:57+05:30,"Great tour in Stone Town, being able to visit a lot of diferent places in about three hours. Our guide Mohammed, besides speaking very good english, was a nice guy to spend time with and showed great knowledge about Stone Town and Zanzibar.",en-gb,5.00,,t,viator,,Lucas_G,"",,,,1200,APPLICATION,2026-09-08 10:59:55.331125+05:30,,,f
PRlqORdWYOIw,RSCybFLXbeiF,2024-02-24 16:42:20+05:30,Our Stone Town walking tour was a real success and Mohammed was so knowledgeable and came with a great sense of humour. His English and enthusiasm were both 5 star. We learned an awful lot in the 2 hour tour that actually was well over 3 hours. Highlights were the Spice market and the very important Old Slave Market which was emotionally moving. Low light was the fish market but we managed to hold our breath for nearly all of it!! A fantastic insight into beautiful Stone Town with the best guide you could possibly hope for!,en-gb,5.00,,t,,partner,Kit,GB,,,,1201,APPLICATION,2026-09-08 10:59:55.335532+05:30,,,f
PRlqORdWYOIw,RSXsZDm62XDx,2024-02-19 22:55:03+05:30,"The guide wasn’t rushed but he lacked structure. We asked to stop and have a drink, but never got that, we asked for an ATM but that took ages. The guide was very considerate with an injury. We would have liked more about the history of Stone Town. Not top quality information.",en-gb,3.00,,t,,"family,partner",Kathleen,be,,,,1202,APPLICATION,2026-09-08 10:59:55.339769+05:30,,,f
PRlqORdWYOIw,RSKuhyNRnCzC,2024-02-19 17:41:11+05:30,I think the name of our guide was Youssef. He was great and knew everything! It was a very interesting tour. I do recommend it because it’s easy to get lost in all the narrow streets of Stonetown!,it,5.00,,t,,family,ombretta,it,,,,1203,APPLICATION,2026-09-08 10:59:55.343506+05:30,,,f
PRlqORdWYOIw,RSfwXDzf14vh,2024-02-13 16:50:00+05:30,"My guide Yusuf gave an unhurried, knowledgeable, and detailed tour. Recommended.",en-gb,5.00,,t,,alone,Nicholas,gb,,,,1204,APPLICATION,2026-09-08 10:59:55.347241+05:30,,,f
PRlqORdWYOIw,RS5Zbc72KG4i,2024-02-05 19:23:25+05:30,"Mohammad was the best! My friend and I absolutely loved the tour. So much history, so much to see! We had the best tour guide very informative and he also made sure that we got everything we needed to get while showing us around. 5/5 must do activity in Stone town!",en-gb,5.00,,t,viator,,Elizabeth_N,"",,,,1205,APPLICATION,2026-09-08 10:59:55.350667+05:30,,,f
PRlqORdWYOIw,RS07lYBqM3WG,2024-02-05 11:32:52+05:30,Ali was an amazing guide. He was very informative and answered our questions and gave us a great amount of insight into the history of Stone Town. I highly recommend this tour to gain a greater understanding and appreciation of Stone Town.,en-gb,5.00,,t,viator,,Scott_L,"",,,,1206,APPLICATION,2026-09-08 10:59:55.359082+05:30,,,f
PRlqORdWYOIw,RSHSPvNfiI4X,2024-02-02 20:36:27+05:30,Imran was a terrific guide.  His knowledge of Zanzibar’s history and culture was truly insightful.  We learned a lot about the cultural heritage of Zanzibar and the influence of history on current society.,en-gb,5.00,,t,viator,,Martin_C,"",,,,1207,APPLICATION,2026-09-08 10:59:55.362721+05:30,,,f
PRlqORdWYOIw,RSXvQ45iP8SU,2024-01-14 13:07:49+05:30,Mohammed O. Mohamed war ein ausgezeichneter Guide. Kann ich nur empfehlen.,de,5.00,,t,,friends,Markus,ch,,,,1208,APPLICATION,2026-09-08 10:59:55.3663+05:30,,,f
PRlqORdWYOIw,RSromnx08rX9,2024-01-03 18:45:16+05:30,"Excellent tour with Imran. We were met at our hotel in Stone Town which worked great for us. Bedsides learning captivating facts from Imran, we were pleasantly surprised when just as it was starting raining he sourced a couple umbrellas for us. 
Great pace of the walk and the storytelling! ",en-gb,5.00,,t,viator,,Ksenia_S,"",,,,1209,APPLICATION,2026-09-08 10:59:55.369726+05:30,,,f
PRlqORdWYOIw,RSouC6og7vtN,2023-12-28 16:06:37+05:30,"Iman (I think that’s how you spell his name) was our tour guide. He was very knowledgeable. It was raining so he came prepared with umbrellas which was nice. The tour was only 2 hours but it felt like even less than that because the time flew! We felt like we received a comprehensive history of Stone Town, Zanzibar, and the local culture. Its a great way to get immersed in the culture and learn about your surroundings.",en-gb,5.00,,t,viator,,Justin_F,"",,,,1210,APPLICATION,2026-09-08 10:59:55.373395+05:30,,,f
PRlqORdWYOIw,RSZ5K0VMzP2l,2023-12-25 19:03:03+05:30,It was a very interesting tour and Imran was an excellent guide. I particularly enjoyed the covered market and the museum of the East African Slave Trade.,en-gb,4.00,,t,viator,,MsCA_S,"",,,,1211,APPLICATION,2026-09-08 10:59:55.377778+05:30,,,f
PRlqORdWYOIw,RSLZHBmek4GY,2023-12-23 18:46:39+05:30,"Our tour guide Mohammed was excellent. I would highly recommend him. He was patient, knowledgeable and happy to answer our questions. He was prompt in meeting us at the Old Fort where our tour begin. As a coffee lover, he showed us the best coffee shop in Stonetown ''Zanzibar Coffee Shop''. Catering the tour to our needs. There was no pressure to buy when he took us to the spice market. Stone Town is a historic place and Mohammed brought it alive with his knowledge.",en-gb,5.00,,t,,partner,Tina,gb,,,,1212,APPLICATION,2026-09-08 10:59:55.381721+05:30,,,f
PRlqORdWYOIw,RSxoTE91afNU,2023-12-23 18:17:43+05:30,"Very polite and knowledgeable guide, appreciate all the help. Even came and met us at our hotel lobby ",en-gb,5.00,,t,viator,,Rohan_M,"",,,,1213,APPLICATION,2026-09-08 10:59:55.385352+05:30,,,f
PRlqORdWYOIw,RS0diN47krXP,2023-12-18 07:38:54+05:30,My wife and I enjoyed our tour with Mohammed! He was very knowledgeable and insightful and took his time to give us a fun yet in-depth look into the rich history of Zanzibar and stone town! ,en-gb,5.00,,t,viator,,David_O,"",,,,1214,APPLICATION,2026-09-08 10:59:55.388936+05:30,,,f
PRlqORdWYOIw,RSCP45Jlrq3Z,2023-12-08 15:50:58+05:30,"Yusuf was a terrific guide! Aside from taking us to all the points of interest, he kept us dry by having us wait for the rains to pass, retrieved some umbrellas for us when the rains didn’t pass, and also helped us find our taxi driver to get us to our hotel. ",en-gb,5.00,,t,viator,,Kezia_D,"",,,,1215,APPLICATION,2026-09-08 10:59:55.392663+05:30,,,f
PRlqORdWYOIw,RSOM6clWHrmN,2023-11-30 14:40:19+05:30,We throughly enjoyed the tour. One can’t really get a comprehensive cultural and historical understanding of Stonetown or Zanzibar without having a guided tour. Our guide was outstanding and had a fabulous sense of humor. Bravo!,en-gb,5.00,,t,viator,,Barbara_P,"",,,,1216,APPLICATION,2026-09-08 10:59:55.397375+05:30,,,f
PRlqORdWYOIw,RSg3W470nrAt,2023-11-28 06:41:20+05:30,"Wonderful, informative private tour from a Zanzibari who provided good detail into local politics and customs! Thanks",en-gb,5.00,,t,viator,,Josh_B,"",,,,1217,APPLICATION,2026-09-08 10:59:55.401435+05:30,,,f
PRlqORdWYOIw,RSCt5gqfhxJ1,2023-10-22 06:13:36+05:30,My guide was very knowledgeable and I learned so much. I loved learning about the doors and the meaning behind the patterns and markings. He was patient and never rushed. I highly recommend this experience to anyone visiting Zanzibar. ,en-gb,5.00,,t,viator,,Maria_N,"",,,,1218,APPLICATION,2026-09-08 10:59:55.405387+05:30,,,f
PRlqORdWYOIw,RSdTXDKp5X3f,2024-10-16 14:18:45+05:30,,,5.00,,f,,family,Thomas,mw,,,,1257,APPLICATION,2026-09-08 10:59:55.560847+05:30,,,f
PRlqORdWYOIw,RS5fGGz8iGwC,2024-09-16 15:31:31+05:30,,,5.00,,f,,"friends,family",Laurence,fr,,,,1258,APPLICATION,2026-09-08 10:59:55.564595+05:30,,,f
PRlqORdWYOIw,RSKnNs4uc3TX,2023-10-15 05:10:30+05:30,"Everyone should do a walking tour of Stone Town. The narrow streets with all kinds of activities such as shopping, restaurants, children playing, schools and churches leave you in awe. You have to see it to believe it. Abu was our great guide. If I ever go back I’ll do it again. Our guide was prompt in picking us up and I could tell he loves his job. ",en-gb,5.00,,t,viator,,Paula_B,"",,,,1219,APPLICATION,2026-09-08 10:59:55.409141+05:30,,,f
PRlqORdWYOIw,RSwsvSZjWiPr,2023-10-03 21:03:49+05:30,Overall very interesting. I was dissappointed that the Freddie Mercury museum was not actually part of the tour - we just stood outside for a few minutes.,en-gb,4.00,,t,viator,,Owen_M,"","Dear Guest,

Thank you for your review and we are happy to hear that you found the tour interesting, 

We sadly regret that you were dissapointed that the museum was not part of the tour, please allow me to explain,

The freddie mercury house is part of the tour and all guests do get the chance to see it, however, Our tour description offers an option to include or not include entrance fees to the old slave market only, even though the Freddie mercury house is part of the tour, the museum (which is just an exhibition) comes with an extra cost and guests can choose to do that themselves afterwards, if they are interested, and our guides clearly state that,

The Freddie Mercury house is the last point of the tour and therefore offers a chance for guest to choose themselves once they are done whether or not they want to go inside the museum which is at the same building.

We are sorry that not including the museum to our pricing was a dissapointment and we hope this clarifies the information on that the house is part of the tour but the museum entrance is optional to the guests, as the entrance is excluded in our pricing,

We are delighted you overall found our tour interesting as we are working to make it better everyday. We therefore hope to host you again next time for even better one.

Regards.
",en,2023-10-05 19:42:52+05:30,1220,APPLICATION,2026-09-08 10:59:55.413026+05:30,,,f
PRlqORdWYOIw,RSHhBoKAlpQ2,2023-09-28 10:31:49+05:30,"Our tour guide Yussuff was excellent. He clearly articulated all of the main highlights and thoroughly explained the rich history. He was very patient and answered all questions of our questions. He pointed out the best spots to get souvenirs, seasonings and great food. ",en-gb,5.00,,t,viator,,Shonique_B,"",,,,1221,APPLICATION,2026-09-08 10:59:55.41774+05:30,,,f
PRlqORdWYOIw,RSoUQgbPlJca,2023-09-26 18:37:42+05:30,"I didn''t even realise I had booked a private tour. I had the guide to myself so it was more personalized. Met right in front of the Fort facing the park. Just about 2 hours walking around town learning bits of history but most importantly for me as a solo traveler getting an idea of the lay out of town. The young man was fairly engaging, knowledgeable and answered all my queries. Loved that the tour ended at the Freddie Mercury museum.",en-us,5.00,,t,,alone,Kimberley,us,,,,1222,APPLICATION,2026-09-08 10:59:55.422246+05:30,,,f
PRlqORdWYOIw,RSLnXxd85HbG,2023-09-19 11:26:07+05:30,"Imran was our guide. He took us to all the areas mentioned during the booking. His service is impeccable. He has a sense of humour and made the walk about town so much fun. Imran improved our knowledge and understanding of Zanzibar history, culture and religion. He is exceptionally knowledgeable for a young person, very impressed.",en-gb,5.00,,t,,partner,Nompumelelo,za,,,,1223,APPLICATION,2026-09-08 10:59:55.426573+05:30,,,f
PRlqORdWYOIw,RSjvBNJGKj4V,2023-09-16 05:11:04+05:30,"Our guide was friendly funny and very knowledgeable. There were 5 of us, and we all thoroughly enjoyed this tour, definitely recommend",en-gb,5.00,,t,viator,,Janaya_N,"",,,,1224,APPLICATION,2026-09-08 10:59:55.430263+05:30,,,f
PRlqORdWYOIw,RSA5Xo5EnKqI,2023-09-08 13:24:48+05:30,"This tour was a really enjoyable way to explore Stone Town and learn about its history. Our guide Yusuf was really nice and had lots of interesting information for us, as well as recommendations for places to go for coffee and food. We definitely recommend this tour.",en-gb,5.00,,t,viator,,Caitriona_M,"",,,,1225,APPLICATION,2026-09-08 10:59:55.434214+05:30,,,f
PRlqORdWYOIw,RS8ETJWLH46r,2026-09-01 13:51:18+05:30,,,4.00,,f,,friends,,,,,,1226,APPLICATION,2026-09-08 10:59:55.438174+05:30,,,f
PRlqORdWYOIw,RSguDZFwZeWv,2026-08-28 22:56:55+05:30,,,5.00,,f,,friends,Denise,nz,,,,1227,APPLICATION,2026-09-08 10:59:55.441815+05:30,,,f
PRlqORdWYOIw,RSehIMrdkfVW,2026-08-28 19:12:27+05:30,,,5.00,,f,,partner,,,,,,1228,APPLICATION,2026-09-08 10:59:55.445261+05:30,,,f
PRlqORdWYOIw,RSjFJhgOFMim,2026-08-21 12:05:21+05:30,,,4.00,,f,,family,Edouard,fr,,,,1229,APPLICATION,2026-09-08 10:59:55.448573+05:30,,,f
PRlqORdWYOIw,RSVD48jDHTJH,2026-05-10 15:26:10+05:30,,,4.00,,f,,friends,Muriel,fr,,,,1230,APPLICATION,2026-09-08 10:59:55.451849+05:30,,,f
PRlqORdWYOIw,RSzwWHziBq4T,2026-03-02 19:50:55+05:30,,,5.00,,f,,partner,Colleen,ug,,,,1231,APPLICATION,2026-09-08 10:59:55.455728+05:30,,,f
PRlqORdWYOIw,RSY1HWB2ZtZB,2026-02-21 18:49:20+05:30,,,5.00,,f,,family,Marjolein,nl,,,,1232,APPLICATION,2026-09-08 10:59:55.460298+05:30,,,f
PRlqORdWYOIw,RSbXB22fJHC0,2026-01-23 00:17:14+05:30,,,5.00,,f,,,,,,,,1233,APPLICATION,2026-09-08 10:59:55.464682+05:30,,,f
PRlqORdWYOIw,RSgNUltXfUFF,2025-12-21 12:09:47+05:30,,,5.00,,f,,,,,,,,1234,APPLICATION,2026-09-08 10:59:55.468731+05:30,,,f
PRlqORdWYOIw,RS2bRmMhafrZ,2025-12-18 09:51:35+05:30,,,5.00,,f,,alone,Terje,no,,,,1235,APPLICATION,2026-09-08 10:59:55.472629+05:30,,,f
PRlqORdWYOIw,RSibv3HNPlcq,2025-12-08 18:17:43+05:30,,,5.00,,f,,family,,,,,,1236,APPLICATION,2026-09-08 10:59:55.477986+05:30,,,f
PRlqORdWYOIw,RSsYkSq2H255,2025-12-03 17:18:18+05:30,,,5.00,,f,,,,,,,,1237,APPLICATION,2026-09-08 10:59:55.481871+05:30,,,f
PRlqORdWYOIw,RSV6gDQw76Y6,2025-12-03 16:05:39+05:30,,,5.00,,f,,friends,Pacifique,cd,,,,1238,APPLICATION,2026-09-08 10:59:55.485697+05:30,,,f
PRlqORdWYOIw,RSFZpdkQEK9T,2025-11-28 01:23:05+05:30,,,5.00,,f,,,,,,,,1239,APPLICATION,2026-09-08 10:59:55.489503+05:30,,,f
PRlqORdWYOIw,RSuELEgFFERs,2025-10-18 00:27:32+05:30,,,4.00,,f,,,,,,,,1240,APPLICATION,2026-09-08 10:59:55.493169+05:30,,,f
PRlqORdWYOIw,RS1xcmkuLiz0,2025-10-17 20:32:49+05:30,,,5.00,,f,,friends,Eimear,ae,,,,1241,APPLICATION,2026-09-08 10:59:55.497481+05:30,,,f
PRlqORdWYOIw,RSYB6s4qaaf7,2025-09-23 02:13:12+05:30,,,5.00,,f,,family,Letizia,it,,,,1242,APPLICATION,2026-09-08 10:59:55.501509+05:30,,,f
PRlqORdWYOIw,RS5NQxZynX5T,2025-08-18 12:27:36+05:30,,,4.00,,f,,family,Jasmin,ch,,,,1243,APPLICATION,2026-09-08 10:59:55.505672+05:30,,,f
PRlqORdWYOIw,RScjRGAuvr8P,2025-08-04 23:32:57+05:30,,,3.00,,f,,,,,,,,1244,APPLICATION,2026-09-08 10:59:55.509474+05:30,,,f
PRlqORdWYOIw,RSIx2TnbJYem,2025-08-04 14:52:31+05:30,,,5.00,,f,,,,,,,,1245,APPLICATION,2026-09-08 10:59:55.513566+05:30,,,f
PRlqORdWYOIw,RStGnzQ95C80,2025-07-30 23:18:33+05:30,,,5.00,,f,,,,,,,,1246,APPLICATION,2026-09-08 10:59:55.517606+05:30,,,f
PRlqORdWYOIw,RSgOzABBJOAQ,2025-07-18 14:58:37+05:30,,,5.00,,f,,alone,Eva,se,,,,1247,APPLICATION,2026-09-08 10:59:55.5217+05:30,,,f
PRlqORdWYOIw,RSrtmjVA5Di0,2025-07-15 17:58:26+05:30,,,4.00,,f,,family,Catherine,be,,,,1248,APPLICATION,2026-09-08 10:59:55.525486+05:30,,,f
PRlqORdWYOIw,RSxlIpApYEwt,2025-07-04 16:43:25+05:30,,,5.00,,f,,,,,,,,1249,APPLICATION,2026-09-08 10:59:55.528808+05:30,,,f
PRlqORdWYOIw,RSKTLBfchkXU,2025-03-06 15:41:33+05:30,,,5.00,,f,,alone,Aleksandrs,gb,,,,1250,APPLICATION,2026-09-08 10:59:55.532249+05:30,,,f
PRlqORdWYOIw,RS8tE1VMFpmn,2025-02-20 16:27:52+05:30,,,5.00,,f,,partner,claire,fr,,,,1251,APPLICATION,2026-09-08 10:59:55.537013+05:30,,,f
PRlqORdWYOIw,RSqe2qVgjwV9,2025-01-29 10:44:39+05:30,,,4.00,,f,,partner,Eric,fr,,,,1252,APPLICATION,2026-09-08 10:59:55.541183+05:30,,,f
PRlqORdWYOIw,RSx460Fymu4H,2025-01-27 15:30:34+05:30,,,5.00,,f,,alone,Nikolaos,gr,,,,1253,APPLICATION,2026-09-08 10:59:55.544798+05:30,,,f
PRLTXC9X28fi,RS1PzJU3XwYR,2025-07-23 16:16:15+05:30,"Company that supplied very disorganised. Turned up very  late,no water, poor  English and boat ride totally dangerous. This was not necessarily the guides fault but management at a higher level. Far better value and organised if we had booked it on arrival as we discovered next day after doing another tour with another company. Great to see the monkey''s but that''s all. Now in considerable pain from the boat ride back. Well over priced",en-gb,1.00,,t,viator,,Heather_R,"","Dear Heather,

Thank you for taking the time to share your feedback. We are pleased to hear that you enjoyed seeing the monkeys, and we value your comments regarding the overall experience. Please be assured that your feedback has been shared with our team as part of our ongoing efforts to review and improve our services.

Warm regards,
The Team at Beach & Safari Holidays",en,2025-08-23 14:01:46+05:30,1267,APPLICATION,2026-09-08 10:59:55.602523+05:30,,,f
PRLTXC9X28fi,RSMOlIcFaqCu,2025-06-18 15:22:52+05:30,"Great correspondence with Beach Safari Holidays from the go. Received a WhatsApp immediately with clear instructions. So pleased we booked this trip through Viator! Jozani was fab, well worth the trip. We saw loads of Red Colobus Monkeys, which are only native to Zanzibar. Shout out to our guide Sultan, he was absolutely fantastic! So passionate about wildlife, as are we. He made the excursion, and we''re so thankful we had him as our guide! Also a special shout out to our driver Cholo! What a top bloke. He gave us so much local knowledge and insight to Zanzibar life. We''re so grateful to have spent this time with such fab people. Prison Island is o.k. Really enjoyed the boat trip over. There''s not a lot to do on the Island, but the beach is Amazing! You''ll get pestered in Stonetown for excursions, but really I would advise to go through Beach Safari Holidays. It was seamless, well organised and turned our excursions into a complete experience :)",en-gb,5.00,,t,viator,,Beverley_W,"","Dear Beverley,

Thank you for your wonderful review! We are thrilled to hear you had such a great experience from the very beginning til end and that Sultan and Cholo made such a positive impact. We are glad we could be a part of your Zanzibar adventure and hope to welcome you back again!

Best regards,
The Team at Beach & Safari Holidays",en,2025-06-24 13:01:00+05:30,1268,APPLICATION,2026-09-08 10:59:57.824744+05:30,,,f
PRLTXC9X28fi,RSxx2YxQBNHO,2023-12-25 15:32:14+05:30,Our tour guide was very friendly and recommended that we go early to Prison Island before the crowds. Which was perfect as we had the island to ourselves. The guide found out where the monkeys were in the forest so we could go straight to them. Nice to see the monkeys in their natural habitat. Good trip worth seeing.,en-gb,5.00,,t,,partner,Tina,gb,,,,1269,APPLICATION,2026-09-08 10:59:57.837938+05:30,,,f
PRluHE70D5DW,RSDEqvqBBb3C,2026-05-18 01:45:55+05:30,"It was amazing experience, however I was not comfortable at the beginning but seeing how other people are getting along swimming with the turtles, I finally relaxed.",en-gb,4.00,1,t,,alone,MALERATO,ls,,,,1270,APPLICATION,2026-09-08 10:59:57.841311+05:30,,,f
PRluHE70D5DW,RSzoXq3WfDnT,2026-03-20 02:12:58+05:30,"The viewed beaches are beautiful, but the time in each of them was very short. We stayed only 20 minutes in Jambiani and 10 minutes in Paje. The displacement is very large, so the ideal was that the tour depart earlier so that we could stay longer on the beaches, because the stop was enough just to look a little and give a quick dive. The experience with turtles was great, although I''ve been bitten twice.  The restaurant The Rock was top, with impeccable food and service, besides the view being wonderful!",en-gb,4.00,1,t,viator,,Henrique_V,"",,,,1271,APPLICATION,2026-09-08 11:00:00.832287+05:30,,,f
PRluHE70D5DW,RSf3ViAF2tN5,2026-01-09 06:42:17+05:30,"it was private so we got to take our time at the places. the guide was super friendly and knowledgeable, I would highly recommend this for anyone wanting to experience everything.",en-gb,5.00,,t,viator,,Julia_C,"",,,,1272,APPLICATION,2026-09-08 11:00:00.837307+05:30,,,f
PRluHE70D5DW,RSanV2daQ0ij,2025-08-21 18:29:58+05:30,"We had a great day with our guide Alibaba as well as our driver abdou who is a very good driver.
Alibaba who knows our French language well explained their way of life and culture. Extremely kind.
Thank you 2
HAKUNA MATATA
It is recommended",en-gb,5.00,,t,viator,,Emmanuel_C,"",,,,1273,APPLICATION,2026-09-08 11:00:00.840783+05:30,,,f
PRluHE70D5DW,RSgRAK4N0Np8,2025-04-01 05:41:59+05:30,I had a wonderful time. The tour guide were informative and also fun to be around. I will be booking with them again in the future.,en-gb,5.00,,t,viator,,Iris_R,"",,,,1274,APPLICATION,2026-09-08 11:00:00.844122+05:30,,,f
PRluHE70D5DW,RSbTEeYgOtHb,2026-06-02 14:39:26+05:30,,,4.00,,f,,family,,,,,,1275,APPLICATION,2026-09-08 11:00:00.847995+05:30,,,f
PRmaJmTnZ1Er,RSi5hknKk1SN,2026-01-12 13:49:59+05:30,"We a great guide and a great tour of the spice farm! We were surprised how many different spices and fruits we saw ! We then had a good tour of Stone Town , the market and a boat ride to Prison Island where we took in the views and saw the giant Tortoises! ",en-gb,5.00,,t,viator,,Kevin_M,"",Thank you so much for rating and comment we really appreciate ,en,2026-01-13 04:28:34+05:30,1276,APPLICATION,2026-09-08 11:00:00.851586+05:30,,,f
PRmaJmTnZ1Er,RSjuDqtL3r4l,2025-02-01 15:22:18+05:30,Really good tour to see heaps all in the one day. Highly recommend,en-gb,5.00,,t,,alone,Coral,au,,,,1277,APPLICATION,2026-09-08 11:00:12.704216+05:30,,,f
PRmaJmTnZ1Er,RSBLMYGg5oTM,2025-01-26 16:42:05+05:30,"The full day tour to the spice farm, Stone Town and Prison Island was an unforgettable experience. Khamis is very knowledgeable. I learned a lot of interesting things about the history and spices. The trip to Prison Island was amazing. I recommend this tour!",en-gb,5.00,1,t,,alone,Krzysztof,"",,,,1278,APPLICATION,2026-09-08 11:00:12.708912+05:30,,,f
PRmaJmTnZ1Er,RS9MrDmuVrka,2023-12-28 18:08:45+05:30,Excellent!,en-us,5.00,,t,,family,,,,,,1279,APPLICATION,2026-09-08 11:00:12.713582+05:30,,,f
PRmaJmTnZ1Er,RSS1EvJqAVBQ,2026-04-10 19:34:24+05:30,,,5.00,,f,,,,,,,,1280,APPLICATION,2026-09-08 11:00:12.718516+05:30,,,f
PRmaJmTnZ1Er,RSdOyVTTcZhp,2025-08-14 00:33:02+05:30,,,4.00,,f,,,,,,,,1281,APPLICATION,2026-09-08 11:00:12.722006+05:30,,,f
PRmaJmTnZ1Er,RSaKxnX4TwWS,2025-03-11 15:24:28+05:30,,,5.00,,f,,partner,Nicolae Catalin,ro,,,,1282,APPLICATION,2026-09-08 11:00:12.725242+05:30,,,f
PRmaJmTnZ1Er,RSigU5ibiTn1,2025-02-15 15:21:08+05:30,,,5.00,,f,,,,,,,,1283,APPLICATION,2026-09-08 11:00:12.72838+05:30,,,f
PRmE2BToTyhk,RSIlXtZtDixE,2023-10-17 04:03:52+05:30,Der Fahrer hat mich pünktlich am Hotel abgeholt. Das Angeln mit der Handleine war eine tolle Erfahrung. Der gesamte Ausflug war sehr interessant und es ist mir gelungen auch ein paar Fische ins Boot zu ziehen.,de,5.00,,t,viator,,Frank_M,"","Hello, My Rafiki.
We hope you enjoyed your experience with us. Your feedback is important to us. Your review helps others discover our authentic safaris and adventures. Thank you for choosing Pongwe tours .
Warm regards, 
Mr. Zanzibar",en,2023-11-27 09:14:53+05:30,1284,APPLICATION,2026-09-08 11:00:12.731738+05:30,,,f
PRmIgXhT60PP,RSZDLC7NjqRg,2026-09-03 22:36:02+05:30,"Tutto benissimo, ottima auto suv e autista puntuale e gentile.",it,5.00,,t,,friends,,,,,,1285,APPLICATION,2026-09-08 11:00:17.951214+05:30,,,f
PRmIgXhT60PP,RSaAZs3qR0Ik,2024-03-18 11:15:22+05:30,Le transfert s’est très bien déroulé. Le taxi il était bien à l’heure. On a communiqué avec WhatsApp entreprise très sérieuse.,fr,5.00,,t,viator,,Jamila_c,"",,,,1286,APPLICATION,2026-09-08 11:00:20.544169+05:30,,,f
PRmIgXhT60PP,RSzP2kwwe4Uq,2026-01-03 18:50:03+05:30,,,1.00,,f,,,,,,,,1287,APPLICATION,2026-09-08 11:00:20.54917+05:30,,,f
PRMllsDfRPuH,RSbzh22k93qU,2024-12-09 21:18:20+05:30,Ok for pick up and drop off. Driver was on time. Bottled water is not provided. It was a long drive to the airport but we managed. ,en-gb,4.00,,t,viator,,Hania_B,"",,,,1289,APPLICATION,2026-09-08 11:00:22.07929+05:30,,,f
PRMllsDfRPuH,RSdRyDXntqK7,2024-07-21 05:33:03+05:30,"They picked us late we had to keep calling for them to come. 1st Driver was nice. The company agreed for an extra cost to take us to nakupenda sand bar. They said we would have a driver with us the whole time then he would take us to the airport. We paid ahead of time.So driver showed late again then we go to the boat ride..driver says take your luggage that would have a new driver after enjoying the sand bar. We told him we can''t carry 4 pieces of luggage. We were told the driver would leave it in his car. He then wanted to take our luggage to a random hotel storage himself and that someone else will pick it up before getting us after the boat ride. Then at the sandbar we were supposed to have a bbq seafood lunch and we never had it. Then they were late taking us back. We had to beg with only 1 and 1/2 hour left of our flight to take us back otherwise we will miss it. Then boat dropped us off and then a new driver came and demanded we pay him from the dock to the airport. We told him this was a prepaid tour with food and transport to the airport. We should the WhatsApp message and he still insisted and followed us to TSA and boarding. Then we called the company and he denied what we paid for and what was included and then said we can go that the he will.pay the driver. I told him you know we didnt get food as promised of what was included. Also we were supposed to be picked up at 630am not 10am.the sandbar was nice but the hassle, rude 2nd and  3rd taxi driver, no food and almost missing our flight is not worth what we paid nor dealing with this company.
",en-gb,2.00,,t,viator,,Maxine_S,"",,,,1290,APPLICATION,2026-09-08 11:00:26.872642+05:30,,,f
PRMllsDfRPuH,RS2MY6p3Q5uo,2023-11-07 06:59:43+05:30,Our driver (Miraji) was waiting for us at the airport. He was very professional and courteous. He was very skilled at avoiding the many potholes and other hazards along the 1 1/2 hour drive to the resort. I would highly recommend his services. ,en-gb,5.00,,t,viator,,Robert_S,"",,,,1291,APPLICATION,2026-09-08 11:00:26.877802+05:30,,,f
PRMnEG0miQP5,RSCWGuQCGgo7,2026-06-27 12:41:18+05:30,"Adam was a very good guide, He took all the time to show us their way of life and customs, you can really tell he takes pride in his culture and what he does to help his own community.
Great experience!",en-gb,5.00,,t,viator,,Angelica_R,"",,,,1292,APPLICATION,2026-09-08 11:00:26.882485+05:30,,,f
PRMnEG0miQP5,RSFkLgzqNzQn,2025-10-19 02:11:29+05:30,"Adam was absolutely amazing! He shared so much about the local culture, food, language, and everyday life in such an engaging way. He even took us for a bit of shopping, and lunch was absolutely delicious. Adam’s sense of humor made the experience even better. This was an unforgettable trip, we’d do this tour again and again!
",en-gb,5.00,,t,viator,,Michelle_V,"","Thank you for your wonderful review. We’re thrilled to hear that Adam made your tour engaging and informative, sharing insights into local culture, food, language, and daily life.

It’s great that you enjoyed the shopping stop, the delicious lunch, and Adam’s sense of humor, making the experience memorable. We appreciate your kind words and would be delighted to welcome you again for another tour.",en,2026-03-25 14:19:00+05:30,1293,APPLICATION,2026-09-08 11:00:28.75269+05:30,,,f
PRMnEG0miQP5,RSGc34ccphom,2025-01-05 19:52:31+05:30,Eine tolle Tour mit einem sehr kompetenten Guide. Wir konnten einen Einblick in das Leben der einheimischen erhalten und durften viel über den aktuellen und vergangenen Lebensstil erfahren. Einer der besten Touren. Die Menschen waren sehr freundlich und haben sich Zeit für alle Fragen genommen und vieles ausführlich erklärt. Das Essen war hervorragend. Wir können es nur empfehlen.,de,5.00,,t,viator,,Jeannette_C,"",,,,1294,APPLICATION,2026-09-08 11:00:28.758354+05:30,,,f
PRMnEG0miQP5,RS0JM2tlFvDf,2024-07-13 07:52:07+05:30,"I am glad I got to see a bit of everyday life in Zanzibar! I especially enjoyed the witch doctor visit (her herbal stream actually did help my chronic headache). The home cooked lunch was nice too. Abdul the guide lives in the village and is super chill and answered all my questions. 

Being some cash to donate/tip people in the village for their time. Only the doctor at the hospital was at all pushy about it (he was very pushy actually), no one else even asked. IMO as a foreigner visiting here we are in a position of privilege and should redistribute some of that privilege where we can, especially when people are taking the time to show us their life. ",en-gb,5.00,,t,viator,,Aditi_V,"",,,,1295,APPLICATION,2026-09-08 11:00:28.763691+05:30,,,f
PRMnEG0miQP5,RSWVQnG9V5ql,2024-06-15 20:05:47+05:30,"Nos vinieron a recoger al hotel y tanto Zahran el conductor como, Abdulkarm el guía, estuvieron atentos en casa momento explicando con detalle cada pregunta o duda q teníamos de la excursión y ayudándonos a pasar un día INOLVIDABLE, en una excursión q creo imprescindible en este viaje... ",es,5.00,,t,viator,,IsabelMara_B,"",,,,1296,APPLICATION,2026-09-08 11:00:28.768158+05:30,,,f
PRMnEG0miQP5,RS8493dHlOq8,2024-04-09 12:08:17+05:30,Wonderful tour to understand the culture and lives of the  people. Achmec. Our driver was waiting for us at the port . Comfortable minivan with ac for the 90 min ride to village. Abdul was our guide and  lead us on a walk around the village . Visiting mommas who showed us how they make rope from coconut shells that are buried in the sea. We didn’t see a witch doctor but saw a momma herbalist who was also a midwife. Since it was  Ramadan no school. But Abdul gave us pencils to hand out to the children as we walked through. Their faces lit up! Final stop was the medical clinic . Since my wife and I are medical professionals we were very much interested in how they treated the locals. They do great work with limited resources. Lunch was at a local residence.  Highly encourage this tour if you want a real experience.,en-gb,5.00,,t,viator,,Timothy_C,"",,,,1297,APPLICATION,2026-09-08 11:00:28.77204+05:30,,,f
PRMnEG0miQP5,RS0w1wVAgyFv,2023-12-24 19:57:49+05:30,"If you are going to book this experience, check the itinerary with the guide before you set off. We ended up in the wrong location, not seeing any of the things mentioned. I would also suggest that you do not book at the weekends as apparently the witch doctor does not work. We found out the schools are on holiday for the Christmas period.",en-gb,1.00,,t,,partner,Tina,gb,,,,1298,APPLICATION,2026-09-08 11:00:28.775713+05:30,,,f
PRnmfUczqhao,RSjmJEF7zhFB,2024-11-05 22:15:50+05:30,Gran experiencia y buena empresa la que la organizó. Buenos profesionales. Muy recomendado. Gracias por todo. ,es,5.00,,t,viator,,Nira_M,"",Thank you you welcome again in Zanzibar ,en,2024-11-24 06:13:45+05:30,1309,APPLICATION,2026-09-08 11:00:56.147736+05:30,,,f
PRNvvWXj4KUt,RSkUUBUyb39m,2026-08-14 16:56:19+05:30,"I had a great time! The tour guide is very knowledgeable, and the driver is friendly. The tour guide helped me get down to the cave let me had such wonderful experience swimming in the cave!",en-gb,5.00,,t,viator,,mezjcx,"",,,,1310,APPLICATION,2026-09-08 11:01:00.118337+05:30,,,f
PRNvvWXj4KUt,RSa7cYTziqh8,2026-07-16 16:16:16+05:30,was an amazing experience! didn’t realize i had a private tour but my guide explained to me the entire history of Zanzibar + so many things about the people of Zanzibar. Didn’t expect it but learned so much on this tour! guide was extremely knowledgeable as well ,en-gb,5.00,,t,viator,,Sungwon_S,"",,,,1311,APPLICATION,2026-09-08 11:01:14.420052+05:30,,,f
PRMnfk5hVel9,RSNJVxSoJ3FS,2026-02-13 04:39:11+05:30,"A fantastic experience in Mikumi with our guide Nuhu. He knew all about wildlife and birds. We learned a lot.  We saw the elephants, zebras, antelopes, Giraffes, monkeys, puumba, buffalo, hippon, lions and several beautiful birds. All transport worked great. We went by train to Morogoro which was nice, when we arrived we got food and later a visit to a Maasai village where we got lots of information about the Maasai lives. (Take the opportunity to buy handicrafts from the Maasai women) The second day we left early and came home late after a fantastic day in Mikumi National Park, lunch in the park. On the third day it was time to travel to Zanzibar by train and ferry. It was nice that the driver was waiting for us outside the ferry even though we were delayed and on to our accommodation in Jambiani.",en-gb,5.00,,t,viator,,AnnElisabeth_S,"","hank you, AnnElisabeth_S, for sharing such a wonderful and detailed review!

We’re so happy to hear that your 3-day Mikumi Safari experience was unforgettable. It’s fantastic that Nuhu’s knowledge of wildlife and birds made the journey even more special, and that you were able to see such an amazing variety of animals — from elephants and lions to hippos and beautiful birds.

We’re also glad everything ran smoothly with the train, ferry, and transfers, and that you enjoyed visiting the Maasai village and learning about their culture. Your kind words truly mean a lot.

Thank you again for choosing this safari experience and for taking the time to share your memories. We hope to welcome you back to Tanzania one day! 🌿🦁",en,2026-02-13 18:00:47+05:30,1299,APPLICATION,2026-09-08 11:00:28.77927+05:30,,,f
PRMnfk5hVel9,RS8ae7zXT83H,2024-01-28 11:02:19+05:30,"De la prise en charge à Dar es Salaam au camp Bastian tout était superbe
Stéphane notre guide s’est plié en deux pour nous faire plaisir le chauffeur Babou était très gentil 
Si vous voulez passer un moment inoubliable ce safari est fait pour vous ",fr,5.00,,t,viator,,Audrey_H,"","Dear Aundrey Thank you for taking your time to write such amazing review, we are happy
you liked
everything from Team Kihindo Tours. Karibu sana Tanzania hakuna matata",en,2024-02-21 18:56:56+05:30,1300,APPLICATION,2026-09-08 11:00:30.070144+05:30,,,f
PRMTFVio8d5o,RSPhjllpg8GI,2024-04-08 19:28:21+05:30,"Do not book that!! The tour is advertised in the title as being full-day and private. It was not private and not a full day. They picked me up at my hotel at 7:30. We drove to the beach and there we waitet for the other tourist for about 15 minutes or so. I booked a private tour, again. It is not private if you had to share everything with a stranger. And she also booked a private tour. Not acceptable for charging us both so much. I was back at the hotel around 12 o''clock noon... I was picked up by a guide and a driver (as far as normal). When they stopped in the middle of the road, I was irritated because they didn''t tell me anything. So the driver had bought some fruit, we drove on and a third man got in. When I asked him what was going on, he introduced himself as part of the company. That was it. That doesn''t give a tourist traveling alone a good feeling... When we were back in the car after the tour, I just asked what was next and the short answer was back to the hotel. It was not yet 12 noon. I tried to contact the organizers and asked for a refund, but I was ghosted. Booking.com also received no response, which means I am probably left empty-handed. I am very disappointed.",en-gb,1.00,,t,,alone,Sarah,de,,,,1301,APPLICATION,2026-09-08 11:00:30.07474+05:30,,,f
PRMTFVio8d5o,RSHV6HCWHsth,2024-02-27 15:58:19+05:30,Unser Guide Abas war super freundlich und hat sehr gute Laune gebracht. Deutschkenntnisse waren gut. Pünktliche Abholung vom Hotel und er hat auch sehr auf unsere Wünsche geachtet. Super Guide,de,5.00,,t,,family,Antonella,tz,,,,1302,APPLICATION,2026-09-08 11:00:32.790901+05:30,,,f
PRmWNZS6vids,RSLrsuxhAI08,2025-06-26 17:49:18+05:30,Price seems very high for what you get but the tour is enjoyable enough. Bring mosquito repellent and sensible closed shoes you don’t mind getting muddy. ,en-gb,4.00,,t,viator,,Anne_S,"",,,,1303,APPLICATION,2026-09-08 11:00:32.79615+05:30,,,f
PRn8rKJEA4hR,RSogAjmRSTgZ,2025-03-25 11:21:57+05:30,"This was a great experience. I was especially grateful that our driver was easy to spot. He was on time, even though our flight was delayed, and he was still ready and waiting for us. He was very hospitable and provided excellent service.",en-gb,5.00,,t,viator,,Camille_P,"",Thank you for the 5-star rating! We're delighted you had a positive experience and hope to see you again. ,en,2025-04-07 10:42:21+05:30,1304,APPLICATION,2026-09-08 11:00:37.868759+05:30,,,f
PRN9HNKJQ6SS,RS7g8QyImbk9,2024-09-13 14:54:43+05:30,"Ein sehr kundiger, freundlicher Guide, der alle Fragen beantworten konnte. Interessante Einblicke in die Architektur, die Geschichte und das Leben in Stone Town. Viel Neues erfahren. Unbedingt zu empfehlen.",de,5.00,,t,,alone,Monika,de,,,,1305,APPLICATION,2026-09-08 11:00:44.788169+05:30,,,f
PRN9HNKJQ6SS,RSu9x5guDMSf,2023-12-12 18:10:53+05:30,Mady was great. Very passionate about Zanzibar history and gave us a lot of detail that many other guides would probably not touch on. I would definitely recommend him especially for people who want a complete tour with complete history.,en-gb,5.00,,t,viator,,Jazmin_w,"","Thanks Jazmin. Stay safe and healthy.
",en,2023-12-13 13:28:52+05:30,1306,APPLICATION,2026-09-08 11:00:45.745511+05:30,,,f
PRN9HNKJQ6SS,RSEOoSRCtrcg,2024-10-02 18:46:39+05:30,,,3.00,,f,,,,,,,,1307,APPLICATION,2026-09-08 11:00:45.750389+05:30,,,f
PRnhceA21vgp,RSwC68NqNVAh,2025-10-26 15:15:02+05:30,"Great tour by Abdoul. Very friendly and knowledgeable. Interesting walk around the old Stone Town area with it''s history.
Fun trip to the spice farm to learn about the spices & a really tasty lunch afterwards ",en-gb,5.00,,t,viator,,Chris_O,"",Thanks so much Chris for sharing your experience.It was great to have you.,en,2025-10-29 12:08:33+05:30,1308,APPLICATION,2026-09-08 11:00:45.754993+05:30,,,f
PRNvvWXj4KUt,RSUlzktw9lB1,2026-07-14 17:47:04+05:30,"What a fantastic guide YaYa was!   We had the best time, all 5 of us.  He was so accommodating.   We got to see the Red Monkeys at Jozani, swam in the Kuza Cave, got us a table at Paje Beach where we had a nice lunch and then took us to the Rock for photos.   He let us spend as much time as we wanted at each stop.   We had such a great time and learned so much.  So glad we took this tour!",en-gb,5.00,,t,viator,,Annette_P,"",,,,1312,APPLICATION,2026-09-08 11:01:14.424925+05:30,,,f
PRNvvWXj4KUt,RSDytfeltGsj,2026-06-15 19:01:52+05:30,It was lovely experience. We would recommend it to everyone. It is bit challenging with a small kid but it worth it. Special thank to our tour guide and driver. Top guys,en-gb,5.00,,t,viator,,Bazo_B,"",,,,1313,APPLICATION,2026-09-08 11:01:14.429759+05:30,,,f
PRNvvWXj4KUt,RSkzV1Q6iucE,2026-04-26 15:22:46+05:30,"A beautiful experience. We had a wonderful tour experiencing Jozani Forest, Kuza cave, the rock restaurant, and Paje Beach. Although it rained almost throughout the tour, our tour guide was super amazing. S/O to Yaya (the best!!!) and the driver. Such wonderful hosts and they made us feel very much at home. ",en-gb,5.00,,t,viator,,8h8kz2m8jm,"",,,,1314,APPLICATION,2026-09-08 11:01:14.433558+05:30,,,f
PRNvvWXj4KUt,RStAPqU7Be9h,2025-12-16 19:15:55+05:30,"It was such a nice tour with a respectful guide '"Naser'". He was caring that we don''t leave any activity till satisfied.. Additionally, the great driver, unfortunately can''t remember his name, was so calm and drives very well, although the road to most of the activities wasn''t easy, but he handled the matter professionally. 
Thank you for the nice day!",en-gb,5.00,1,t,viator,,Rana_Z,"",,,,1315,APPLICATION,2026-09-08 11:01:14.437149+05:30,,,f
PRNvvWXj4KUt,RSp76l33sUWp,2025-10-25 10:10:48+05:30,The guide and driver did a great job. I wanted to swim at Paje and we were able to go during high tide. The organizer communicated well before the tour and I thought it was a good value for the price because it included entry all the stops. I compared this trip to several similar offers and I am glad that I chose this one. Thank you! ,en-gb,5.00,1,t,viator,,Daniel_A,"",,,,1316,APPLICATION,2026-09-08 11:01:14.466939+05:30,,,f
PRNvvWXj4KUt,RSYNlwHFIKWP,2025-07-02 19:06:44+05:30,"Kuza Cave is magic!! And the forest with the monkeys is also a nice place, so nice to see the monkey-kids play in and around the trees. Paje Beach, beautiful, but you have to walk far out to swim. And The Rock, it’s an restaurant on a rock, not an highlight. ",en-gb,5.00,1,t,viator,,Ola_R,"",,,,1317,APPLICATION,2026-09-08 11:01:14.470337+05:30,,,f
PRNvvWXj4KUt,RSLIYrcVTpqy,2026-09-02 17:50:54+05:30,,,1.00,,f,,,,,,,,1318,APPLICATION,2026-09-08 11:01:14.473497+05:30,,,f
PRNvvWXj4KUt,RSN2zWfGyStr,2026-07-29 23:00:12+05:30,,,5.00,,f,,,,,,,,1319,APPLICATION,2026-09-08 11:01:14.477082+05:30,,,f
PRnxblKiseDC,RSVY4RjSw0EC,2026-01-20 17:10:56+05:30,"Did this tour on my last day in Zanzibar and it was truly the highlight of my trip. The Nakupenda sandbank was absolutely stunning, and my guide Abu timed our arrival perfectly, allowing me to capture incredible photos and enjoy a peaceful walk before the crowds arrived. Abu’s great personality made my solo trip feel like an outing with a friend, which I really appreciated. Hotel pick-up and drop-off were smooth, and I learned so much about Zanzibar along the way. It’s an experience that will be hard to beat, and one I fully intend to repeat when I return.",en-gb,5.00,,t,viator,,Chivon_F,"",Thank you very much to share this with us,en,2026-01-21 16:39:04+05:30,1320,APPLICATION,2026-09-08 11:01:14.480959+05:30,,,f
PRnxblKiseDC,RSqTkrMelXiQ,2024-07-07 09:19:40+05:30,"My family and I had a great time on this tour. The visit to the spice farm was interesting and we enjoyed walking around the beautiful farm to see the variety of spices. The sandbank was the highlight of the tour. The water was calm, shallow and beautiful, and our guide, Abu, took care of everything: drinks, lunch and a shady area to rest after swimming. I highly recommend this tour! ",en-gb,5.00,,t,viator,,Jinee_M,"",Thank you very much for having great experience with us ,en,2024-07-08 13:32:25+05:30,1321,APPLICATION,2026-09-08 11:01:16.915221+05:30,,,f
PRodG370h6ki,RS7E7xGYZeT8,2026-08-12 16:00:07+05:30,"This was perhaps my favourite tour during my time in Tanzania. It was just me who had booked for that day, so it ended up being a private tour, which meant that the tour and discussion was tailored to my interests. The guide was very informative and took me around all the main points of interest within Stone Town (of which there were many!). He was very knowledgeable on the island''s history and told me he had spent a lot of time in the town''s archives researching, so I was able to learn a lot about Stone Town''s (and Zanzibar''s, more generally) history, which was fascinating. Although, we spoke in depth about the island''s contemporary social life, too. Although several of the buildings were closed for renovation, he incorporated this into the tour and explained why the buildings were specifically being renovated now and what led to their renovation, so I don''t feel I missed anything (although I hope to be back to see them once they''re done). I 100% recommend this tour!",en-gb,5.00,,t,,alone,Amunet,gb,,,,1322,APPLICATION,2026-09-08 11:01:16.920068+05:30,,,f
PRodG370h6ki,RS1xcwS0cxJA,2026-08-01 19:59:04+05:30,"Nas was incredibly knowledgeable about Stone History and easy to understand! We learned so much. 

He was also very attentive. My mother and I toured on a hot day, he encouraged us to drink water, picked paths in the shade, and stopped at places we could sit. ",en-gb,5.00,,t,viator,,Vanessa_M,"",Thank you very much ,en,2026-08-02 07:23:33+05:30,1323,APPLICATION,2026-09-08 11:01:22.316704+05:30,,,f
PRodG370h6ki,RSZzlMJQZgYA,2026-06-29 17:14:08+05:30,"Nas spoke English well and did a great job of showing us around the city. He also negotiated for souvenirs for us. Nas was a great asset during our time in stone town, for example finding a laundry mat. 
",en-gb,5.00,,t,viator,,Kami_S,"",Thank you very much ,en,2026-08-02 07:27:26+05:30,1324,APPLICATION,2026-09-08 11:01:22.32059+05:30,,,f
PRodG370h6ki,RSQN4cFRuUQn,2026-06-19 07:18:19+05:30,Nas provided us with a very informative and fun tour through Stone Town. He answered all of our questions and was a wealth of historical information and fun facts. Couldn’t have asked for more!,en-gb,5.00,1,t,viator,,Joan_C,"",Thank you very much ,en,2026-08-02 07:28:02+05:30,1325,APPLICATION,2026-09-08 11:01:22.324149+05:30,,,f
PRodG370h6ki,RStnbk1omV5N,2026-06-03 17:53:48+05:30,"Highly recommended tour! It covered a lot of stonetown and it was tailored based on my interest. He is highly knowledgeable in history and he was able to answer all my questions properly, from political economy to linguistics. ",en-gb,5.00,,t,viator,,Matilda_E,"",Thank you so much for your kind words! I’m glad you enjoyed the tour and that I could tailor it to your interests. It was a pleasure sharing Stone Town’s history and answering your questions.,en,2026-06-05 07:56:51+05:30,1326,APPLICATION,2026-09-08 11:01:22.327566+05:30,,,f
PRodG370h6ki,RS4JKsccyBbv,2026-05-04 11:50:16+05:30,"Nas, is an excellent tour guide, very knowledgeable, he ensured our safety and comfort at all times. Highlight was a visit to Freddie Mercury’s birthplace.",en-gb,5.00,,t,,family,,,,,,1327,APPLICATION,2026-09-08 11:01:22.330897+05:30,,,f
PRodG370h6ki,RSnVDYgKBVTM,2026-02-02 13:13:36+05:30,It was so interesting and his English was great! Nassor taught us so much and answered all our questions. Highly recommend. ,en-gb,5.00,,t,viator,,guy_k,"","Thank you,  your recommendation means a lots ",en,2026-06-05 08:05:43+05:30,1328,APPLICATION,2026-09-08 11:01:22.334059+05:30,,,f
PRodG370h6ki,RSloobYWoaeg,2025-03-08 12:27:02+05:30,A wonderful guide and an unforgettable tour!,en-gb,5.00,,t,,alone,Eva,at,,,,1329,APPLICATION,2026-09-08 11:01:22.337744+05:30,,,f
PRodG370h6ki,RSrzbeXMUbVz,2026-06-06 19:04:16+05:30,,,5.00,,f,,,,,,,,1330,APPLICATION,2026-09-08 11:01:22.341782+05:30,,,f
PRoHEy3gN61C,RSzeoABUeLMr,2026-06-26 10:56:39+05:30,"My guide, Abu was extremely knowledgeable and friendly. I learned a lot and highly recommend this tour!",en-gb,5.00,,t,viator,,David_P,"",Thank you very much for this,en,2026-06-27 10:35:02+05:30,1331,APPLICATION,2026-09-08 11:01:22.345372+05:30,,,f
PRoHswgfIcEG,RSsetmj58gEE,2025-12-31 23:55:06+05:30,Driver was on time and polite. He pointed out locations and shared knowledge about each location.  He also answered questions we had about sign we saw along the way.  This transfer was $10 cheaper than others.  I Highly recommend and you can save a few dollars.  ,en-gb,5.00,,t,viator,,Latonya_B,"","Thank you very much for choosing Faitham Zanzibar and for taking the time to share your wonderful review.
We are delighted to hear that you enjoyed the kindness, professionalism, and knowledge of our driver, as well as the helpful explanations along the way.

We truly appreciate your recommendation and are happy that you found our transfer a great value. Your support motivates us to continue providing excellent service.

You are always warmly welcome at Faitham Zanzibar!

Welcome back zanzibar hakuna matata",en,2026-01-02 16:29:44+05:30,1332,APPLICATION,2026-09-08 11:01:28.144114+05:30,,,f
PRojrDJcOVq0,RSDVtnCf809J,2025-08-29 03:57:24+05:30,Smooth transition and communication was good. They service was affordable and dependable for our needs.,en-gb,5.00,,t,viator,,Javon_F,"","Thank you for your kind feedback! We’re happy to know you found our service smooth, affordable, and dependable. Your satisfaction means a lot to us, and we look forward to serving you again in Zanzibar. 🌴🚖",en,2025-08-31 12:05:27+05:30,1342,APPLICATION,2026-09-08 11:01:34.829417+05:30,,,f
PRoj7RBMbPg0,RSjqon4dcrmm,2025-07-23 07:40:51+05:30,Amazing views. Prison island was very informative and our guide was very knowledgeable. Yassir was our captain and host on the sandbank. The food was awesome and plentiful. Thank you to Zanspice for an unforgettable experience. ,en-gb,5.00,,t,viator,,Karl_l,"",Thank you so much for your wonderful review! We're delighted to hear you enjoyed the amazing views and found Prison Island both informative and engaging. We're especially happy to know that Yassir made your sandbank experience memorable and that the food exceeded your expectations. We’ll be sure to pass along your kind words to the team. Thank you for choosing Zanspice – we’re thrilled to have been part of your unforgettable experience!,en,2025-07-24 20:41:41+05:30,1333,APPLICATION,2026-09-08 11:01:29.321946+05:30,,,f
PRojrDJcOVq0,RSRbLiBFanwL,2026-05-23 17:27:01+05:30,"Calm trip, they were waiting for us, everything was very good, very kind, and the car was in very good condition.",en-gb,5.00,,t,viator,,JuanManuel_R,"","¡Muchas gracias por su amable comentario! 😊

Nos alegra mucho saber que tuvo un viaje tranquilo y que nuestro conductor estuvo esperándoles puntualmente. También apreciamos sus palabras sobre la amabilidad del servicio y las buenas condiciones del vehículo.

Esperamos volver a recibirle pronto en Zanspice Tours. 🌴🚗",es,2026-05-24 17:00:47+05:30,1334,APPLICATION,2026-09-08 11:01:31.583916+05:30,,,f
PRojrDJcOVq0,RSIY8aqDMGwq,2026-05-04 00:34:26+05:30,We landed an hour ago. There is no driver here. We called the driver and he sounds sleep. We booked this service a week ago. This is unacceptable. ,en-gb,1.00,,t,viator,,Erika_B,"","We sincerely apologize for the delay you experienced upon arrival today. We understand how frustrating that must have been, especially after booking in advance.

Your driver was already in the airport area and did manage to pick you up, but we truly regret the confusion and the impression it caused.

Thank you for your patience, and we appreciate your understanding. We will take this as a lesson to improve our coordination and ensure a smoother experience going forward.",en,2026-05-04 17:02:00+05:30,1335,APPLICATION,2026-09-08 11:01:34.801734+05:30,,,f
PRojrDJcOVq0,RSyY9LPEU5zW,2026-02-25 04:40:25+05:30,"They did not come. My name was not written on a paper. Waitet 20 minutes. Die not get money back. Sad. Taxi then was easy to find and cheper.
.",en-gb,1.00,,t,viator,,Ingrid_M,"","Thank you for your feedback.

We are truly sorry for the inconvenience caused. However, our driver was at the airport on time and waiting at the designated meeting point with a name sign, as stated in the pick-up instructions. Unfortunately, he was unable to locate you in the arrivals area.

We also tried contacting you by phone and sent a message via Viator, but we did not receive any response at that time. A few hours later, you informed us that you had already taken another taxi and arrived at the hotel.

We kindly ask all guests to carefully read the pick-up instructions provided in the booking confirmation and to contact us immediately if they cannot find the driver. We are always available to assist in real time.

We regret that this situation happened and remain committed to improving our service for all travelers.
",en,2026-02-26 15:55:14+05:30,1336,APPLICATION,2026-09-08 11:01:34.807148+05:30,,,f
PRojrDJcOVq0,RSFt68A2rTc4,2025-12-09 06:38:54+05:30,Very kind driver. Our flight was delayed a couple of hours and our driver was gracious enough to wait for us with no problem. He made sure we were comfortable the whole ride there as well as stopping to buy us cold water. ,en-gb,5.00,,t,viator,,Jalisa_L,"","Thank you so much for your wonderful review! We’re really glad to hear that your driver took good care of you, especially after the flight delay. Providing comfort and assistance—like waiting patiently and getting cold water—is exactly the service we aim for.
We truly appreciate your trust and hope to welcome you again on your next trip to Zanzibar. 🙏🚖✨",en,2025-12-10 15:51:02+05:30,1337,APPLICATION,2026-09-08 11:01:34.81232+05:30,,,f
PRojrDJcOVq0,RSNg3SBoRL6W,2025-12-01 04:50:44+05:30,"Our driver Mohammad was great (kind and friendly). He arrived well in advance, gave descriptions of the down on the way. No complaints there. In fact, if he wasn’t  making the experience better, I would have given a 1 star review. 

But wow, the van that we were given was terrible. The AC unit was broken, there was a huge rip in one of the cushions, and one of the windows didn’t open. Thus, all of the smoke, dust, and hot sunlight being kicked up outside came into the car… but we couldn’t close it because then we’d have no ventilation. I was thus sweating and breathing toxic fumes the entire 1.5 hour drive.

This company hires well, needs to take better care of its equipment and have higher standards for its customers. For just $30 more we could’ve gotten a perfectly fine van with a competing company.",en-gb,2.00,,t,viator,,Jeffrey_Y,"","Thank you very much for your feedback. We’re truly glad to hear that Mohammad provided excellent service and helped make your journey more enjoyable. He will appreciate your kind words.

We are, however, very sorry to learn about your experience with the vehicle. This does not reflect the standards we aim to uphold. All of our vans are regularly cleaned, inspected, and maintained, so we take your comments seriously and will be investigating this specific vehicle immediately to ensure that any issues are resolved.

Your comfort and safety are extremely important to us, and we apologize that this was not reflected during your trip. We appreciate you bringing this to our attention and giving us the opportunity to improve.

If you’re open to it, please contact us directly so we can follow up and make this right.",en,2025-12-02 16:00:29+05:30,1338,APPLICATION,2026-09-08 11:01:34.816127+05:30,,,f
PRojrDJcOVq0,RSMq3TFDjfWJ,2025-10-01 05:07:42+05:30,The driver arrived on time (even a few minutes early) and transported us smoothly and speedily to our destination. The rates are the best as well!,en-gb,5.00,,t,viator,,Alec_G,"",Thank you so much for your kind review! 🙏 We’re delighted to hear that your driver arrived on time and provided a smooth and fast transfer. We truly appreciate your kind words about our competitive rates as well. We look forward to welcoming you again on your next trip to Zanzibar! 🚐🌴😊,en,2025-10-02 17:37:10+05:30,1339,APPLICATION,2026-09-08 11:01:34.819479+05:30,,,f
PRojrDJcOVq0,RSKT4AmCDDu6,2025-09-16 16:58:01+05:30,My driver Kigoda was awesome! The van was clean and as we passed places he told me a little about the history on the island! He picked me up on time ! 10/10,en-gb,5.00,,t,viator,,Juliana_O,"",Thank you so much for your wonderful review! We're thrilled to hear that Kigoda provided such a great experience — from the clean van to the on-time pickup and insightful local history. We'll be sure to pass along your kind words to him. We’re glad you had a 10/10 experience and hope to see you again soon!,en,2025-09-17 08:06:49+05:30,1340,APPLICATION,2026-09-08 11:01:34.822616+05:30,,,f
PRojrDJcOVq0,RS9neCswVONx,2025-08-31 03:58:32+05:30,My driver Bahar was kind and provided the best service! Car was clean and comfortable. I ended up arriving a few hours early and he picked me up within 5 minutes. Awesome service!,en-gb,5.00,,t,viator,,Nicole_A,"",Thank you so much for your kind words! We’re delighted to hear that Bahar provided you with excellent service and that you enjoyed a clean and comfortable ride. We truly appreciate your feedback and look forward to welcoming you again on your next trip to Zanzibar. 🌴🚖,en,2025-08-31 12:03:21+05:30,1341,APPLICATION,2026-09-08 11:01:34.825793+05:30,,,f
PRomCOiSmJp0,RSiYEeyeOV5c,2024-03-21 22:01:35+05:30,The service was prompt and very professional. They reached out to confirm pickup and drop off the prior day. We would definitely use this service again. ,en-gb,5.00,,t,viator,,Jaceline_C,"",,,,1378,APPLICATION,2026-09-08 11:01:40.521493+05:30,,,f
PRojrDJcOVq0,RSox1OzvwkHE,2025-06-09 08:41:27+05:30,"Driver was knowledgeable, safe, engaging, and thoughtful. I would highly recommend him to anyone who needs a ride or guide through Zanzibar. ",en-gb,5.00,,t,viator,,Ariel_S,"","Thank you so much for your wonderful review! We’re delighted to hear that our knowledgeable and safe driver provided you with an engaging and thoughtful experience throughout your Zanzibar tour. We take pride in offering reliable transportation and expert guided tours in Zanzibar, and your recommendation means a lot to us. We look forward to helping more travelers discover the beauty of Zanzibar with our professional taxi and tour services.

Safe travels and see you again soon!
Zanspice Tours Team",en,2025-06-10 18:33:16+05:30,1343,APPLICATION,2026-09-08 11:01:34.833155+05:30,,,f
PRojrDJcOVq0,RSwBLLm6SYYk,2024-12-29 12:16:50+05:30,"Arrived late at airport but received WhatsApp to check everything was ok. Excellent transfer, polite, courteous and helpful.",en-gb,5.00,,t,viator,,Graeme_P,"","Thank you for your kind feedback! We''re glad to hear that despite your late arrival, everything went smoothly and you were satisfied with the transfer service. We always strive to provide a courteous and efficient experience for our passengers. We hope to welcome you again in the future! Safe travels!",en,2024-12-31 14:49:16+05:30,1344,APPLICATION,2026-09-08 11:01:34.836719+05:30,,,f
PRojrDJcOVq0,RSygz5Zf9Tg9,2024-08-08 23:46:14+05:30,"We booked the taxi with this company from Nungwi to Stonetown. The car is clean and our driver Zahran is punctual, conducts courteous manners, and drives safely in somewhat chaotic traffic. Highly recommended to use their taxi services when traveling in Zanzibar.",en-gb,5.00,,t,viator,,josephinepai,"",Thank you for your kind review of our taxi services. We appreciate you taking the time to share your positive experience. We hope to see you again soon!,en,2024-08-09 08:07:15+05:30,1345,APPLICATION,2026-09-08 11:01:34.840141+05:30,,,f
PRojrDJcOVq0,RSVnZwbuMGQn,2024-01-24 13:42:06+05:30,"The driver did not only drive us safe to our destination, but he told us a lot of Zanzibar, its history and its people. Would recommend. Vehicle was also in good condition.",en-gb,5.00,,t,viator,,Matias_V,"",Thank you so much (Matias) We're really grateful and appreciate you taking the time to share your rating with us.”,en,2024-01-27 05:10:09+05:30,1346,APPLICATION,2026-09-08 11:01:34.843497+05:30,,,f
PRojrDJcOVq0,RS4f8jiFo34M,2024-01-19 15:56:20+05:30,"Pünktlich, freundlich. Alles ok. Preis war Aktionspreis, wir waren skeptisch ob alles klappt. War aber dann alles bestens",de,5.00,,t,viator,,Oliver_S,"","Sehr geehrter [Oliver_S],

Vielen Dank, dass Sie sich die Zeit genommen haben, eine so wundervolle Bewertung abzugeben! Wir freuen uns sehr zu hören, dass Sie eine reibungslose und stressfreie Erfahrung mit uns hatten. Ihre freundlichen Worte sind ein großartiger Beweis für die harte Arbeit und das Engagement, die wir in jeden Auftrag investieren.

Ihre Empfehlung bedeutet uns sehr viel und wir freuen uns auf die Gelegenheit, Ihnen oder allen Freunden und Familienmitgliedern, die Sie möglicherweise empfehlen, in Zukunft behilflich zu sein.

Herzliche Grüße,",de,2024-01-21 06:13:42+05:30,1347,APPLICATION,2026-09-08 11:01:34.847125+05:30,,,f
PRojrDJcOVq0,RS3W7v7NsiSs,2023-12-20 14:50:26+05:30,We arrived at the airport in the early hours. He went the extra mile of getting us to the hotel safe and sound. We used his services throughout our stay in Zanzibar and he was always on time. Car was clean,en-gb,5.00,,t,viator,,MASHUKUDU_M,"","We’ve passed your wonderful review onto our team in Zanzibar, [MASHUKUDU]. Thanks so much for taking the time to leave a review about our [TRANSFER SERVICES]. Our customer’s feedback guides our business and helps us keep improving the service we provide. We look forward to delivering another excellent experience to you next time you visit here in ZanzibarIsland. Thanks for choosing to Zanzibar Island Taxi Services.",en,2023-12-22 06:28:29+05:30,1348,APPLICATION,2026-09-08 11:01:34.850919+05:30,,,f
PRojrDJcOVq0,RSFhuoPGMp7I,2023-12-06 13:32:06+05:30,"Professional and excellent ride. On time pick up
Driver professional, helped with luggage as well. I highly recommend.",en-gb,5.00,,t,viator,,Marie_E,""," 

'"Thank you so much for this 5-star review. We really appreciate you being a customer and helping to share the word about us. We’re here for you anytime.”",en,2023-12-08 15:14:08+05:30,1349,APPLICATION,2026-09-08 11:01:34.854285+05:30,,,f
PRojrDJcOVq0,RSvWi0SVLbHI,2023-12-04 12:29:05+05:30,Pick up on time. The real value add was the chilled water provided. Just what i needed after long flights!,en-gb,5.00,,t,viator,,Marie_E,"",“Thank you so much for taking the time to leave an excellent rating. We really appreciate your business. Please let us know what we can do for you in the future.”,en,2023-12-06 11:11:22+05:30,1350,APPLICATION,2026-09-08 11:01:34.857526+05:30,,,f
PRojrDJcOVq0,RS0WCbjmr0eT,2023-12-04 12:20:19+05:30,"Jederzeit wieder, super Service. WLAN im Taxi, für den, der es braucht…. Wasser für die Fahrt. Netter Fahrer. Empfehlenswert!",de,5.00,,t,viator,,Manuela_P,"","'"Thank you so much for this 5-star review. We really appreciate you being a customer and helping to share the word about us. We’re here for you anytime.”",en,2023-12-06 11:12:32+05:30,1351,APPLICATION,2026-09-08 11:01:34.860852+05:30,,,f
PRojrDJcOVq0,RSFck3KDkqW6,2023-11-20 14:10:37+05:30,"Great service! They reached out to me via WhatsApp to confirm flight details and specific instructions to find their driver at the airport. The driver was there waiting for me, allowed me to go to the atm before leaving. The van was comfortable with ac and wifi. I was given a bottle of water. The driver was very courteous and drove very safely over some fairly bumpy and poor road conditions. I came in very late at night and didn’t have any problems. The driver spoke good English which isn’t the case for many locals.",en-gb,5.00,,t,viator,,Kezia_K,"",We appreciate your feedback and are delighted to know you enjoyed our [Zanzibar Island Taxi Services]. ...,en,2023-11-22 06:23:02+05:30,1352,APPLICATION,2026-09-08 11:01:34.864003+05:30,,,f
PRojrDJcOVq0,RSactdwpTML6,2023-11-20 06:40:19+05:30,"Driver was polite and informative  he went out of his at to point out landmarks……..,,,,,,,,,,,,,I don’t have anything more to say",en-gb,5.00,,t,viator,,Sunday_I,"",Thank you for taking the time to leave us a review.,en,2023-11-22 06:24:27+05:30,1353,APPLICATION,2026-09-08 11:01:34.867389+05:30,,,f
PRojrDJcOVq0,RSrQf60We3P3,2023-11-13 13:31:23+05:30,"All went well, the driver was waiting for us outside with a signpost with my name.

Smooth and efficient journey ",en-gb,5.00,,t,viator,,Momain_A,"","“Thank you, Momain_A, for the amazing review! We put in the work to keep you and all of our clients happy. We hope to see you again. Have a nice day ahead!”",en,2023-11-14 05:13:46+05:30,1354,APPLICATION,2026-09-08 11:01:34.871616+05:30,,,f
PRojrDJcOVq0,RS8My0ENFZma,2023-10-31 09:57:04+05:30,"Very reliable any time of the day (and always in advance). I have used 3 times, very polite and gentle. Even came with car seats for the kids. Can only recommend!!",en-gb,5.00,,t,viator,,Vincent_G,"","Thank you for sharing your experience with us! ...
We are so grateful for your kind words and 5-star rating! We hope to see you again. ",en,2023-11-01 06:40:56+05:30,1355,APPLICATION,2026-09-08 11:01:34.875483+05:30,,,f
PRomCOiSmJp0,RSOybeKFF61C,2025-12-01 10:56:22+05:30,"Great experience, driver was on time and friendly. He also shared a lot of information about the island and its geography, culture, history. Will use the service again next time! ",en-gb,5.00,,t,viator,,Fran_G,"",,,,1356,APPLICATION,2026-09-08 11:01:34.879276+05:30,,,f
PRomCOiSmJp0,RST4j90i0Yqm,2024-01-08 18:37:34+05:30,Leider kam ein Koffer nicht mit und wir mussten den Verlusst melden. Hat sehr lange gedauert. Doch der Fahrer hat 2 Stunden auf uns gewartet. Das war super!!,de,5.00,,t,viator,,Claudia_G,"",,,,1379,APPLICATION,2026-09-08 11:01:40.525363+05:30,,,f
PRomCOiSmJp0,RSYWJIzw8fqp,2025-10-16 08:49:01+05:30,Driver arrived over an hour late and only after I called the company. obtaining cell service or WiFi in the airport was difficult. The driver was polite and apologized and the vehicle a very nice van. In the end being stranded for over an hour in a foreign airport is not why you prepay for the service ,en-gb,2.00,,t,viator,,WilliamR_W,"",,,,1357,APPLICATION,2026-09-08 11:01:40.425669+05:30,,,f
PRomCOiSmJp0,RSqaqEqIJt71,2025-10-07 12:56:57+05:30,"It was a very smooth drive. The driver is a very nice person and also, the manager of these company is nice and understanding. Overall experience was great.",en-gb,5.00,,t,viator,,Oluwabukola_A,"",,,,1358,APPLICATION,2026-09-08 11:01:40.431399+05:30,,,f
PRomCOiSmJp0,RSjCTasgQSXD,2025-10-03 09:23:51+05:30,We used this company for our transfers to and from the airport - both were at odd hours. Didn’t have any issues- driver was on time and very kind. ,en-gb,5.00,,t,viator,,Michelle_V,"",,,,1359,APPLICATION,2026-09-08 11:01:40.435218+05:30,,,f
PRomCOiSmJp0,RSp18XDHaCLc,2025-09-29 09:19:18+05:30,Could not find driver so after 45 minutes got another ride. Not clear in mixup however they did refund our money.  Thank you for quickly refunding. ,en-gb,4.00,,t,viator,,buddy,"",,,,1360,APPLICATION,2026-09-08 11:01:40.438427+05:30,,,f
PRomCOiSmJp0,RSmu23aGdobm,2025-09-28 07:39:23+05:30,Our driver picked us up on time and was easy to find. We had an issue with our hotel and the driver stayed with us and helped until we found a resolution. Definitely would recommend! ,en-gb,5.00,,t,viator,,Michelle_V,"",,,,1361,APPLICATION,2026-09-08 11:01:40.441847+05:30,,,f
PRomCOiSmJp0,RS35kAbwT25c,2025-09-15 17:33:35+05:30,"Very comfortable, nothing to fault. Would recommend. Good price too for travelling from the south of the island to the north",en-gb,5.00,,t,viator,,Ian_P,"",,,,1362,APPLICATION,2026-09-08 11:01:40.445821+05:30,,,f
PRomCOiSmJp0,RSmN4rOSbE3W,2025-08-25 14:44:20+05:30,"A very rash driver on a dangerous road, moreover at night ... there was a bottle of water per traveler but there was no trace ...",en-gb,1.00,,t,viator,,RENATOCRIMALDI_c,"",,,,1363,APPLICATION,2026-09-08 11:01:40.449297+05:30,,,f
PRomCOiSmJp0,RSdXLoF30DMZ,2025-08-05 14:11:55+05:30,It was smooth and easy. Came out of the airport and the driver was waiting with a sign with my name. ,en-gb,5.00,,t,viator,,Myrick_C,"",,,,1364,APPLICATION,2026-09-08 11:01:40.452688+05:30,,,f
PRomCOiSmJp0,RSms7M5od8Jm,2025-07-27 05:37:10+05:30,"Transfer was good it’s exactly what you expect. Nothing extra special. It was over priced, on my way back to the airport I got a taxi (they all have the same type of vehicle, so it’s not like you’re getting a bigger vehicle by going through this booking) they charged me $45! So to get charged $60 for two people was overpriced. Also the option I picked was “airport to/from hotel” for me that sounds like round trip, apparently it wasn’t. So be careful. If I had the chance to do it all over again, I would just get a taxi at the airport.",en-gb,3.00,,t,viator,,Samuel_C,"","Hi samuel, we regret that we did not meet your expectations. Referring to what you hav said, we are charging $60 beacause we have to pay commission to viator, actually we are getting below $45.

Regarding a round-trip issue, we have never came across any complain before, but we have taken measures to clarify our options that are only one way trip.",en,2025-07-29 14:42:25+05:30,1365,APPLICATION,2026-09-08 11:01:40.456+05:30,,,f
PRomCOiSmJp0,RSBbFIC6mNLG,2025-07-05 10:49:23+05:30,Great WhatsApp communication prior to and upon our arrival! Also a much better price than our hotel for the same level of service. This company also offers day and half day tours that are worth considering given their professionalism (our schedule was already booked out but will keep them in mind for our next trip).,en-gb,5.00,,t,viator,,Ed_T,"",,,,1366,APPLICATION,2026-09-08 11:01:40.459126+05:30,,,f
PRomCOiSmJp0,RSdHsNq5U8LF,2025-07-05 10:46:01+05:30,Great WhatsApp communication and driver showed up a few minutes early ready to go! Also a much better price than our hotel for the same level of service. This company also offers day and half day tours that are worth considering given their professionalism (our schedule was already booked out but will keep them in mind for our next trip).,en-gb,5.00,,t,viator,,Ed_T,"","Hey Ed, We really appreciate taking your time to review us. Thank you!
We are looking forward to welcoming you again.",en,2025-07-15 15:01:40+05:30,1367,APPLICATION,2026-09-08 11:01:40.463111+05:30,,,f
PRomCOiSmJp0,RShyZvxON2hJ,2025-01-24 15:45:40+05:30,As a woman traveling alone I felt safe with the airport pick up which was as 11:00 PM at night to my resort an hour away. The driver was kind and nice and was on time. They made the experience feel seamless. I liked their services so much that I booked them for a private tour of the city during my stay in Zanzibar. ,en-gb,5.00,,t,viator,,Dara_F,"",,,,1368,APPLICATION,2026-09-08 11:01:40.466858+05:30,,,f
PRomCOiSmJp0,RS1FeQSkErMc,2024-12-09 08:15:56+05:30,The driver arrived on time to my hotel.  He helped with luggage and it was a smooth ride to the airport. Excellent service.,en-gb,5.00,,t,viator,,Anonymous,"",,,,1369,APPLICATION,2026-09-08 11:01:40.470554+05:30,,,f
PRomCOiSmJp0,RSmWbFME5dZt,2024-12-02 06:00:27+05:30,Smooth pick up from airport in Zanzibar. Our driver was easy to spot and w didn’t have to wait at all. We will definitely use again. ,en-gb,5.00,,t,viator,,Hania_B,"",,,,1370,APPLICATION,2026-09-08 11:01:40.475576+05:30,,,f
PRomCOiSmJp0,RSmmRgIfEdMu,2024-11-29 06:43:55+05:30,"Definitely easy pickup. As promised, once I exited the airport my driver had my name on a board, and it was about 15 minutes to my hotel in Stone Town. Easy to book, and this is a great option after a long flight",en-gb,5.00,,t,viator,,Anonymous,"",,,,1371,APPLICATION,2026-09-08 11:01:40.48148+05:30,,,f
PRomCOiSmJp0,RS3Aq1ML1rhl,2024-11-27 18:30:08+05:30,"Sehr pünktlich und nett bei der Abholung. 
Bei Fragen zur Abholung im Hotel, schnelle Antwort.
Alles in allem sehr empfehlenswert ",de,5.00,,t,viator,,Bjoern_S,"",,,,1372,APPLICATION,2026-09-08 11:01:40.487732+05:30,,,f
PRomCOiSmJp0,RS80anf6qlnE,2024-10-09 19:43:06+05:30,Very professional and friendly (our driver ) he informed us of things going around the area . Also gave us insite on attractions ,en-gb,5.00,,t,viator,,Edwige_J,"",,,,1373,APPLICATION,2026-09-08 11:01:40.494241+05:30,,,f
PRomCOiSmJp0,RSZh4xH3lfox,2024-08-06 04:24:02+05:30,This was my second time using this company for transportation while on vacation. The driver was punctual and very pleasant.,en-gb,5.00,,t,viator,,Jessica_S,"",,,,1374,APPLICATION,2026-09-08 11:01:40.500829+05:30,,,f
PRomCOiSmJp0,RSA3sD5NPuJE,2024-07-29 20:15:10+05:30,"The driver was courteous, drove well and was very informative. The van was also very clean. The driver gave some vey good sight seeing suggestion.",en-gb,5.00,,t,viator,,Jessica_S,"",,,,1375,APPLICATION,2026-09-08 11:01:40.505698+05:30,,,f
PRomCOiSmJp0,RSttlKmq4KCh,2024-05-06 08:49:20+05:30,Fahrer sehr freundlich. Hat alles wie beschrieben geklappt. Fahrer hat uns während der Fahrt sehr viel über die Umgebung und dad Land erzählt.,de,5.00,,t,viator,,Jennifer_G,"",,,,1376,APPLICATION,2026-09-08 11:01:40.509791+05:30,,,f
PRomCOiSmJp0,RS4g3C0jh2xR,2024-04-12 18:33:11+05:30,The team was very commited and professional once i completed the booking they confirmed through whats app all details and when arrived driver was there waiting named Khalid and was welcoming and friendly ... the car was clean and good AC the whole experience was great,en-gb,5.00,,t,viator,,Mohamed_I,"",,,,1377,APPLICATION,2026-09-08 11:01:40.516418+05:30,,,f
PRPzk7fAmt8i,RSATczudrapt,2026-02-07 12:58:04+05:30,,,4.00,,f,,,,,,,,1422,APPLICATION,2026-09-08 11:02:21.016872+05:30,,,f
PRomCOiSmJp0,RSe1OCf4ZKqi,2023-11-17 09:48:07+05:30,"Clean car, friendly driver, service minded. Because of a small misunderstanding the driver was not at the enterance waiting for us, but that was solved quickly by very services minded drivers avaiting the passengers to be picked up",en-gb,5.00,,t,viator,,Kjell_H,"",,,,1380,APPLICATION,2026-09-08 11:01:40.528977+05:30,,,f
PRomCOiSmJp0,RSdsAIilQv1p,2023-09-08 13:30:46+05:30,We booked this for our transfer from Zanzibar airport to our hotel in Nungwi. Our driver was waiting for us with a sign when we arrived and he was very nice. The car had air con and was very comfortable. We recommend this service.,en-gb,5.00,,t,viator,,Caitriona_M,"",,,,1381,APPLICATION,2026-09-08 11:01:40.532478+05:30,,,f
PRON4MZOr2JT,RSG32ZAvsC5N,2026-07-24 23:16:52+05:30,"They gave us a warm welcome. When we mentioned a specific dietary requirement for one of our friends, they prepared two separate menus. The food required avoiding spices and salt. Their effort, friendliness, and cheerfulness were simply amazing.",en-gb,5.00,,t,,friends,,,,,,1382,APPLICATION,2026-09-08 11:01:40.53571+05:30,,,f
PRON4MZOr2JT,RSqqoWWuQeVb,2026-07-05 10:00:30+05:30,Beautiful bbq on the boat. Good was so yummy and presentation was excellent! The host was perfect and made sure we were comfortable and safe. We had our cake and it was delicious ,en-gb,5.00,,t,viator,,Kimberly_G,"","Thanks so so much for the wonderful feedback and the trust in sailing with us. Its been a pleasure to have you on board with us for your special celebration. We hope it made it even more memorable 

Many greetings from the whole crew
Regards
Mathew and team",en,2026-07-06 00:14:50+05:30,1383,APPLICATION,2026-09-08 11:01:41.960183+05:30,,,f
PRON4MZOr2JT,RSCgoReF5k1J,2026-07-02 19:55:16+05:30,I really enjoyed this experience. I do recommend it. The food was really good. The tour guide is nice and sunset was beautiful.,en-gb,5.00,,t,viator,,Uchenna_N,"","Thanks so so much for the trust in sailing with us and the wonderful Review. We really appreciate it and hope to welcome you back on board with us in the future!
Until then many greetings from the whole crew!",en,2026-07-05 18:17:15+05:30,1384,APPLICATION,2026-09-08 11:01:41.963371+05:30,,,f
PRON4MZOr2JT,RSbrnlixefZn,2026-06-28 18:45:12+05:30,"This is more than just a boat ride, it’s an experience with what feels like my new extended family. What a beautiful host of people. The sunset was secondary. Had the time of my life. Will do this every time.  ",en-gb,5.00,,t,viator,,Simone_W,"",Thank you so so much for this wonderful feedback and the kind words. It truly means the world to us to hear this. We hope to welcome you back on board again and until then sending you lots of greetings from the whole crew!,en,2026-06-30 23:57:42+05:30,1385,APPLICATION,2026-09-08 11:01:41.966576+05:30,,,f
PRON4MZOr2JT,RSz2qVFsLqks,2026-05-24 02:19:39+05:30,"This is a great experience. It is worth it. After a long bumpy ride in Serengeti, this is a way to relax and see the other side of Tanzania. Beautiful sunset, good food, and great company (Dhow company crew) I love it!!. We had fun dancing and enjoying the ride/sail with the crew (Cronix, Said, Ali, Nice, Sammy and Safe)",en-gb,5.00,,t,viator,,Jocelyn_K,"",Thanks so much for the wonderful feedback. We truly appreciate your trust in sailing with us and hope to see you return at some day in the future! All the best from the whole Crew!,en,2026-05-27 09:19:11+05:30,1386,APPLICATION,2026-09-08 11:01:41.969944+05:30,,,f
PRON4MZOr2JT,RScTn99hMdzG,2025-12-20 22:26:44+05:30,The experience was superb. I liked everything it exceeded my expectations.,en-gb,5.00,1,t,,family,Munodawafa,"",,,,1387,APPLICATION,2026-09-08 11:01:41.973698+05:30,,,f
PRON4MZOr2JT,RSfOSyfCbIWu,2025-10-27 20:32:56+05:30,"This was by far the best experience during our stay in Zanzibar. The whole experience was very professional, well prepped and executed flawlessly. I would recommend this to anyone who is looking for a memorable experience. A shout out to Abdul for transporting us there and back, and a shout out to Sultan and his team on the Dhow - it was awsome.",en-gb,5.00,1,t,,partner,Dieter,bw,,,,1388,APPLICATION,2026-09-08 11:01:41.977298+05:30,,,f
PRON4MZOr2JT,RSM6plI8e3Ys,2025-10-27 14:09:57+05:30,"Great atmosphere, delicious food, and an outstanding crew – many thanks to Sultan, Minje and Mjumbe, who took such great care of us on the boat. Communication with Zanzibar Dhow was excellent from start to finish. It was an absolutely fantastic and unforgettable experience! We highly recommend the sunset cruise!",en-gb,5.00,,t,viator,,Rebecca_M,"","Thanks so so much for the trust in sailing with us and for the wonderful feedback and taking the time to write this. Its very much appreciated and we hope to welcome you back on board again in the future!
Many greetings from the whole crew!",en,2025-10-27 22:53:09+05:30,1389,APPLICATION,2026-09-08 11:01:42.005658+05:30,,,f
PRON4MZOr2JT,RSjIUC2tVLBq,2025-10-09 13:19:02+05:30,"This was such a fun experience. The crew was amazing, and very warm, welcoming, and accommodating. The food was the best food we’ve had in Tanzania; my wife, who doesn’t like seafood, thought the lobster and calamari were both incredible. 

They''re also very responsive over email. We had a few questions during and after booking, and they always responded promptly.",en-gb,5.00,,t,viator,,ChrisCris,"",Thanks so much for the trust in sailing with us and for taking the time to write this amazing review. We really appreciate the positive feedback and hope to welcome you back on board with us in the future! Many greetings from the whole crew!,en,2025-10-17 18:18:20+05:30,1390,APPLICATION,2026-09-08 11:01:42.015781+05:30,,,f
PRON4MZOr2JT,RSqWMWpMiFCm,2025-09-17 08:07:52+05:30,"AMAZING!!! If you are considering this experience- DO IT! The communication via Viator with Matthew was prompt, our ride to and from was efficient, and the boat experience was amazing. 

John, Crispo, and Sayed (I’m sure I spelled those incorrectly) were professional but so FUN to be with. They certainly know their way around the waters in a safe manner, but make sure you’re having a blast while sailing. We asked them to play their own music, and we all danced the night away learning about their culture.   Best part- THE FOOD. The best food in Zanzibar is on this boat. We had vegetable curry, calamari curry, chicken and kambakochi grilled right on the charcoal fire on the boat. They even surprised us at the end with a cake for our honeymoon. 

AMAZING experience.

-Mike & Casey, Pittsburgh USA",en-gb,5.00,,t,viator,,Michael_E,"","Thanks both for this amazing feedback. Its been a true pleasure to have you on board and thank you for your trust in booking with us!
We are so happy to receive your wonderful feedback. It really made the whole team''s day!

Hope to welcome you back someday in the future. Maybe for your next anniversary!!

Warm greetings from the whole team to you!",en,2025-09-17 22:03:32+05:30,1391,APPLICATION,2026-09-08 11:01:42.019292+05:30,,,f
PRON4MZOr2JT,RSgCMQeXGGuR,2025-08-13 14:31:04+05:30,"Amazing!! The food, the boat, the music, loved every second!! This only had two five star reviews when I booked it…those two reviews were rightfully deserved. Just go!! It was amazing. Once in a lifetime experience in Zanzibar!! ",en-gb,5.00,,t,viator,,Ashlee_S,"",Thank you so much for the amazing review. We truly appreciate you taking the time to write this!! Hope to welcome you back in the future. Lots of greetings from the whole team!!,en,2025-08-14 17:43:00+05:30,1392,APPLICATION,2026-09-08 11:01:42.02245+05:30,,,f
PRON4MZOr2JT,RS9uk2Q4ust3,2025-07-26 22:09:35+05:30,Very high quality experience on western level.  The sail takes place on a traditional dhow nicely accessorised for the comfort of guests. During the sail the crew cooks a delicious meal on board worthy of a great restaurant. The guests dine while watching the sunset.,en-gb,5.00,,t,viator,,Viktoria_N,"",,,,1393,APPLICATION,2026-09-08 11:01:42.038352+05:30,,,f
PRON4MZOr2JT,RSolRrQGOoHN,2025-06-15 20:24:09+05:30,"Thoroughly enjoyed this boat trip. The food was incredible and the dinner set up/boat decorations were beautiful. Such a relaxing evening! Whole crew was fab and attentive, thankyou very much. Would highly recommend this sunset cruise, absolutely nothing to fault. ",en-gb,5.00,,t,viator,,Freyja_S,"",Thanks so much for this amazing review and kind feedback! We were so happy to have you on board and already excited to sail with you again! Kind regards from our whole team,en,2025-08-01 19:19:40+05:30,1394,APPLICATION,2026-09-08 11:01:42.041902+05:30,,,f
PRonq7eW4OYg,RSfInOmYiHqE,2026-08-02 21:06:39+05:30,"Nous avons réservé la visite via booking à 19$ par personne. Quand nous sommes arrivés sur le site, on nous a dit que c''était visite libre. Le guide a à peine regardé nos tickets. La visite avec Ibrahim et Emmanuel a été très intéressante jusqu''au moment où nous n''avons pas suffisamment acheté d''épice. Résultat, la visite a tourné court et Ibrahim nous a ramené à notre taxi sans la dégustation des fruits/repas avec du riz prévu dans le descriptif de la visite. De ce fait, il semble qu''il ne soit pas nécessaire de réserver la visite et que la rémunération se fait avec la vente d''épices",fr,1.00,,t,,partner,,,,,,1395,APPLICATION,2026-09-08 11:01:42.045424+05:30,,,f
PRonq7eW4OYg,RS4mTyF64ZhL,2026-02-12 13:02:49+05:30,"Sultan our guide and his assistant were amazing, fun and patient. Learnt a lot about different spices and his story telling was fun and thorough. We had a tastly lunch, delicious druuts and got to put on hand weaved crowns and bracelets. Highly recommend!!",en-gb,5.00,1,t,viator,,Yindrila_C,"",,,,1396,APPLICATION,2026-09-08 11:01:44.938845+05:30,,,f
PRonq7eW4OYg,RSHdKP1Hh0CG,2024-12-16 07:18:21+05:30,"We had a great time at Jambo. Our guide was knowledgeable and friendly. He was happy to answer all our inquisitive questions and requests and we learnt a lot from him. 

The food was delicious and we loved how it incorporated the spices and fruits we learnt about.",en-gb,5.00,,t,viator,,Anonymous,"",,,,1397,APPLICATION,2026-09-08 11:01:44.943536+05:30,,,f
PRonq7eW4OYg,RS5BuVKCHIh3,2024-07-08 15:46:59+05:30,"C’est une super expérience on y voit vraiment les plantations et vous pouvez goûter à la plupart il est aussi possible d’acheter des épices sur place 
Le guide donne de bonnes explications. 
Seul petit bémols on vous demande de l’argent à chaque personne qui vous parle et c’est un peu agaçant et les personnes vous regardent mal et souffle quand on refuse…",fr,4.00,,t,viator,,Cynthia_M,"",,,,1398,APPLICATION,2026-09-08 11:01:44.948297+05:30,,,f
PRoSeWOtC7aE,RSm3KfFJDgWa,2025-07-17 09:56:51+05:30,Informative walking tour of Stone Town. Our guide Ameena was vey knowledgeable and explained everything during our tour every step of the way! She was very flexible with what we were interested in and hit all of the highlights. Our driver Rashid was also great and very comfortable ride back and forth to our hotel on the beach. If you are looking for an authentic tour of Stone Tiwn I highly recommend this one!,en-gb,5.00,,t,viator,,Eric_E,"",,,,1399,APPLICATION,2026-09-08 11:01:44.952754+05:30,,,f
PRoSeWOtC7aE,RSJxEslCnUab,2025-05-28 16:24:11+05:30,"Ibrahim our tour guide was excellent, spoke really clearly and was very informative about the sites we visited, history of stone town and with any other questions we asked. Was a pleasure to meet Ibrahim and share this experience with him and would highly recommend this guided tour to anyone visiting the lovely Zanzibar. Again big shout out to Ibrahim, Asante Sana.",en-gb,5.00,,t,,partner,Marco,ie,,,,1400,APPLICATION,2026-09-08 11:01:50.160943+05:30,,,f
PRoSeWOtC7aE,RSGOekndq1i8,2025-02-19 09:22:33+05:30,"Nous avions réservé apparemment un guide en Français, mais lorsque je regarde ma reservation je vois bien que c’est écrit “langue du guide” anglais. Donc lorsque nous sommes arrivés nous avons rencontré notre guide, très sympathique mais il a préféré passer la main à un guide plus anglophone. Ce dernier est donc venu le remplacer, il ne parlait pas assez fort, et n’a pas su créer l’intérêt de la visite. Visite décevante, pas a la hauteur de ce qui est vendu !",fr,2.00,,t,,family,Sabrina,fr,,,,1401,APPLICATION,2026-09-08 11:01:50.164778+05:30,,,f
PRoSeWOtC7aE,RSUVnmSW1hk5,2025-01-13 05:49:53+05:30,"A great tour of this lovely town, the guide contacted us the day before and was on time, not a rushed walk and informative with lots of local knowledge, you could also adapt if you wanted to do your own stop.",en-gb,5.00,,t,viator,,Neil_G,"",,,,1402,APPLICATION,2026-09-08 11:01:50.169136+05:30,,,f
PRoSeWOtC7aE,RStsPZ9P2xME,2024-01-17 23:15:33+05:30,"The guide was great and knew everything also about whatever you ask about. Also a fun guide, his name is Osman. The company is good at reaching out",en-gb,5.00,,t,viator,,Mathilde_M,"",,,,1403,APPLICATION,2026-09-08 11:01:50.173151+05:30,,,f
PRoSeWOtC7aE,RSdja5li1FMr,2025-02-23 00:03:16+05:30,,,5.00,,f,,,,,,,,1404,APPLICATION,2026-09-08 11:01:50.17746+05:30,,,f
PRoSeWOtC7aE,RSL0CDzkflMB,2025-02-16 14:07:51+05:30,,,3.00,,f,,,thoralf,at,,,,1405,APPLICATION,2026-09-08 11:01:50.180748+05:30,,,f
PRp13yr1RQSQ,RSHtm41MVfly,2025-07-21 17:16:49+05:30,We expected to see more people going about their daily activities in the village especially at the dhow factory.  The turtle aquarium was not inviting with the condition of the water and it got crowded fast.  Our guides flexibility with a special request made the day memorable. ,en-gb,4.00,,t,viator,,Diane_O,"",,,,1406,APPLICATION,2026-09-08 11:01:50.184093+05:30,,,f
PRpiJmXWVfPf,RSqAjFocLExa,2023-11-09 16:13:32+05:30,"La isla es una gran experiencia desde que llegas hasta que se desaparece por el agua.
El personal es muy atento y respectuoso.
La comida y experiencia en la isla muy divertidad.
Hay multiples vendedores así que hostigan en cierto punto.
Te tratan de complacer en todo.
No hay que ir para nada a prision island.",es,4.00,,t,viator,,Jennifer_S,"",,,,1407,APPLICATION,2026-09-08 11:01:55.502517+05:30,,,f
PRpYPlqZuhB1,RSSAD9vgxgqS,2026-02-09 06:13:07+05:30,"First, I’d like to start off by mentioning that even though this says this is a First, I’d like to start off by mentioning that, even though this says this is an English speaking guide, our driver didn’t speak any English! He had someone with him that greeted us that spoke English, but when we got into the vehicle, he didn’t speak any so we couldn’t communicate on our travel plans for the day   
When visiting this port on a cruise ship, there really aren’t many options for tours. The forest tour was just OK, I guess the highlight was seen the red Columbus monkey. We had an energetic tour guide which made it more lively.
The spice farm was very interesting. We had a female guide that took us through all of the trees and vines they grow at this location and learn learned about how the spices are cultivated and used. The only thing I found a little interesting at the end was they didn’t really have a spice shop where you could buy several of the spice trees and shrubs they had on the property.   
Lastly, the stone tour was interesting learning about the slave trade, but our tour guide could’ve been better. He was a little more interested in chatting with his buddies along the tour and didn’t really engage with us as tourists. He was knowledgeable and everything, but it could’ve been a lot more interesting if we had a guy that really got into the history.
  I would probably give this a three star, but I gave it a four star because there really isn’t any other options in this port for tourists.",en-gb,4.00,,t,viator,,karen_b,"",,,,1408,APPLICATION,2026-09-08 11:02:10.370591+05:30,,,f
PRPzk7fAmt8i,RSAgBixfnqnw,2025-09-26 18:54:14+05:30,,,4.00,,f,,friends,Tanya,au,,,,1423,APPLICATION,2026-09-08 11:02:21.020468+05:30,,,f
PRpYPlqZuhB1,RSso8XWpGXh4,2024-04-12 09:51:46+05:30,"What an amazing day, our driver Ahmed met us at the port, excellent communication about where to meet. It was quite rainy and so we made a few adjustments to the order of our day, he was great about calling ahead to verify availability and accessibility as two of us travel with walkers and poc’s. We started at a beautiful spice farm where they had guides to show us around and then we sat under a covered area to learn how the spices were used for cooking and healing. We also tried some amazing fresh fruits. We then drove to Jozani forest (a beautiful ride with so much to see). A guide there showed us around and the rain cleared and we were able to see several monkeys, definitely a highlight for us! We then drove back towards port and Stone Town. On our way out we’d driven through and seen quite a bit but the tour included a guide and short walking tour. Our guide was amazing and started telling us all kinds of stories as we drove through the market area heading to where we had planned to park. The rain decided to return in full force so we opted to return to the ship and be content with what we saw driving through. I can’t believe how much we were able to do given how much it rained and our limited mobility. Ahmed and all of our guides were so kind and helpful, I heartily recommend this tour! ",en-gb,5.00,,t,viator,,Judi_K,"",,,,1409,APPLICATION,2026-09-08 11:02:19.203776+05:30,,,f
PRpYPlqZuhB1,RSCXNYDx5rOS,2023-11-07 05:54:30+05:30,"Sowohl der Fahrer als auch die Guides waren soweit in Ordnung. Die Abholung erfolgte überpünktlich. Allerdings muss ich Abstriche machen. Reserviert hatte ich eine deutschsprachige Führung. Erst kurz vor Abholung erfuhr ich, dass nicht alles auf deutsch erfolgt. Ok. Ich bewundere die Menschen, die unsere Sprache beherrschen. Aber ich muss sagen, dass ich den Guides in Stown-Town nicht gut verstanden habe. Im Jozani-Park war die Führung auf englisch 🤷🏻‍♀️. Auf der Gewürzfarm dann wieder auf deutsch. Und die hat mir wirklich gefallen. Der junge Guide vor Ort sprach auch richtig gut und war kurzweilig. Jetzt leider zu dem, was ich wirklich nicht in Ordnung fand. Es gab weder Wasser im Auto noch wurde mir in Stone-Town die Möglichkeit gegeben, zu Mittag zu essen. Offensichtlich war dies nicht eingeplant. Ok, ich hatte nicht danach gefragt, aber ich dachte auch, dass das dann noch kommt, allerdings waren wir am Ende auf dem Weg zum Fahrzeug und die Gelegenheit war vorbei. So etwas muss man aber auch nicht anfragen, meines Erachtens. Das muss mit eingeplant sein! 
Und wie meine Vorgänger hier schon angemerkt haben; 143€ für eine Person ist schon richtig viel Geld. Dafür sollten die Eintrittsgelder inbegriffen sein. Jedoch musste alles zusätzlich bezahlt werden. Wenn ich den Ablauf gekannt hätte, dann hätte ich mir einfach ein Taxi gebucht. Anbieter gibt es genug. Einfach auch mal im Hotel die Angestellten fragen. Insofern kann ich diesen Anbieter von meiner Seite aus nur bedingt empfehlen. ",de,3.00,,t,viator,,Heike_L,"",,,,1410,APPLICATION,2026-09-08 11:02:19.210418+05:30,,,f
PRPzk7fAmt8i,RSgtLPvnuoD9,2026-04-29 17:18:18+05:30,"This is more of a group activity. If you don’t have a group, you should cancel the class. It’s a lot “gratuities” at every turn. After the spice tour and singing coconut harvest - “This is the portion of the tour where gratuities are greatly appreciated. “ I felt pressured to comply.” The cooking part…chopping up vegetables with dull knife? The girl looked bored and tired as did the vegetables. They were not excited or friendly towards me. The other “cook” talked on her cell phone and tour guide stayed close to ensure that “gratuities were appreciated” at this portion of the tour as well. I don’t do passive-aggressive behavior towards me. I asked for the driver to take me back to my hotel. Explaining to them would have been a waste of energy, breath, and time. I could have used that $60 on a seafood platter. By the way, they were very animated and interactive with white visitors ( not surprised).",en-us,1.00,,t,,alone,Cheryl,us,,,,1411,APPLICATION,2026-09-08 11:02:19.215586+05:30,,,f
PRPzk7fAmt8i,RS9hBaCzXTbh,2026-04-21 23:44:36+05:30,"Generally a nice trip but found it a bit annoying that everyone on the tour had a tip box, 10 in total. So have plenty of small bills available. Not always easy to obtain. Cooking the food was fun.",en-gb,3.00,,t,,family,STEPHEN,gb,,,,1412,APPLICATION,2026-09-08 11:02:20.980428+05:30,,,f
PRPzk7fAmt8i,RSHJHtqIpZ23,2026-02-10 06:54:25+05:30,"I appreciated the hotel pick up and transport to the spice farm. The tour of the spice farm was excellent and informative. There were ample samples of leaves and products to observe, smell, and/or sample. The staff was knowledgeable and answered questions willingly. There was time buy products and spices at the end of the tour. The cooking class was more of an exposure to how African foods are prepared. I assisted in preparing foods to be cooked for a complete lunch. However, I did not find the skills transferable to home cooking.",en-us,5.00,,t,,alone,MARY JANE,us,,,,1413,APPLICATION,2026-09-08 11:02:20.984131+05:30,,,f
PRPzk7fAmt8i,RSdeMxWVnfNO,2026-01-30 12:39:41+05:30,"Une visite extraordinaire, des arbres à épices jamais vus.Un guide en français parfait(Jean Bosco) et un cours de cuisine super et très bon.Je recommande ++",fr,5.00,,t,,friends,Yasmine,fr,,,,1414,APPLICATION,2026-09-08 11:02:20.987688+05:30,,,f
PRPzk7fAmt8i,RSmRXpIltSHj,2025-05-23 10:49:23+05:30,It was amazing experience and the tour guide (amina) was fantastic,en-gb,5.00,,t,,alone,Suliman,sd,,,,1415,APPLICATION,2026-09-08 11:02:20.991281+05:30,,,f
PRPzk7fAmt8i,RS33C2rUHjlc,2024-12-02 19:35:14+05:30,Friendly and knowledgeable tour guide. Very nice cooks! Very friendly transport group!,en-us,5.00,,t,,family,Anne katrine,tz,,,,1416,APPLICATION,2026-09-08 11:02:20.995949+05:30,,,f
PRPzk7fAmt8i,RSkhhaSoIlHU,2024-09-24 05:27:31+05:30,"The tour was very informative. The food was fabulous. We were disappointed that we were not more involved with the actual Cooking process. We chopped vegetables, then watched the actual meal preparation. Also, we were not aware that we were expected to tip each person individually at each stage of the tour (ie. Coconut climber, crown weaver, cooking instructors, fruit/Tea guy). We were told by our guide that coconut guy and weaver expected a tip. It would be helpful to tip the tour guide and have him/her share tips with everyone. This practice put a bit of a damper on the experience, since we already paid a lot for the tour.  ",en-gb,4.00,6,t,viator,,Crystal_K,"",,,,1417,APPLICATION,2026-09-08 11:02:20.99988+05:30,,,f
PRPzk7fAmt8i,RST9ravz83pN,2024-08-06 19:42:38+05:30,We made our own rice pilau - and it was the best rice pilau I ever had! I now appreciate all the work that goes into making it. I learned a lot about how the spices grow in the spice farm tour before the cooking class. Highly recommended. The guide Amina was great!,en-gb,5.00,1,t,,alone,Danny,ca,,,,1418,APPLICATION,2026-09-08 11:02:21.003404+05:30,,,f
PRPzk7fAmt8i,RSMLrO3bC0BW,2024-06-24 23:50:08+05:30,I learnt a lot about different spices and herbs and fruits as well. The cooking class taught me a lot of which I cook when I get home.,en-gb,5.00,,t,,alone,,,,,,1419,APPLICATION,2026-09-08 11:02:21.006567+05:30,,,f
PRPzk7fAmt8i,RS6ooOdsIzig,2024-04-04 00:08:30+05:30,"Po prohlídce farmy jsem se zapojila do přípravy oběda v polních podmínkách - bez jakýchkoliv pomůcek kromě jednoho velkého nože. Návrat desítky let zpět. Kuchařka byla dobrá učitelka a výsledný '"pilau'" byl vynikající.",cs,5.00,,t,,friends,Sylva,cz,,,,1420,APPLICATION,2026-09-08 11:02:21.009727+05:30,,,f
PRPzk7fAmt8i,RSJgFNJWodwK,2026-03-23 16:49:52+05:30,,,5.00,,f,,family,Lindiwe,za,,,,1421,APPLICATION,2026-09-08 11:02:21.013022+05:30,,,f
PRQCjEASOUHk,RSxt0Cb3QO4O,2026-05-18 19:18:58+05:30,"The hosts of this tour (many involved) try very hard to make the tour informative and fun.  The main guide (for us Chiquita) was on top of his game and he was willing to spend as much time as necessary to allow us to learn about the plants rewarding us with high fives when we managed to successfully identify them. He was ably assisted by a young trainee who was one step ahead in collecting the necessary leaves, fruit and roots.  This same young man produced woven baskets, crowns and necklaces for take home treats. 
The cookery lesson was organized by Haitham.  It was not really a cooking lesson but we were allowed to be hands on during the procedure accompanied by the team singing with great energy. Later the food she prepared for lunch was delicious.  We also sang while a young man sprinted up a tree with great strength and ability.  
We were delighted when we realized a group of colobus monkeys were in the surrounding trees. This Union spice farm is  part of a community project and tourism is essential to the livelihood of the local people.
There is an opportunity to buy locally made toiletries and also bags of spice.  Also, we wanted to tip the team members who had made the days so enjoyable.  Before you go make sure you have the means to do this.",en-gb,5.00,,t,viator,,rachelclayton1,"",,,,1427,APPLICATION,2026-09-08 11:02:21.034603+05:30,,,f
PRQFvgR3cH4X,RSdJOWUwbdk0,2026-03-03 13:25:00+05:30,Personnel au top! Petite balade sympa pour voir Stone Town depuis la mer,fr,4.00,,t,,alone,CORINNE,fr,,,,1428,APPLICATION,2026-09-08 11:02:27.5065+05:30,,,f
PRQFvgR3cH4X,RSEGNtUXt2iX,2025-12-25 19:38:00+05:30,,,3.00,,f,,,,,,,,1429,APPLICATION,2026-09-08 11:02:31.524748+05:30,,,f
PRQgsXl4uBwd,RSz2kfp12XKB,2025-09-26 07:46:22+05:30,"I highly recommend this transfer service to The Rock Restaurant. Our driver, Omar, was on time and at our pickup point, waiting for us at the scheduled time. This service is worth every penny, especially if you’re staying on the north part of the island as the ride is almost 2 hours one way. This company waits for you while you enjoy dinner at The Rock Restaurant and will take you back to your destination. We felt safe the entire time.",en-gb,5.00,,t,viator,,Starling_B,"","Thank you Starting for your positive feedback, we welcome you again to use our services. ",en,2025-09-27 17:35:39+05:30,1430,APPLICATION,2026-09-08 11:02:31.529975+05:30,,,f
PRQgsXl4uBwd,RSZA5wVj5YBM,2025-02-13 19:20:32+05:30,"Viator charged me 141 pounds for the restaurant. In the end, it turned out that they didn''t reserve a place at all and the exorbitant fee was for the transportation only. Shame!!!",en-gb,1.00,,t,viator,,Benny_T,"","Thank you Benny T for your feedback,  after booking this experience i give call you and explain to you this booking is only transport go and return and i ask you if you are already made reservation at the restaurant and you said yes you made reservation but the issue is you didnt read the information on the product. but is better before you book anything you have to read line by line to understand what is offered and what included and what is not included to avoid any  inconvenience in future booking.",en,2025-03-06 06:59:52+05:30,1431,APPLICATION,2026-09-08 11:02:34.196349+05:30,,,f
PRQgsXl4uBwd,RS9klVIwG80Q,2024-10-29 11:05:20+05:30,"A MUST if in Zanzibar The food is amazing. The views are breathtaking and the staff is top notch I can’t say enough about this place 
",en-gb,5.00,,t,viator,,ERita_S,"",,,,1432,APPLICATION,2026-09-08 11:02:34.20148+05:30,,,f
PRQgsXl4uBwd,RSnhpeD4nGwC,2024-02-19 06:55:14+05:30,"We had a great time. Our driver picked us up on time and took us back to our Ship with no problems.  The Rock restaurant was great, both the food and the service were excellent. The Restaurant lived up to our expectations, both the Setting and the Decor once inside are something special. We were really glad that we made the effort to go.",en-gb,5.00,,t,viator,,Roberta_B,"",,,,1433,APPLICATION,2026-09-08 11:02:34.206498+05:30,,,f
PRqKMGlqrdsY,RSKaXTBoE0PW,2026-07-18 12:05:11+05:30,"Such a fantastic experience! The tour company provides basically a private driver to coordinate with Jozani and the spice farm, but the tours themselves are conducted by a Jozani forest ranger and spice farm guide, respectively. We saw so many monkeys up close and the park ranger was so passionate about conservation of the forest and mangroves. The paths and bridges were well maintained and easy to walk on. The spice farm tour guides were so kind and friendly! There was no real pressure to purchase anything - if you say no they move on. Some haggling is necessary on the spices if you’re interested in purchasing but that’s par for the course in Zanzibar. Would definitely recommend!",en-gb,5.00,,t,viator,,Elizabeth_L,"",,,,1434,APPLICATION,2026-09-08 11:02:34.210808+05:30,,,f
PRqKMGlqrdsY,RS5K3g1LbG2w,2025-03-31 15:58:35+05:30,"Excellent tour!! Our driver was prompt and courteous. The guide at Jozani was very knowledgeable and interesting. The spice tour was also exceptional. Lots of great information, they served us a delicious lunch and we finished the tour with tons of fresh fruit. Can’t recommend this tour enough!",en-gb,5.00,,t,viator,,Donn_G,"","Thank you so much for your wonderful review! We’re thrilled to hear you had an excellent experience with us. It’s great to know that our driver, the knowledgeable guide at Jozani, and the exceptional spice tour made your day special. We’re especially glad you enjoyed the delicious lunch and fresh fruit! Your kind words and recommendation mean a lot to us. We hope to welcome you back for more adventures in the future!
Best Regards Pongwe Tours.",en,2025-04-12 09:10:38+05:30,1435,APPLICATION,2026-09-08 11:02:39.588006+05:30,,,f
PRqKMGlqrdsY,RScNh7B7GMkc,2024-10-13 02:44:26+05:30,"It was beautiful to walk in a red mahogany forest and to see the red colobus monkeys in their habitat. 
The spice tour was fun and incredibly informative! ",en-gb,5.00,,t,viator,,Laurie_M,"","“Thank you so much for sharing your experience! We’re thrilled to hear that you enjoyed the serene beauty of the red mahogany forest and the rare opportunity to observe the red colobus monkeys in their natural habitat. It’s wonderful that the spice tour was both fun and informative—our guides love showcasing Zanzibar’s unique flavors and history. We hope to welcome you back soon for more unforgettable adventures!”

Best Regards Pongwe Tours ",en,2024-11-01 19:26:06+05:30,1436,APPLICATION,2026-09-08 11:02:39.593072+05:30,,,f
PRqKMGlqrdsY,RSQjkgb0CEv0,2024-02-12 12:48:53+05:30,"Our driver was very nice, picked us up and drove us around to both experiences. Our guide at the spice farm was extremely friendly making jokes, telling stories and asking for tips like everyone does around here. The Jozani forest was very interesting and exotic and we met a lot of monkeys.",en-gb,5.00,,t,viator,,Ognyan_Z,"","Dear customer! Welcome back to Zanzibar, we highly appreciate your nice time you shared with us ,we can’t wait to see once again here ,
Thanks a lot Karibu Sana !",en,2024-02-24 19:02:54+05:30,1437,APPLICATION,2026-09-08 11:02:39.597039+05:30,,,f
PRqMVEiN8qhw,RSgJtDMNxocs,2024-07-10 07:04:53+05:30,"Ali was very knowledgeable and gave me a good historical overview of Zanzibar and took me to the major sights around Stone Town. Especially enjoyed the visit to Darajana market 
Would recommend this tour & best to do it as soon as you arrive to get your bearings. ",en-gb,4.00,,t,viator,,Vicki_W,"",,,,1438,APPLICATION,2026-09-08 11:02:39.609878+05:30,,,f
PRqNAUKkDh3W,RSVtJz5R1yvI,2026-07-22 17:54:21+05:30,This was a great experience. I enjoyed it very much however it was very long. It says to arrive by 9 but it didn’t start until 10. The website says it’s 4 hours so I arranged to be picked up at 1pm but it didn’t end until 3. I recommend allotted extra time for the activity. ,en-gb,4.00,,t,viator,,Bari_P,"",,,,1439,APPLICATION,2026-09-08 11:02:43.705618+05:30,,,f
PRqNAUKkDh3W,RSOtFaU9pVGl,2026-05-29 19:08:24+05:30,Great experience. I felt like I was with family. The food and company was amazing.I highly recommend.,en-gb,5.00,,t,viator,,Arlana_S,"",,,,1440,APPLICATION,2026-09-08 11:02:45.006665+05:30,,,f
PRqNAUKkDh3W,RSjOzZaYKhSf,2025-12-31 06:47:59+05:30,"Just amazing.  So sweet, welcoming and 100% authenticate. Oh and the food was better than any restaurant food you can get.  Cooked with love and kindness. 

We took our 13 year old son and 17 year old daughter. Both loved it and would definitely do it again. ",en-gb,5.00,,t,viator,,Michael_B,"","Asante sana, Michael, for such kind and heartfelt words.

We’re so happy you felt the warmth, authenticity, and love that goes into everything we do — and yes, food cooked with love always tastes better. It truly means a lot to us that your son and daughter enjoyed the experience as well. Sharing this day with families and seeing young people connect with our culture makes it even more special.

Thank you for being part of Mamas of Zanzibar. From me and all the Mamas, we are genuinely grateful and would love to welcome you again anytime.

Maskat",en,2026-01-12 05:52:27+05:30,1441,APPLICATION,2026-09-08 11:02:45.011539+05:30,,,f
PRqNAUKkDh3W,RSZJ5pGspqdo,2025-09-22 10:37:43+05:30,"Fantastic down to earth experience with these lovely ladies. Beautifully clean cooking school, with great info and food. Highly recommend to everyone",en-gb,5.00,,t,viator,,Kathryn_P,"","Thank you so much for your wonderful review!

We’re thrilled you enjoyed the experience and felt the warmth of the Mamas. It means a lot that you appreciated the cooking experience, the food, and the chance to learn more about our culture. Your visit also directly supports the Mamas and their families, and for that, we are truly grateful. You’re always welcome back!

Maskat",en,2026-01-12 05:58:12+05:30,1442,APPLICATION,2026-09-08 11:02:45.015257+05:30,,,f
PRqNAUKkDh3W,RSxKgMHhtt1T,2025-09-19 14:55:08+05:30,"Today we were fortunate enough to dive into the local culture! We spent the day with the mamas of Zanzibar. We were dressed in the traditional Hajib, went shopping at the local market, and then spent the day preparing and cooking a meal in their home, using their traditional kitchen appliances! Best experience ever, wonderful ladies! It doesn’t matter where you’re from, what color you are, or what language you speak…. When a bunch of women get together, we are just that a bunch of women! We were laughing and joking, and teaching each other our languages. ❤️ it was an honor to spend the day with these beautiful women. ￼",en-gb,5.00,,t,viator,,rchudenko,"",,,,1443,APPLICATION,2026-09-08 11:02:45.019199+05:30,,,f
PRqNAUKkDh3W,RSsJxjTqKtak,2025-08-25 14:44:16+05:30,"I had such a beautiful experience with the Mamas of Zanzibar. 
It’s more than just food – it feels like being welcomed into someone’s home. Attention to details, quality of services, and conversations, a story of empowered women who happen to make dishes that are full of flavor, cooked with so much love, and you can taste the tradition in every bite. What stood out most was the warmth of the women behind it all – kind, genuine, and so passionate about sharing their culture. Thank you, Maskat, Salma, Asyah, and all of the lovely women who hosted us 💗 

If you’re in Zanzibar and want to experience authentic food made with heart, this is where you should go. It’s soulful, delicious, and unforgettable.",en-gb,5.00,,t,viator,,Huda_S,"","Thank you so much for this beautiful review! 

We’re overjoyed that you felt the warmth, love, and passion of the Mamas of Zanzibar. You captured perfectly what we hope every guest experiences — a true feeling of being welcomed into our homes, sharing stories, laughter, and traditions along with the food. 

Even more meaningful is that your visit directly supports the Mamas and their families, helping empower these incredible women every day. From me and all the Mamas, we are genuinely grateful for your time, your energy, and your kind words.

We hope to welcome you back soon for more laughter, cooking, and soulful memories!

With gratitude,
Maskat",en,2026-01-12 06:03:40+05:30,1444,APPLICATION,2026-09-08 11:02:45.022558+05:30,,,f
PRqNAUKkDh3W,RSDq2V51zdGF,2025-06-09 13:23:48+05:30,"This is so much fun! The mamas are so sweet and hospitable. I can’t imagine another cooking class in Zanzibar even comparing to this one. Fabulous experience. 100% recommend! 

Note: Following the google address on Viator will not take you to the place - so it is best to follow the written directions!! ",en-gb,5.00,,t,viator,,Allison_R,"","Hello Allison,
Thank you so much for your enthusiastic review! We’re thrilled you had such a fun and memorable time with the Mamas. Your recommendation means a lot to us!

For future guests, we suggest using Google Maps for the most precise location. Please look out for the red gate and wait there at 9am sharp, where we will come to collect you. This helps ensure a smooth and easy start to your amazing cooking experience!

Looking forward to welcoming many more wonderful guests soon!

Warm regards,
Maskat",en,2025-07-04 22:30:35+05:30,1445,APPLICATION,2026-09-08 11:02:45.052669+05:30,,,f
PRqNAUKkDh3W,RSQh9ieLH1FQ,2024-10-07 19:36:35+05:30,I would travel far and wide to experience this tour again. Maskat and the mamas made me feel like family. ,en-gb,5.00,,t,viator,,Nicole_H,"","Thank you Nicole for taking time to write us your review. 

It was a great day with us too , and will be waiting whenever you do get the chance to visit again :) 

Karibu sana 

Maskat and The Mamas 
xxx",en,2024-10-23 20:51:28+05:30,1446,APPLICATION,2026-09-08 11:02:45.056285+05:30,,,f
PRqNAUKkDh3W,RSm6IBgDMiOF,2024-09-25 20:35:57+05:30,"We had a fabulous morning with marvellous mamas, so friendly and welcoming. We shopped at the market for our ingredients then all prepared the most delicious meal. If you’re considering booking, do it! You won’t regret it! ",en-gb,5.00,,t,viator,,samantha_M,"","Hi Samantha :) 

We are very happy to read that you had a fabulous day with us at our home. Zanzibar is beautiful, but the magic spark of it all is the hospitality of the local people am glad you enjoyed the morning with us. 

Thank you for visiting and having a meal with us. ",en,2024-10-23 20:55:13+05:30,1447,APPLICATION,2026-09-08 11:02:45.064189+05:30,,,f
PRqNAUKkDh3W,RSL7xuc5LAfH,2024-09-22 13:59:53+05:30,"The Mamas of Zanzibar Cooking Experience was absolutely incredible from start to finish. From the moment we arrived, everyone was so warm and welcoming, making us feel like part of their community. The day started with a walk to the local market, which was such an authentic experience. We picked out the freshest ingredients, learning about the local produce as we went along. 

What made the experience even more special was returning with the mamas to actually prepare the food ourselves. They were so patient and knowledgeable, guiding us step-by-step through traditional Zanzibar recipes. Along the way, they shared their personal stories and the rich history of their culture, adding so much depth to the experience.

The food we made was beyond delicious—flavorful, vibrant, and authentic. I can''t express enough how amazing it felt to be a part of this. I would recommend this 1,000 times over to anyone who loves food, culture, and unique experiences. Truly unforgettable!",en-gb,5.00,,t,viator,,DeAnna_H,"",,,,1448,APPLICATION,2026-09-08 11:02:45.073189+05:30,,,f
PRqNAUKkDh3W,RScLXOdLujzk,2024-09-03 11:48:05+05:30,"A great story of how the Mama’s of Zanzibar started. It was also the best meal we had on our trip. Overall, a fantastic experience. ",en-gb,5.00,,t,viator,,william_d,"",,,,1449,APPLICATION,2026-09-08 11:02:45.076466+05:30,,,f
PRqNAUKkDh3W,RStPd1RAbb33,2024-07-09 19:12:33+05:30,"What a fun culinary experience this was. 
The Mamas were such a joyous bunch of ladies. I enjoyed every minute & great insight into local life plus the food was delicious. 
Would totally recommend this tour the best tour i did during my stay in Stone Town. ",en-gb,5.00,,t,viator,,Vicki_W,"","Dear Vicki, 

Thank you so much for your wonderful review! We are thrilled to hear that you enjoyed your experience with the Mamas. We also did from the market to peeling the green Bananas. 

It was lovely welcoming you to our homes, introducing you to our culture and sharing a meal with you.

I hope you enjoyed the rest of your holiday in Zanzibar, and thank you for spending some of it with us. 

Asante sana, 

Maskat ",en,2024-07-15 05:27:02+05:30,1450,APPLICATION,2026-09-08 11:02:45.080181+05:30,,,f
PRqNAUKkDh3W,RSS5BkzZHwFV,2026-08-21 21:11:28+05:30,,,5.00,,f,,,,,,,,1451,APPLICATION,2026-09-08 11:02:45.09815+05:30,,,f
PRQPonap4iyl,RSKE97Egy55F,2025-02-09 07:02:12+05:30,"Go there, plant a magrove tree! Best tour with Arsheen and Team. Not only a tour, also learn a lot about Mangrove. Verry good equipment.",en-gb,5.00,,t,viator,,Markus_D,"",,,,1452,APPLICATION,2026-09-08 11:02:45.10198+05:30,,,f
PRQPonap4iyl,RSKyMaFOiBq3,2025-01-22 08:03:44+05:30,"We enjoyed a tour of a special nature site while experiencing SUP paddling.
We received training in SUP paddling and went on a nature tour with accompanying guides. ",en-gb,5.00,,t,viator,,Oded_S,"",We are happy to hear that you enjoyed your tour. Thanks for choosing us and we hope one day to see you on the water again! ,en,2025-10-17 19:16:15+05:30,1453,APPLICATION,2026-09-08 11:02:47.82618+05:30,,,f
PRQRjz869juK,RSjBIt6LPnhW,2025-10-23 21:23:30+05:30,"If you want an all inclusive tour that gives you a little bit of everything Zanzibar in single full day adventure, this is your tour and Abdul is your guide. This was an amazing view of so many different parts of Zanzibar. We visited a lovely rural village with beautiful and inviting people living together happily and peacefully. They welcomednua with open arms, shared their food with us and showed us how they sustainably farm to live. The kids played games with us and sang songs that we''re still humming weeks later. We got a spice tour and learned all about the local agricultural products and event went to the markets frequented by locals which gave us a true glimpse into the Zanzibarian lifestyle. We finished the tour in Stone Town and got a chance to talk to more natives, shop for souvenirs and even had a delicious authentic lunch. Our tour guide Abdul was the best we  could have ever hoped for. He spoke English very well and even taught us some words in Swahili. He was knowledgeable, informative and funny as all get out. He was also very flexible and accomodating when it came to seeing additional sights. This was the best tour we had on our vacation! Thanks again Abdul!",en-gb,5.00,,t,viator,,Ellis_H,"",Thank you for everything to gave us some review we are so happy welcome back zanzibar hakuna matata ,en,2025-12-06 20:07:21+05:30,1454,APPLICATION,2026-09-08 11:02:47.830988+05:30,,,f
PRQrWtGHZ2fd,RScuxhHtOxZz,2025-06-08 18:40:49+05:30,"Amazing tour today with our fantastic tour guide Abu (Abubakar) to a community-owned spice farm just outside of Stone Town. We had a brilliant time learning about the history of spice farming in Zanzibar, how certain spices are grown and harvested, got to guess which spice was which by the smell of each plant and seed, and even received a lovely surprise at the end of a handmade gift from our spice farm guide Saïd! We returned to Stone Town, and we were able to talk about what we had already done, and what else we would like to do, and Abu was really helpful in mentioning other places we might like to visit. Abu kept it really exciting and engaging throughout, and we even stopped for some delicious Swahili food for lunch. Thank you Abu! 10/10!",en-gb,5.00,,t,viator,,Chris_G,"",,,,1455,APPLICATION,2026-09-08 11:02:48.970164+05:30,,,f
PRQSajCXIy7N,RSIDKLdHMS30,2025-10-29 05:18:04+05:30,"Erick was an amazing guide. we had a wonderful time. This tour is very safe and super fun for families. The snorkeling was fun with loads of different fish and sea life. The seafood lunch was indeed a feast and so delicious! Erick and his team made us feel safe, gave great insight to the history of Tanzania and provided a great atmosphere of fun. Would highly recommend this one. ",en-gb,5.00,,t,viator,,Leslie_A,"",Thanks ,en,2025-10-30 14:19:29+05:30,1456,APPLICATION,2026-09-08 11:02:51.901568+05:30,,,f
PRr3X9vYHdiQ,RS5lpXCmcRYq,2025-10-12 11:10:15+05:30,"I cannot express how grateful we are for the incredible service we received from our private taxi driver who transformed into our personal tour guide during our entire stay in Zanzibar. From the moment we arrived, he exhibited the highest level of professionalism, friendliness, and an extensive knowledge of Zanzibar’s rich culture and history.

He recommended specific tours that allowed us to explore the breathtaking beauty of the island. Each excursion was thoughtfully curated, showcasing everything from the stunning beaches to the vibrant markets and historical sites. His insights made our visits not only enjoyable but also incredibly enriching, allowing us to connect with the local culture in a meaningful way.

Every day spent with him was filled with laughter, fascinating stories, and unforgettable memories. His passion for Zanzibar was evident, and it truly enhanced our experience.

I wholeheartedly recommend his services to anyone planning a visit to Zanzibar. If you want the best driver around who knows all the hidden gems of the island, look no further! We will definitely be referring him to our friends and family members who plan to visit in the future. Thank you Omar Jumasimba for making our trip AMAZING! ",en-gb,5.00,,t,viator,,Lynda_S,"",,,,1457,APPLICATION,2026-09-08 11:02:53.228911+05:30,,,f
PRrBX7W5k8pj,RSlRpokCvCm1,2025-03-20 11:09:03+05:30,Take water with you. The tour was very interesting and informative. Our heart broke for the slaves that horrible time in history. Both our guides had the information required. All our questions were answered clearly. Prison island was very interesting also. To see the good work of the preservation of these ancient creatures is a great thing Zanzibar is doing. Hopefully they can be released into the wild one day. ,en-gb,4.00,,t,viator,,Sharon_G,"",,,,1458,APPLICATION,2026-09-08 11:02:58.44461+05:30,,,f
PRrd8J5vL7Md,RStAynCeplda,2025-10-17 18:54:02+05:30,"The taxi came on time and welcomed me friendly. Hassan and Yunus (the guide) took me first to the Mnemba Island. We could see some dolphins, but the Waves were kinda high, so I didn''t dare to swim with them.
The next stop was the rock (beach with some nice Landscape), where I took some photos and then we left for the 3rd stop.
This was the Kuzu Cave, an astonishing place with a Long history. YOu can also swim in the water, but it is kinda dark.

The 4th stop was the Yozani Forrest, where we spoted some blue and red Monkeys. We observed them for a while and then headed over.
As the tour was already over and I wasn''t too much interested in other sights, the driver took me to my Ferry in Stone Town.

Yunus and Hassan were both friendly and attentive as well, so I can highly recommend to book with them.

Hint: If you want to have a drop-off at an another place, then just message with the agency, as they could arrange something for you.",en-gb,5.00,,t,viator,,Rafe_Y,"",thank you for support,en,2025-11-06 12:25:02+05:30,1459,APPLICATION,2026-09-08 11:03:09.235797+05:30,,,f
PRrH3dYdW6Xv,RSyAhRlutwiR,2026-02-02 17:18:45+05:30,"I was initially skeptical as the word Airport was spelt incorrectly however the transfer came earlier than requested, which allowed on-time transfer, vehicle was clean, driver very friendly and fluent in English which aided communication. Thank you, will definitely book again on my return.",en-gb,5.00,,t,,alone,,,,,,1460,APPLICATION,2026-09-08 11:03:12.574744+05:30,,,f
PRRo5X2nr4vb,RSEcjxHS32PT,2024-11-18 21:53:10+05:30,"A fantastic tour! We learned so much with Maulid about the history of Stone Town and Zanzibar. We went to some key sites, as well as some off the tourist path which was great. I especially enjoyed being guided through the local markets and through the winding maze of streets in town. Highly recommend! ",en-gb,5.00,,t,viator,,Robin_G,"",,,,1461,APPLICATION,2026-09-08 11:03:16.456194+05:30,,,f
PRRo5X2nr4vb,RSLgngSz22g6,2024-05-08 18:16:40+05:30,Maulid est passionné et cela se ressent dans sa manière de nous raconter l’histoire de la ville. Je recommande vivement!,fr,5.00,,t,viator,,Sarah_B,"",,,,1462,APPLICATION,2026-09-08 11:03:19.357842+05:30,,,f
PRrQbF6tpbJj,RS03yqj7FTVt,2026-01-22 11:16:19+05:30,"Mohammed took us on a wonderful tour of Stonetown and the neighboring area, he has a fantastic delivery and great knowledge. He was on time and easy to find, thoroughly enjoyed this tour.Would highly recommend!",en-gb,5.00,,t,viator,,Jone_D,"",,,,1463,APPLICATION,2026-09-08 11:03:19.363155+05:30,,,f
PRrQbF6tpbJj,RSYPSLOMUukZ,2026-08-09 23:58:02+05:30,,,5.00,,f,,family,,,,,,1464,APPLICATION,2026-09-08 11:03:21.826056+05:30,,,f
PRRURFWFBc1Q,RSHldjwVnCrb,2026-08-31 01:19:33+05:30,"Der Fahrer ist früher gekommen und hat mich im Hostel abgeholt. Auf dem Weg hat er nicht viel gesprochen und ich war sehr dankbar dafür. Wir sind schnell und sicher an Flughafen angekommen. Leider konnte ich ihm kein Trinkgeld geben, weil ich am Tag zuvor beklaut wurde und genau aus diesem Grund habe ich Taxi per Booking gebucht und per PayPal bezahlt.",de,5.00,,t,,alone,,,,,,1465,APPLICATION,2026-09-08 11:03:21.831361+05:30,,,f
PRRURFWFBc1Q,RSt07UNvKEex,2026-08-24 19:01:31+05:30,We had a delay but our driver was still waiting and brought us safe to our hotel. Great service!,en-gb,5.00,,t,,family,,,,,,1466,APPLICATION,2026-09-08 11:03:32.260709+05:30,,,f
PRRURFWFBc1Q,RSkIs4wqJPGL,2026-07-28 21:56:34+05:30,20US$ pour un taxi aéroport - Stonetown alors que les prix des taxis officiels de l’aéroport sont affichés à 15US$. Chauffeur avec 15 à 20 minutes de retard. Le chauffeur demande ensuite 1000 shilling pour payer le parking de l’aéroport. Expérience très décevante,fr,1.00,,t,,alone,,,,,,1467,APPLICATION,2026-09-08 11:03:32.264956+05:30,,,f
PRRURFWFBc1Q,RSVrON3VM8wg,2026-06-15 00:27:44+05:30,Driver was very professional and on time. Arrived 15 minutes early and waited for us patiently. Newer van and very comfortable with ice cold AC. ,en-gb,5.00,,t,viator,,Elza_C,"",,,,1468,APPLICATION,2026-09-08 11:03:32.268869+05:30,,,f
PRRURFWFBc1Q,RSuMTMrbs1jb,2026-05-06 21:05:14+05:30,7,en-gb,5.00,,t,,partner,Gerhard,"",,,,1469,APPLICATION,2026-09-08 11:03:32.272531+05:30,,,f
PRRURFWFBc1Q,RSAaxKdAnIVx,2026-02-22 22:59:45+05:30,All is good and driver is kind,en-gb,5.00,,t,,family,Iwona,"",,,,1470,APPLICATION,2026-09-08 11:03:32.276149+05:30,,,f
PRRURFWFBc1Q,RSrueVuOMfUB,2025-12-19 23:10:47+05:30,"Very professional, punctual, the courtesy was at the appointment. The driver is clean and quiet. I highly recommend",en-gb,5.00,,t,viator,,CarolineLaure_D,"",,,,1471,APPLICATION,2026-09-08 11:03:32.279604+05:30,,,f
PRRURFWFBc1Q,RSgk67ejWNIJ,2025-10-14 12:26:41+05:30,Airport transfer. I was picked up at the hotel on time and taken directly to the airport.,en-gb,5.00,,t,viator,,Mathias_S,"",,,,1472,APPLICATION,2026-09-08 11:03:32.283205+05:30,,,f
PRRURFWFBc1Q,RSVpHnswIL1h,2025-01-13 18:21:22+05:30,"O motorista ja tinha uma pessoa consigo no banco da frente.
Nao tivemos aguas como estava descrito no transporte ",pt-pt,3.00,,t,viator,,Marcio_C,"","
'"Dear  Marcio
Thank you for taking the time to share your feedback. We sincerely apologize that your experience did not meet your expectations.
We understand your concern regarding the additional person in the front seat. He was a train driver accompanying our driver for training purposes, and we recognize that this was not communicated to you beforehand. We apologize for any discomfort or inconvenience this caused.
Regarding the water, we are truly sorry that it was not readily available as described. We do provide complimentary water in a cooler box, which is typically located behind the seats. Unfortunately, on this occasion, our driver neglected to inform you of its location. We understand this was a lapse in our usual service, and we regret the oversight.
We are taking your feedback seriously and will be reinforcing our communication protocols with our drivers to ensure that all passengers are informed of any additional personnel and that amenities like water are clearly pointed out.
We value your patronage and hope you will give us another opportunity to provide you with the high-quality service you deserve.",en,2025-03-03 19:34:59+05:30,1473,APPLICATION,2026-09-08 11:03:32.287216+05:30,,,f
PRRURFWFBc1Q,RSZL0C9eU2qK,2024-12-30 03:43:23+05:30,"We used this service to travel from the airport to our hotel in Nungwi. We were picked up on time in an air conditioned vehicle and delivered efficiently to our destination. The driver spoke English and answered our many questions about Zanzibar, including both about tourist attractions and more complex local politics. We also used the same service for another trip and for luggage storage while exploring on our own.",en-gb,5.00,1,t,viator,,Roman_K,"",,,,1474,APPLICATION,2026-09-08 11:03:32.291682+05:30,,,f
PRRURFWFBc1Q,RSPH0JeOBVqT,2024-03-04 11:28:10+05:30,"Used this company twice so far on holiday. Fantastic experience so far. Picked up from airport with our names on a board, helped with bags and provided water. 
Second trip all arrived on time, air conditioned cars. 
Great service. 
Thank you
",en-gb,5.00,,t,viator,,Jessica_B,"",,,,1475,APPLICATION,2026-09-08 11:03:32.295307+05:30,,,f
PRRURFWFBc1Q,RSsMoFo5jq9v,2026-08-21 00:24:03+05:30,,,4.00,,f,,alone,,,,,,1476,APPLICATION,2026-09-08 11:03:32.298912+05:30,,,f
PRRURFWFBc1Q,RSwRc6GGxn1E,2026-08-14 23:12:45+05:30,,,5.00,,f,,family,,,,,,1477,APPLICATION,2026-09-08 11:03:32.302475+05:30,,,f
PRRURFWFBc1Q,RSqv9Z3a06ck,2026-07-28 21:44:52+05:30,,,5.00,,f,,family,Marija,ch,,,,1478,APPLICATION,2026-09-08 11:03:32.306343+05:30,,,f
PRRURFWFBc1Q,RSJ8ky0riWmD,2026-07-19 18:00:29+05:30,,,5.00,,f,,,,,,,,1479,APPLICATION,2026-09-08 11:03:32.310294+05:30,,,f
PRRURFWFBc1Q,RSqwRgpIpfKo,2026-07-17 21:01:24+05:30,,,5.00,,f,,family,MAJORY,gb,,,,1480,APPLICATION,2026-09-08 11:03:32.313715+05:30,,,f
PRRURFWFBc1Q,RSH3NoqiCP7a,2026-07-09 17:58:20+05:30,,,5.00,,f,,,,,,,,1481,APPLICATION,2026-09-08 11:03:32.317531+05:30,,,f
PRRURFWFBc1Q,RSW6rBQZiQcA,2026-06-02 20:56:10+05:30,,,5.00,,f,,friends,,,,,,1482,APPLICATION,2026-09-08 11:03:32.321271+05:30,,,f
PRrW5GOu2Brq,RS3J7f3F0ST3,2026-07-12 19:14:58+05:30,"Thabit  (Cronixx) was our guide and cook. He prepared an excellent and delicious meal for us. He is very knowledgeable and kind. He made the experience exceptional!
Captain Ally, Captain Khamis and Abdullah our driver to the excursion were also very attentive and exceptional. 
This crews kindness, and charming aura is what made our trip memorble. So glad we chose this company for our all day Dhow experience in Zanzibar. 
Asanteni sana to all. ",en-gb,5.00,,t,viator,,PAMELA_P,"","Thanks for much for the trust in sailing with us and for taking the time to write this very kind review. We really appreciate it and it made the day for the whole team!
Have a wonderful rest of your time in Zanzibar and we hope to welcome you back on board with us in the future!",en,2026-07-13 13:31:08+05:30,1483,APPLICATION,2026-09-08 11:03:32.325075+05:30,,,f
PRukbsnDKmV2,RSUZmfjDUDCw,2025-08-02 06:19:31+05:30,Was a good day and all activities as per itinerary. Kuza cave was a wonderful experience. The guide was soft spoken and provided some good information. All in all a good experience. Fruit platter on boat was a nice treat!,en-gb,4.00,,t,viator,,Herman_D,"",,,,1517,APPLICATION,2026-09-08 11:04:57.873154+05:30,,,f
PRrW5GOu2Brq,RSuCRUSeegpp,2026-01-23 16:59:03+05:30,We were very welll taken care of. The food was the best I had. The captain & tour guide were wonderful as well,en-gb,5.00,,t,viator,,LaRhonda_M,"",Thanks so so much for trusting us with your booking and for taking the time to write this review. It makes us so happy to read your feedback and we hope to welcome you back on board with us in  the future!!! Many greetings from the whole team!,en,2026-02-06 16:08:16+05:30,1484,APPLICATION,2026-09-08 11:03:34.349328+05:30,,,f
PRs7Gq3oFLyr,RS736Il18v5B,2025-06-25 08:54:58+05:30,"The tour guide never communicated or arrived, took Money and disappeared on us we tried to communicate with him PLEASE ISSUE REFUND",en-gb,1.00,,t,viator,,Esra_A,"",,,,1485,APPLICATION,2026-09-08 11:03:34.355103+05:30,,,f
PRs7Gq3oFLyr,RSC1ojw6diH3,2024-10-16 14:21:26+05:30,"The entire experience and in particular the Fort, Slave Area and the Market.
Especially the amount of knowledge given to us by our guide Hassan.
He gave us a fantastic insight to the area and also about himself and family life.
Great communication skills and such a wonderful and memorable experience.
",en-gb,5.00,,t,viator,,NevilleR_C,"",Thanks for your time and I will always appreciate it and keeping in my mind to ,en,2024-10-17 14:52:59+05:30,1486,APPLICATION,2026-09-08 11:03:46.036899+05:30,,,f
PRs7Gq3oFLyr,RSEHjDrYeoSp,2024-09-16 21:42:19+05:30,Our guide was very knowledgeable and polite. He customized the tour to our requests and was not concerned if we took extra time or less time at certain points of interest.,en-gb,5.00,,t,viator,,Angela_T,"",My point is to do the best 👌 and thank you for everything ❤️ ,en,2024-09-17 14:51:04+05:30,1487,APPLICATION,2026-09-08 11:03:46.042344+05:30,,,f
PRsjbVBUn6Ot,RSMwaeonlj2D,2025-09-08 18:12:02+05:30,"Dhau Tour from Fumbe to Sandbank and Kwale. Downhill at low tide in mud only waist-high water with dinghy possible. Not recommended for physical limitations! Sandbar overflowing, but beautiful snorkel spot with many clownfish and starfish of all colors and sizes. 2. Snorkel spot very currenty. Kwale Island with well organized delicious seafood buffet. Hidden bay unfortunately only briefly navigable at high tide, therefore unfortunately not another snorkel spot. Return journey from Kwale under sail ended very suddenly, as a fastening of the rudder broke out. Hectic hauling in of the sail in quite strong wind and swell.. Exit catastrophically due to the flood again in waist-high water without a jetty very slippery. then we passed garbage dumps and a ruin through bushes to the road where the drivers were waiting for us luckily. Crew very anxious but there is significant need for improvement regarding the departure/return and the condition of the boats.",en-gb,4.00,,t,viator,,Anja_H,"",,,,1488,APPLICATION,2026-09-08 11:03:46.046997+05:30,,,f
PRsjbVBUn6Ot,RS8uBTc2qIUL,2025-07-26 22:01:20+05:30,"Not on western level of quality, way overpriced. Poor quality of amenities, also the food not up to par",en-gb,2.00,,t,viator,,Viktoria_N,"",,,,1489,APPLICATION,2026-09-08 11:03:54.122705+05:30,,,f
PRsjbVBUn6Ot,RSdf90aaaoer,2025-03-18 15:59:53+05:30,"Wunderbares Adventure, toller Ausflug. Es ging kurz nach 8 los. 9:30 Uhr war unser privates Shuttle am Treffpunkt. Dann ging’s los mit einen tollen Segelboot Richtung erste Insel. Auf der Sandbank hatten wir dann 30 Minuten zum  Schauen. Unbedingt Badesachen gleich anziehen , da der Aus- und Einstieg bis zur Brust im Wasser ist. Nun ging’s zur Hauptinsel. Hier wurden wir mit einem kleineren Boot übergesetzt. Es ging zum alten Baum und über die „Shoppingmeile“. Danach gab es leckeres Essen. Hummer, Garnelen, Fisch und Hühnchen. Zwischendrin gab es immer wieder Getränke und frisches Obst. Zum Abschluss ging’s zurück zur Schnorchelstelle. Davor haben uns eine Gruppe Delfine begleitet. Nach ca. 1h Schnorcheln ging’s zurück zum Ausgangspunkt. Die Crew war super und jederzeit ein guter Gastgeber. Diese Tour würden wir wieder machen.",de,5.00,1,t,viator,,Ronny_S,"",,,,1490,APPLICATION,2026-09-08 11:03:54.128352+05:30,,,f
PRSzhgynZVru,RSMQMQykhtQn,2023-12-24 09:00:43+05:30,"Le comportement et l’organisation de l’équipe après un passage pluvieux 
J’ai effectué une excursion identique l’année dernière mais pas avec vous (dont j’ai envoyé les photos ) et nous nous sommes aperçus de notre totale déception et nôtre colères.",fr,1.00,,t,viator,,Franois_B,"",,,,1491,APPLICATION,2026-09-08 11:03:54.132472+05:30,,,f
PRt1lzmZ90Dw,RSpbUriwta0V,2025-08-04 15:25:59+05:30,"All right. Elijah, very good guide with good explanations. All very nimble. Very interesting spice farm and in Jozani, immediately took us to see the monkeys.",en-gb,5.00,,t,viator,,Fredi_A,"",,,,1492,APPLICATION,2026-09-08 11:04:16.156007+05:30,,,f
PRt1lzmZ90Dw,RScufj9I6dFc,2025-07-21 17:12:44+05:30,We thought this was a private tour for all parts so we were surprised that we were put in a group at Jozani.  This made it difficult to enjoy because the one group of people did not stop talking the entire time which made it difficult to hear the guide and scared the animals away.  The spice farm was more enjoyable because we did have a private guide there.  We were disappointed in the selection of items to purchase at the spice farm.,en-gb,3.00,,t,viator,,Diane_O,"",,,,1493,APPLICATION,2026-09-08 11:04:16.978804+05:30,,,f
PRTXhibXPAVA,RSwAjDPgDJPL,2024-12-31 07:13:23+05:30,"Quick mixed bag tour. Although seeing all on one day is nice, quality of experience varies. Friendly driver who although kept us waiting for 45 minutes and delayed overall movement did get us litchis to make up for it. Too much of asking for tips for a little share of information with different guides. Nice day buy genuinely on the fence for value of money. ",en-gb,3.00,,t,viator,,Aveshni_N,"",,,,1494,APPLICATION,2026-09-08 11:04:16.983843+05:30,,,f
PRTXhibXPAVA,RSygINOJGYnD,2024-10-14 10:51:40+05:30,"From the Red Colobus Monkeys to the Mangroves and spice farm, this tour was amazing.  It was a long day and we were grateful that our host, Hamis, allowed us to postpone the Stone Town aspect of the tour until the following day.  Highly recommended",en-gb,5.00,,t,viator,,Virginia_B,"",,,,1495,APPLICATION,2026-09-08 11:04:37.082314+05:30,,,f
PRTXhibXPAVA,RS0CrGCVBUO0,2024-02-03 18:49:08+05:30,"We loved our driver, he was very nice knowledgable and helpful. It was great to see the monkeys, the spice farm provided interesting background information and a lovely walk. The setting for lunch in the middle of the jungle was outstanding and the food very tasty. The boat trip to prison Island was an adventure and not for the faint hearted. Stone town is a place full of interesting architecture and we enjoyed seeing it. ",en-gb,5.00,,t,viator,,GabrieleK_S,"","Thank you for your positive feedback! We''re glad you enjoyed the tour and found our driver knowledgeable and helpful. It''s great to hear that you appreciated the diverse attractions, including the spice farm, lunch in the jungle, the adventurous boat trip to Prison Island, and exploring Stone Town''s fascinating architecture. We hope to see you again for more memorable adventures!",en,2024-02-04 08:57:03+05:30,1496,APPLICATION,2026-09-08 11:04:37.086724+05:30,,,f
PRuCt0GjNDPQ,RSZdo141GSts,2026-06-29 18:10:38+05:30,We thoroughly enjoyed the private sunset dhow cruise and were very well looked after by the kind and thoughtful crew; would highly recommend.,en-gb,5.00,,t,,partner,,,,,,1497,APPLICATION,2026-09-08 11:04:37.090725+05:30,,,f
PRuCt0GjNDPQ,RSJr3hRhZnNf,2026-01-02 19:24:42+05:30,"Beautiful boat, and super friendly crew!",en-gb,5.00,,t,,partner,Jord,za,,,,1498,APPLICATION,2026-09-08 11:04:48.133332+05:30,,,f
PRukbsnDKmV2,RS4E8jd5H1SV,2024-09-15 15:51:22+05:30,"Very friendly driver and guide, flexible programme, nice mix of activities, comfortable vehicle. The guide''s knowledge was limited.",en-gb,4.00,,t,viator,,GOPALAKRISHNAN_V,"",,,,1534,APPLICATION,2026-09-08 11:04:57.93535+05:30,,,f
PRuCt0GjNDPQ,RSwFj542YtEE,2025-12-02 14:00:31+05:30,Wonderful crew. They were friendly and accommodating.  I'm happy they took pictures as it was a special anniversary.  They even surprised us with a cake!,en-gb,5.00,,t,viator,,Samantha_M,"","Many thanks 
We really appreciate the trust in us and for you to take the time to write this kind review.

Many thanks! We hope to welcome you back on board with us in the future again. Many greetings from the whole crew!",en,2025-12-04 17:15:09+05:30,1499,APPLICATION,2026-09-08 11:04:48.136885+05:30,,,f
PRufa2Xu8jWv,RSI3iG7ACh8a,2026-09-06 19:21:46+05:30,It was a very nice outing with my family. We had a great fun and the host and guide did very well,en-gb,4.00,,t,,family,,,,,,1500,APPLICATION,2026-09-08 11:04:48.140959+05:30,,,f
PRufa2Xu8jWv,RSJ1IjIQgeL3,2026-09-03 15:13:29+05:30,"Organització nefasta. Una hora de retràs. Al final ens van fer tornar per recollir dos més i omplir la barca, tot i que no eren part de l''excursió completa. Quan vam arribar a Isla Prison, el guia no portava prous diners per la confusió i vam haver d''esperar a que els hi feren arribar. Per tot aixó, el tems a Nakupenda va quedar mimbat enormement a poc més d''una hora, comptant menjar. El dinar del '"sea food'", molt fluiix.",ca,1.00,,t,,partner,Jordi Lluis,es,,,,1501,APPLICATION,2026-09-08 11:04:53.457607+05:30,,,f
PRufa2Xu8jWv,RSXqurNRkLk3,2026-08-30 23:04:20+05:30,"The crew members were fantastic. Great experience was had. Was late but they waited, would recommend any day.",en-gb,5.00,,t,,alone,,,,,,1502,APPLICATION,2026-09-08 11:04:53.462919+05:30,,,f
PRufa2Xu8jWv,RSNBbusLrEdz,2026-08-30 19:51:20+05:30,"ils sont bien organisés. le banc de sable de Nakupenda est plein de monde. mais au final, on se sent pas trop à l''étroit. Par contre ce n''est clairement pas un lieu pour le snorkeling. c''est mon seul petit regret.",fr,4.00,,t,,partner,Kébèn,cd,,,,1503,APPLICATION,2026-09-08 11:04:53.483851+05:30,,,f
PRufa2Xu8jWv,RScS3Hx1yY7E,2026-08-08 23:37:33+05:30,Seif Mjaka is the best!!!!!!!!!!! Made my birthday extra special!!!!,en-us,5.00,,t,,alone,,,,,,1504,APPLICATION,2026-09-08 11:04:53.487104+05:30,,,f
PRufa2Xu8jWv,RSnQXRQsjVGk,2026-05-25 20:14:36+05:30,Un vrai dépaysement,fr,4.00,,t,,partner,pascal,fr,,,,1505,APPLICATION,2026-09-08 11:04:53.490306+05:30,,,f
PRufa2Xu8jWv,RSJKGWX95Gyd,2026-02-21 19:16:57+05:30,"Excursion très agréable, deux sites d’une beauté exceptionnelle.",fr,5.00,1,t,,family,laurent,fr,,,,1506,APPLICATION,2026-09-08 11:04:53.499696+05:30,,,f
PRufa2Xu8jWv,RSH2Q3VyA4sU,2026-01-03 18:55:40+05:30,"My tour started slightly after 9:30 once the boats and groups were organized. I was in a group of 9 people, together with an English and Italian speaking guides. Both guides took so much care about us. We had fun on the boat when singing all kind of songs. We visited the prison, has some free time to see around, then we went to see the turtles. After that we went to Nakupenda where we had a nice food prepared directly on the beach. Take suncream with you as there might not be enought space to hide yourself in the shade. Nevertheless, it was nice experience to see the local people to do the barbecue. There was rice, french fries, sauce, seafood and fruits. Water was provided during whole trip. The only thing I expected better was nice snorchelling but unfortunately, there was no place in the sea to do it. One side of the island had big waves and on the other side where the sea was calm, clear and deep enough, there were plenty of boats. Thus do not expect much when it comes to the snorchelling. There were also no starfish during that day. Maybe you will be luckier. Have fun! I can recommend. Once you book, get in touch with the nice tour provider to determine the start of the tour. ",en-gb,5.00,2,t,viator,,Barbora_K,"","Dear Barbara
Thank you for your lovely review of our Sandbank and Prison Island Excursion in Zanzibar 
We’re happy you enjoyed visiting Prison Island, seeing the giant tortoises, and relaxing at Nakupenda Sandbank with our BBQ seafood lunch. It’s great to hear our guides made the trip fun and memorable!
Regarding snorkeling, sea conditions can vary depending on tides and weather, but guest safety is always our priority.
We truly appreciate your recommendation and hope to welcome you again for another amazing Zanzibar boat tour 
Warm regards,
Seif Mjaka ",en,2026-02-25 04:06:47+05:30,1507,APPLICATION,2026-09-08 11:04:53.515293+05:30,,,f
PRukbsnDKmV2,RS0yYuSsi1wz,2026-06-09 18:32:59+05:30,"Not great first experience using Viator and its excursions.  
Guide Ali called last night to say I would now be picked up an hour later today, 8 not 7. Left me in a boat this AM with other people for multiple hours as they insisted on seeing dolphins, although I paid a private tour price.  Guide tried to drop me at Jozani forest half hour before my Rock lunch reservation, saying I’d still make it on time after.  Luckily forest tour lady insisted I be taken to my reservation on time and graciously waited and took me for the forest tour after, after being kept waiting all day herself. 
Wasn’t taken to beach or cave in the end. Dropped at hotel at 7pm. Not organized or timely. Not as described. Not worth price. Have filed for a refund and will be contacting all companies involved. ",en-gb,2.00,,t,viator,,Jennifer_R,"",,,,1509,APPLICATION,2026-09-08 11:04:57.832192+05:30,,,f
PRukbsnDKmV2,RSPrCkECJS09,2026-02-05 20:37:54+05:30,"We were disappointed that there was no email or whats app communication prior to the tour and we went ashore hoping that our confirmed tour would happen. Fortunately it did. We spent nearly an hour going thru traffic just to get away from the port! The driver was very skilled and used whatever routes to get us to the first stop on the tour. The driver was very talented and did many things to try and make it a good tour. The guide was unengaging and the driver really did his best to be informative, humorous, and did his best to share information about the city and the other sites while the tour guide was almost falling asleep. The driver & guide for the dolphin boat was very skilled, friendly and attentive. Our guide did give us a two minute summary of the monkeys we were able to see. 
We would give the driver a 5* review and the guide a 2* review = total 3* for the tour because of the shortcomings of the guide.
We were pleased to be able to see some of the beauty of Zanzibar.",en-gb,3.00,,t,viator,,Craig_k,"",,,,1510,APPLICATION,2026-09-08 11:04:57.837318+05:30,,,f
PRukbsnDKmV2,RSmIV92OjvIr,2025-10-20 02:55:42+05:30,"I decided to take a tour last minute to explore the island. I did the Dolphin Swim, Snorkel, Kuza Cave, Jozani Forest, Paje Beach, Rock Restaurant. My guides were Ibrahim and driver Shafi. They picked me up on time at my hotel, the car was super comfortable. I was by myself because I booked a solo tour. So all attention is to you. I enjoy traveling alone so this was the perfect tour for me. Both guys were kind and helpful. Informed me about the area, answered questions and took pics of me where I wanted. We actually skipped the beach and spent more time at other places. They were flexible with my day. The dolphin trip was incredible. The boat guide was so funny. Knew everyone and helped with snorkeling and found the best spots to swim. For the best snorkeling experience, bring your own glasses. They provided it, but mine kept getting water inside. The cave was super cool. Worth coming back to as they offer music and drum classes and also cooking classes. I was almost alone in the cave. So perfect for you. In the forest we saw all types of monkeys. Ibrahim knew exactly where to find them! Overall one of the best tours. If you want to see a lot of the island in one day, do this tour.",en-gb,5.00,,t,viator,,hansrommel_R,"",,,,1511,APPLICATION,2026-09-08 11:04:57.842082+05:30,,,f
PRukbsnDKmV2,RSDUNCZnmTFj,2025-10-12 17:58:07+05:30,"A wonderful experience with Amina and driver Harfizi. They promptly picked me up and enjoyed getting to know each other on our way to the dolphin tour! With our captain in tow Amina and I set sail to capture a glimpse of dolphins and we were not disappointed. My sea legs are not fully formed and could not handle the various blue seas. Amina, my Dada, took very good care of me as I had to cancel the remaining trip. Having to pullover a few times to rid myself of the last couple of Zanzibar meals they were both supportive and patient with me. I was delivered safe and somewhat sound to my hotel with well wishes! I''m sure we would have had a great day if only I could''ve handled it but all worth it just to see the dolphins and meet the treasures of Zanzibar, Amina and Harfizi!!",en-gb,5.00,,t,viator,,Lindsay_S,"",,,,1512,APPLICATION,2026-09-08 11:04:57.847048+05:30,,,f
PRukbsnDKmV2,RSwnd5vRCBXY,2025-09-23 10:29:27+05:30,"Tour guide, Mr P and miss Hammy picked us up at our Hotel dead on time, explained to us what we would be doing on the day, 
Took a boat out to see the Dolphins was lucky enough to see them.
Then we had time to snorkel, had some fresh fruit for lunch, then of to jozani forest to find the monkeys which we did, as we walked through the forest our guide was telling us all about the trees and ferns around us, which was very interesting male and female ferns. then we went onto Kuza Cave which was very nice. You climbed down some steps and then you was in this cave and the water is natural water and its temperature is about 23°. It was lovely and refreshing.
Would recommend this trip,  good price tour guides friendly and knowledgeable about the area,",en-gb,5.00,,t,viator,,Karen_S,"",,,,1513,APPLICATION,2026-09-08 11:04:57.850714+05:30,,,f
PRukbsnDKmV2,RS6KwZ9N0ZdZ,2025-09-05 17:17:59+05:30,"The early pick up by the team Abass and Hamiss.
I truly like swimin with dolphins.
I also appreciate the naturel swimming pool in the Kuza cave.
Having lunch at the restaurant the rock.
And finally walking along the Paje Beach.

We also appreciate the professionalism and friendlyness during the whole excursion of the tour guide and the driver.
",en-gb,5.00,,t,viator,,Roger_B,"",,,,1514,APPLICATION,2026-09-08 11:04:57.853801+05:30,,,f
PRukbsnDKmV2,RSUPX8qGEAgn,2025-08-24 16:29:32+05:30,"I had a great adventure with my guide Ibrahim and driver Simba. They took special care to make sure I saw everything and checked if I was happy routinely.  Each stop was amazing, from seeing the dolphins, snorkeling amongst the corals, hanging out on the sand bar, seeing lots of monkeys, swimming in Kuza cave and saw the rock. Thanks again for a great trip. ",en-gb,5.00,,t,viator,,Joshua_P,"",,,,1515,APPLICATION,2026-09-08 11:04:57.865938+05:30,,,f
PRukbsnDKmV2,RSfSw7XpGM3n,2025-08-15 12:55:19+05:30,"From start to finish, this tour was absolutely incredible! The day began with an exciting dolphin tour, and seeing these beautiful creatures in their natural habitat was truly magical. We then visited The Rock – such a unique and iconic spot – where the views and atmosphere were simply unmatched.

Paje Beach was a slice of paradise with its white sand and turquoise waters, the perfect place to relax and take in the island’s beauty. Kuza Cave was a hidden gem – the crystal-clear water and peaceful atmosphere made it a must-see. Our journey continued to Jozani Forest, where we had the rare opportunity to see the charming Red Colobus monkeys up close. We then visited The Rock – such a unique and iconic spot – where the views and atmosphere were simply unmatched. where we enjoyed a delicious lunch overlooking the ocean. The highlight was definitely The Rock Special, a fresh and flavorful seafood feast that perfectly captured the taste of Zanzibar.

A special thank you to our guides and drivers, who were professional, friendly, and incredibly knowledgeable. They shared so much about Zanzibar’s history, culture, and wildlife, and made sure every moment was comfortable and enjoyable. Their passion for the island was infectious and really made the trip memorable.

Highly recommend this tour to anyone wanting to experience the very best of Zanzibar in one unforgettable day!",en-gb,5.00,,t,viator,,Malcolm_M,"",,,,1516,APPLICATION,2026-09-08 11:04:57.869738+05:30,,,f
PRukbsnDKmV2,RSIkqpI4aach,2025-06-19 15:35:31+05:30,Thank you for yousef and Ibrahim for the amazing tour! We had a wonderful time watching the dolphins and walking around in the forest and saw the monkeys and had a great time! Ibrahim was amazing and he made the trip unforgettable! The restaurant was amazing too. Thankkk youuuu this trip is a must!,en-gb,5.00,,t,,partner,Eman,kw,,,,1518,APPLICATION,2026-09-08 11:04:57.87634+05:30,,,f
PRukbsnDKmV2,RSAx89rLAcrP,2025-06-18 18:48:17+05:30,"This tour starts off with bottlenose dolphin spotting which was surreal. Thereafter a snorkeling session near the reef which had plenty of underwater flora & fauna.
Next up was a trek thru Jozani forest and we spotted blue-faced monkeys that are indigenous to the region. I recommend carrying a pair of trek shoes as the terrain is damp and muddy.
Next was Kuza caves which was breathtaking. Recommend wearing footwear with decent grip as the rocks leading to the cave are slippery.
We then made a trip to the Rock restaurant at Pingwe beach where we had our lunch.
The restaurant can be walked to depending on the time of day, later afternoon will reauire a boat ride to access the restaurant [which is free of cost].
Tour ended with a trip to Paje beach.
Highly recommend this tour purely because there’s a variety of activities and terrains to explore.",en-gb,5.00,,t,viator,,Crystal_D,"",,,,1519,APPLICATION,2026-09-08 11:04:57.879661+05:30,,,f
PRukbsnDKmV2,RSsShfCP39lk,2025-05-03 18:28:33+05:30,Une super activité avec plein de belles découvertes et un guide au top qui parle très bien français !,fr,5.00,,t,viator,,gilletalexia,"",,,,1520,APPLICATION,2026-09-08 11:04:57.886556+05:30,,,f
PRukbsnDKmV2,RS09KGqFSbPN,2025-03-23 15:31:29+05:30,"The experience was amazing. We had a great time. The tour was well organised and we had ample time at each stop. The driver, Jiga Boy, was great and always on time. Very entertaining stories during the drive. The tour guide, Abbas, was very knowledgeable and polite. He made the tour very enjoyable and pleasant. We highly recommend it, best value to see important sites and activities.",en-gb,5.00,,t,,partner,Herman,ke,,,,1521,APPLICATION,2026-09-08 11:04:57.890084+05:30,,,f
PRukbsnDKmV2,RSxru9f5ebmz,2025-03-06 18:13:11+05:30,"Esperienza unica. A noi ci ha accompagnato il signor Hassan Sharif una guida italiana davvero fantastica, simpatico e molto gentile. Abbiamo fatto tutte le soste nei diversi luoghi con tanto di fotografie e video. La guida ti aspetta e chiede sempre con gentilezza cosa avete in mente di fare. 
Esperienza che consiglierei a tutti. 
Ps: abbiamo visto delfini, scimmie e tutto. ",it,5.00,,t,viator,,sergio_p,"",,,,1522,APPLICATION,2026-09-08 11:04:57.893363+05:30,,,f
PRukbsnDKmV2,RSCigPTFyjwo,2025-02-18 08:25:00+05:30,"Exceptional experince. Dolphin watching was a mazing, visiting the Juzani forest very interesting watching the monkeys in troops, Paje beach is wonderful with a beautiful sand and crystal clear water.
Special thanks for our tourist guide Amina and the driver Khamis- appreciate the hospitality and professionality. ",en-gb,5.00,,t,viator,,Hissa_A,"",,,,1523,APPLICATION,2026-09-08 11:04:57.896519+05:30,,,f
PRukbsnDKmV2,RSAdiUXS2mtz,2025-01-22 09:46:58+05:30,Ok. Paje was nothing and for some reason skipped cave tour. About 5-6 hours is just driving somewhere else,en-gb,3.00,,t,viator,,Adam_J,"",,,,1524,APPLICATION,2026-09-08 11:04:57.899998+05:30,,,f
PRukbsnDKmV2,RSbdCmknmDTh,2025-01-02 14:00:35+05:30,"The experience was life-changing! Swimming in the clear blue waters of the Indian Ocean and in the cold waters of the Kuza Cave does something to your soul. I’m thankful for that experience the most. Seeing the animals of the forest was pleasant as well! I didn’t want to get to close to the animals to disturb them. The Rock restaurant was not all that great to me. Honestly, it was the most “touristy” part of the experience. Overall, I HIGHLY recommend the experience. ",en-gb,5.00,,t,viator,,Jason_K,"",,,,1525,APPLICATION,2026-09-08 11:04:57.90355+05:30,,,f
PRukbsnDKmV2,RS5mXznR0qyb,2024-12-13 12:50:36+05:30,"Superbe expérience en privé. Le guide était très gentil et le chauffeur également. Voyageant seul, il m’a proposé de me prendre en photo régulièrement, c’était très appréciable. Merci beaucoup !",fr,5.00,,t,,alone,Clara,fr,,,,1526,APPLICATION,2026-09-08 11:04:57.907559+05:30,,,f
PRukbsnDKmV2,RSBCcQJ8mPOQ,2024-12-04 15:17:09+05:30,"I want to say a big thanks to my guide and my driver Abbas and Hamis,I had so much fun and I have enjoyed every minute of it ! We visited beautiful places in Zanzibar I relaxed I enjoyed I felt safe all the time and Happy! thank you guys soooooooo much for offering me this amazing experience,",en-gb,5.00,,t,,alone,annita,cy,,,,1527,APPLICATION,2026-09-08 11:04:57.911329+05:30,,,f
PRukbsnDKmV2,RS9pEJoadbyc,2024-11-09 12:57:57+05:30,We enjoyed an excellent day out. It was quite pricey but overall considered it was value for money. Our driver and guide were informative and helpful and we had wonderful experiences especially snorkelling. Swimming in the Kuza cave was tricky to access but with help from our guide we made it and floated in the clear pure water. It was a full day which left us with many memorable experiences.,en-gb,4.00,,t,,friends,Diana,gb,,,,1528,APPLICATION,2026-09-08 11:04:57.914501+05:30,,,f
PRukbsnDKmV2,RSRxJd3mFfMI,2024-10-21 09:05:13+05:30,"La experiencia con delfines nos impactó porque eran más de 40 barcas compitiendo por ir al lado de ellos, me pareció hasta peligroso. El snorkel sí nos gustó. En el bosque vimos muchos monos y en la cueva estábamos nosotras solas, cosas que agradecimos. Lo peor fue que contraté la experiencia con 3 meses de antelación y le escribí a la empresa para gestionar la reserva en The Rock, ya que era algo que queríamos hacer desde que contratamos el viaje. Nunca me contestaron y cuando llegamos no había reserva. El día de antes de la experiencia volví a escribir a la empresa para confirmar la recogida y me dijeron la hora mal... No pongo 1 estrella porque tanto guía como conductor fueron geniales.",es,3.00,,t,viator,,Laura_T,"",,,,1529,APPLICATION,2026-09-08 11:04:57.917839+05:30,,,f
PRukbsnDKmV2,RSI90sn6ikT2,2024-10-11 18:58:58+05:30,"Dolphin watching was an unforgettable experience! This is pricey, but do keep in mind that this is a private tour. The tour guide and the driver were both accommodating and patient.",en-gb,5.00,,t,viator,,Temitope_A,"",,,,1530,APPLICATION,2026-09-08 11:04:57.921022+05:30,,,f
PRukbsnDKmV2,RSKvptT60rAr,2024-09-30 02:42:27+05:30,"I had an amazing unforgettable time. My guide Amina was amazing, helpful and knowledgeable that I had to recommend the tour operator for her again. She and the driver was always on time. ",en-gb,5.00,,t,viator,,Kesha_K,"",,,,1531,APPLICATION,2026-09-08 11:04:57.924508+05:30,,,f
PRukbsnDKmV2,RSwPUldIYPVP,2024-09-22 09:02:09+05:30,"The tour was well organized and my guides Amina and Amish were amazing hosts. They took excellent care of me throughout the tour, gave extra time at each site and were very professional. Their hospitality surpasses any experience I have had with Viator tours. I recommend this company and the guides to all future visitors to Zanzibar. They taught me a lot about the island culture and I enjoyed every minute of my amazing experience. Thank you.  Nandha B, USA",en-gb,5.00,,t,viator,,Nandha_B,"",,,,1532,APPLICATION,2026-09-08 11:04:57.928316+05:30,,,f
PRukbsnDKmV2,RSfxPl52YG4t,2024-09-19 14:24:17+05:30,"Loved the tour. My son booked it for me and my partner, despite never ever been on a tour, we found it entertaining, easy to follow and had such a good time",en-gb,5.00,,t,,partner,Karel,cz,,,,1533,APPLICATION,2026-09-08 11:04:57.931903+05:30,,,f
PRukbsnDKmV2,RS9dryOitr1c,2024-09-15 01:29:42+05:30,"Ce n est pas la faute du guide Je ne recommande pas cette excursion. Très cher pour rien . Un attrape touriste !! Le pire la visite des dauphin ,un stress pour eux et nous même. Il y a d autres endroits tellement plus beau A visiter .",fr,1.00,,t,,alone,Nathalie,fr,,,,1535,APPLICATION,2026-09-08 11:04:57.93886+05:30,,,f
PRukbsnDKmV2,RSc6eAtDGR6A,2024-09-12 06:07:24+05:30,"Le guide parlait super bien en français, et était super ! Je recommande fortement cette activité on a pu tout visité comme on le voulait ",fr,5.00,,t,viator,,Jonathan_M,"",,,,1536,APPLICATION,2026-09-08 11:04:57.942923+05:30,,,f
PRukbsnDKmV2,RSo3vx5ZKTdk,2024-09-11 12:31:47+05:30,"Leider hatten wir zwei mal hinterden gleichen Guide. Ibrahim war mehr ein Begleiter, er kaum etwas erklärt über die Insel/Kultur oder den Ausflug. Wir sind eifach überall durchgelaufen ohne Erklärung. Sehr schade.",de,2.00,,t,viator,,Valentina_C,"",,,,1537,APPLICATION,2026-09-08 11:04:57.947131+05:30,,,f
PRukbsnDKmV2,RSPI1CzmJJek,2024-08-31 02:22:43+05:30,"The dolphin tour was not so good, I saw quite a lot of the dolphins, but they were surround by more than 20 boats, poor them. The captain seems don’t want to speak with us, just kept speaking on the phone or talked to his staff.  Forest, beach and the restaurant were worth to go. Cave was so so….
Tour guide was good, very knowledgeable.",en-gb,4.00,,t,viator,,NgaShan_C,"",,,,1538,APPLICATION,2026-09-08 11:04:57.950947+05:30,,,f
PRukbsnDKmV2,RSpYRT1iu5nw,2024-08-29 18:49:56+05:30,"This was an amazing experience, especially with the red Columbus monkeys. My driver was great, he arrived early and the day was perfect ",en-gb,5.00,1,t,viator,,Marion_I,"",,,,1539,APPLICATION,2026-09-08 11:04:57.954587+05:30,,,f
PRukbsnDKmV2,RSSjv9Tsrijt,2024-08-28 07:12:46+05:30,"The only good thing is we saw dolphins and monkeys. Bad organization, poor guide, and illegal driving documentation! 
At the beginning we went to the dolphins. We got on boat, no information about what is coming. At some point they started shouting “jump, jump”. We weren’t ready for it, it was very stressful. When we got back to the beach it was heavy raining. We stopped under a shelter for a moment to collect our things. The guide left us there to get to the car, but at the parking there were like 30 same cars so it was hard to find. I was looking for the car for 10 minutes under heavy rain. We got back to the car very wet and the guide stopped to buy himself a tshirt without asking if we need some. So after a horrible cold almost two hour drive we got to the forest. We made very small circles in it and almost no information was given to us. I had to ask a question in order to get soma answer. It was anoying as we were seeing how other guides take care of their groups and how many facts and history lessons they got. 
We knew we will visit the Rock restaurant. We knew lunch wasn’t included, and we have to pay it but we didn’t expect to not have a reservation. 
And the journey back was the real horror. Besides the music in the car everything was very disturbing. As i always follow my GPRS for safety reasons I started noticing that the driver was picking surrounding routes that slowed our return. At some point I realized it was because of the drivers documentation. After a few wrong turns the police caught them anyway. There was a big problem and the driver left the car for a while. After they let us go our guide that was the only one to speak english left the car to go home. After 200 meters the driver suddenly stopped in the middle if the road, turned around and went to some small side road. We we’re hiding there for a while ( i guess from the police) and only when i asked where are we going he said sorry and went back to the road we came from. We felt very unsafe and uncomfortable. 
Last but not least all of the time the guide and the driver were having personal conversations in swahili and only said a few words in English. ",en-gb,2.00,,t,viator,,Elma_P,"",,,,1540,APPLICATION,2026-09-08 11:04:57.958168+05:30,,,f
PRukbsnDKmV2,RSLgCKdSG5AK,2024-08-23 09:26:13+05:30,"È stata indubbiamente l’escursione più bella fatta durante la vacanza. 
Tour completo che permette di visitare numerosi posti in un’unica giornata. 
La nostra guida, molto competente, premurosa e super disponibile, ci ha fatto immergere in questi paesaggi spettacolari accompagnandoci sempre, anche durante lo snorkeling e mostrandoci pesci particolari, coralli e stelle marine. 
Ci è anche stata fornita l’attrezzatura per fare snorkeling. 
Siamo riusciti a vedere i delfini, le stelle marine e le scimmie. Tutto perfetto! ",it,5.00,,t,viator,,Raffaella_R,"",,,,1541,APPLICATION,2026-09-08 11:04:57.961703+05:30,,,f
PRukbsnDKmV2,RSpsn6EzL1ey,2024-08-19 17:07:23+05:30,The dolphin tour is a bit of a joke with about 50 boats chasing the dolphins as soon as they surfaced.  Also a bit dangerous for those who wanted to snorkel.  Kuza Cave was neat but you need to advise passengers that ii is a steep descent over tree branches and rocks with little to hold onto.  The guide and driver very helpful.  You absolutely must advise guests to make a reservation for the rock prior to going.  The guide asked us and made the reservation for us while driving there.  We had to give a $20 deposit which was deducted from our bill but a bit of a shock.  It was however a cool location,en-gb,3.00,,t,viator,,Robin_J,"",,,,1542,APPLICATION,2026-09-08 11:04:57.976021+05:30,,,f
PRukbsnDKmV2,RSMLjEhaH0AV,2024-08-18 18:47:21+05:30,Our guide Hassan was great thanks big expierence. The people s sldo very friendly.  Super day. Very şad because the country is poor,en-gb,5.00,,t,viator,,Nevzat_S,"",,,,1543,APPLICATION,2026-09-08 11:04:57.979542+05:30,,,f
PRukbsnDKmV2,RSsDBqRx5Bkm,2024-08-18 08:12:02+05:30,"That was a private tour, we were with our guide only. Tour guide Nousser Burhan and Driver Ali was very polite and nice guys. He explained very well and wanted to be sure we have questions or not. 
Dolphin part was great advanture, Jozani Forest and kuza cave was great. We spent nice time. ",en-gb,5.00,,t,viator,,brahim_I,"",,,,1544,APPLICATION,2026-09-08 11:04:57.983124+05:30,,,f
PRukbsnDKmV2,RSz5MGEd5YKh,2024-08-11 19:51:17+05:30,"Excellent tour with on time pickup and detailed explanation on the places of interests. Guide Ain and driver Said were friendly to showcase the beauty of Zanzibar despite the long journey. Overall, value for money! ",en-gb,5.00,,t,viator,,Syyuan_C,"",,,,1545,APPLICATION,2026-09-08 11:04:57.987274+05:30,,,f
PRukbsnDKmV2,RSDgrAFQepfJ,2024-08-06 19:51:19+05:30,"I just finished an incredible solo tour that included a dolphin-spotting cruise, Jozani Forest, Jambiani Kuza Cave, Paje Beach, and The Rock restaurant, and it was truly unforgettable! As a solo female traveler, I felt 100% safe and comfortable throughout the day, thanks to my amazing guide Ibrahim who was not only incredibly knowledgeable but also a fantastic personal photographer. Swimming with the dolphins was the highlight of the tour, a magical experience I’ll cherish forever. The tour was well-rounded, blending wildlife encounters, cultural insights, and relaxation perfectly. I absolutely loved every moment and highly recommend this tour to anyone looking for a complete and enriching Zanzibar experience!

",en-gb,5.00,,t,viator,,ANGIE_Z,"",,,,1546,APPLICATION,2026-09-08 11:04:57.991313+05:30,,,f
PRukbsnDKmV2,RSfy6h0FtxH5,2024-07-22 17:04:38+05:30,"Good tour. Guides were polite and kind. Only feedback is to have better pickup communication. I called to ask about pickup times, one too many times. I did not know if and when I would be picked up until 20 minutes before (after calling again). ",en-gb,4.00,,t,viator,,Bianca_A,"",,,,1547,APPLICATION,2026-09-08 11:04:58.008464+05:30,,,f
PRukbsnDKmV2,RSwwA20URD2y,2024-07-12 09:44:41+05:30,"Nous avons passé une excellente journée en la présence d’Ibrahim nôtre guide pour cette journée, nager parmi les poissons, puis nager avec les dauphins était un rêve pour nous qui fut réalisé. Les petites attentions de notre guide ( fruits locaux) à la recherche des signes dans la forêt de Jozani était comme une partie de cache cache , cuza cave endroit magique une eau limpide et pour finir the rock , une journée magnifique passé avec notre guide francophone Ibrahim je vous conseil vivement il a l’écoute de nos envies.",fr,5.00,,t,viator,,Stephane_R,"",,,,1548,APPLICATION,2026-09-08 11:04:58.012407+05:30,,,f
PRukbsnDKmV2,RSGBFJbCAFvy,2024-07-08 23:41:42+05:30,"Of all the tours we took in Tanzania, this was our least favorite.

Pros:
- Pick up and drop off from our hotel in Nungwi Beach in a roomy vehicle with water provided. The guide and driver were fine. Nothing extraordinary. 
- The dolphin tour included a quick swim in clear, shallow waters with a prepared tray of fruit post-swim. Plenty of opportunity to snorkel, if that’s your thing. 
- We enjoyed our lunch at The Rock. A reservation is recommended. Allow for at least an hour and a half to two hours to leisurely enjoy your meal and take pictures. 
- The cave was beautiful. We didn’t swim, but people around us were enjoying the water. 

Cons:
- Too many activities in one trip. Our tour was 11 hours total from pick up to drop off, of which about half of it was spent driving from one place to another. And this that we skipped out on Paje Beach, at our suggestion. 
- Spent about an hour and a half driving to the dolphin tour from our hotel. The dolphin tour was a bit sad. We spotted one dolphin and all boats raced to corner it. It seemed very intrusive. Also, our captains didn’t seem interested in interacting with us, compared to what we saw going on in other boats. 
- We spent about 45 mins driving to the Jozani Forest from the dolphin tour, whilst spending about 10 mins there observing the red and blue monkeys. Another 10 mins were spent walking through the mangroves. It took us another 45 mins to drive to The Rock for lunch. 
- It took a little over two hours to drive back to our hotel. 
",en-gb,2.00,,t,viator,,Michael_M,"",,,,1549,APPLICATION,2026-09-08 11:04:58.016345+05:30,,,f
PRukbsnDKmV2,RSp8Kg3IxJrM,2024-07-03 14:25:42+05:30,"The itinerary was great and our guide was pleasant. Would have been a 4-5 if not for the safety concerns. We were put on a small motor boat with no life jackets and driven out into the middle of the ocean amidst big waves to look for dolphins. My wife doesn’t swim and the waves were splashing inside the boat. We asked to go back to shore, and even though we were the only two passengers, the driver insisted on continuing to look for dolphins. Viator should not promote unsafe activities. This would have been fine if we were given life jackets. Some other tours had life jackets and/ or larger boats.",en-gb,1.00,1,t,viator,,Larry_P,"",,,,1550,APPLICATION,2026-09-08 11:04:58.020127+05:30,,,f
PRukbsnDKmV2,RSGu93RFNNal,2024-07-01 18:22:27+05:30,"Very welcoming, polite and caring guide and driver. Great experience to see in one day key parts of zanzibar!",en-gb,5.00,,t,viator,,Makis_D,"",,,,1551,APPLICATION,2026-09-08 11:04:58.02452+05:30,,,f
PRukbsnDKmV2,RSAJJE4ndZAk,2024-06-28 17:29:47+05:30,"Malheureusement nous n’avons pas pu nager avec les dauphins, mais nous les avons aperçu à plusieurs reprises. 
Merci à Ibrahim pour les visites et Babi le chauffeur, ils sont top ! ",fr,5.00,,t,viator,,mikeperez5520,"",,,,1552,APPLICATION,2026-09-08 11:04:58.029122+05:30,,,f
PRukbsnDKmV2,RSKhtSEz7GUN,2024-06-15 18:36:52+05:30,"I express my gratitude to our guide Ibrahim and our driver Rashid for unforgettable experience and emotions. It was an awesome pass time on Zanzibar. We saw a lot of beautiful places, we met a plenty of interesting people. I recommend to everyone to book this excursion. Thank you very much 🙏",en-gb,5.00,,t,,family,Volodymyr,pl,,,,1553,APPLICATION,2026-09-08 11:04:58.033135+05:30,,,f
PRukbsnDKmV2,RSyDV2odTtlE,2024-05-27 20:34:52+05:30,"Jiga boy & Salomon made my trip perfect.

On the dark side, I tryed to contact the office several times and did not get respose from them. I was ready at 7:00am with a big uncertainty about the activity to really happen.
",en-gb,4.00,,t,viator,,Federico_L,"",,,,1554,APPLICATION,2026-09-08 11:04:58.036925+05:30,,,f
PRukbsnDKmV2,RSvJm8wF1Iqz,2024-03-15 08:35:11+05:30,"Great day out, private tour with a private guide. We were rushed for the rock resteraunt, but our guide got us in without any issues, saw many things within the day. Fantastic day out, would highly recommend!",en-gb,4.00,,t,viator,,Nikesh_P,"",,,,1555,APPLICATION,2026-09-08 11:04:58.040462+05:30,,,f
PRukbsnDKmV2,RSvxVC9n03ca,2024-02-16 23:11:13+05:30,"Did not see any dolphins in the nature reserve but the experience was great,  saw the culobus monkey in Jozani Park, did not have enough time to see  Kuza Cave, our trip to Paje Beach and the Rock Restaurant was rushed. We did not have time for lunch.  Tour operator should have managed the time better. Stayed too long in the nature reserve and had little time for the Rock which was the most beautiful and scenic area.",en-gb,4.00,,t,viator,,Jazmin_G,"",,,,1556,APPLICATION,2026-09-08 11:04:58.044075+05:30,,,f
PRukbsnDKmV2,RSOplo75MMGH,2024-02-08 06:57:51+05:30,"Très bonne excursion avec Ibrahim, qui arrive à l''heure à l''hôtel, qui est gentil et à l''écoute des envies de ses clients. Un vrai bonheur de voir les dauphins, les poissons et les singes. Visite de la mangrove également. Pensez à prendre des chaussons aquatiques pour se baigner dans les grottes. La réservation à The Rock n''est pas comprise. Bonne excursion ! ",fr,4.00,,t,viator,,Marine_P,"",,,,1557,APPLICATION,2026-09-08 11:04:58.05095+05:30,,,f
PRukbsnDKmV2,RSkdc99TsI6f,2024-02-04 10:41:20+05:30,"INCROYABLE! Le programme semble chargé mais honnêtement, cela passe très vite sans avoir l''impression de courir toute la journée. Ils sont venua nous chercher à l''hôtel en voiture puis on s''est sirigé vees Mnemba où on a pris un bateau. On a nagé avec les dauphins plusieurs fois, puis on est allé nous détendre dans un coin tranquille avec une eau cristalline de 2m de peofondeur. Ensuite snorkeling. Nous sommes ensuire allés voir les singes dans la forêt de Jozani puis à Paje, voir le restaurant The Rock et comme nous n''étions pas spécialement intéressé d''y ma ger à cause des prix attrape-touristes, notre guide nous a proposé un autre resraurant en bord de plage avec des pris bien plus abordables. On a fini par la grotte de Kuza pour une baignade rafraîchissante. Notre guide Charisma parlait parfaîtement français et était particulièrement sympathique et souriant! Nous avons décidé de reprogrammer une activité avec lui. Il nous a donné beaucoup d''informations sur le pays, sa culture, ses activités etc. Nous avons fait les déplacements entre les divers lieux à visiter en voiture, ce qui nous a permis de voir du pays et de constater comment les gens vivent. Je recommande vivement!",fr,5.00,,t,viator,,Christophe_M,"",,,,1558,APPLICATION,2026-09-08 11:04:58.055075+05:30,,,f
PRukbsnDKmV2,RShltOdsRwjI,2024-01-28 17:39:23+05:30,Excellent tour! There was a great variety of excursions from dolphins to the Rock restaurant. I had an excellent guide Ibrahim. He made sure I was comfortable and safe through the whole tour! Ibrahim was very knowledgeable and very proud of his Tanzanian  culture! ,en-gb,5.00,,t,viator,,Fred_R,"",,,,1559,APPLICATION,2026-09-08 11:04:58.06025+05:30,,,f
PRukbsnDKmV2,RSrt7PRxCzI3,2023-10-02 06:32:02+05:30,Belle journée  avec encore des découvertes  des merveilles de cette île. Beaucoup de monde aux dauphins que les bateaux doivent un peu affoler  et belle découverte de la forêt et de ses singes rouges. ,fr,4.00,,t,viator,,Caroline_V,"",,,,1571,APPLICATION,2026-09-08 11:04:58.112975+05:30,,,f
PRukbsnDKmV2,RSdYGqzd44jo,2023-09-19 18:38:20+05:30,"It began with pick up from hotel (nungwi) to dolphin tour off matemwe and snorkelling to the island (was not part of the package, when asked we were told the we can snorkel and snorkeling gear is arranged) but when we reached the snorkeling spot - we were asked to jump off the boat without the gear and look for the corals 😄

Next was Jozani forest (the red monkeys), 
the rock restaurant (food is yummmm)  and the best highlight of the trip was Kuza Caves (must visit). 

",en-gb,3.00,,t,viator,,Andria_D,"",,,,1572,APPLICATION,2026-09-08 11:04:58.116206+05:30,,,f
PRukbsnDKmV2,RSdlfGEMGcbm,2024-01-20 14:17:07+05:30,"What a day!  Khamis was my tour guide and Jijr was the driver!  From being picked up at my hotel, Khamis and Jijr made sure that my birthday celebration did not disappoint!  

The tour began with us going to see the dolphins.  While going to '"look for'" dolphins, it began to rain, very heavily.  We were able to see the dolphins, but this was my least favorite part of the tour.  It seemed like too many boats were chasing the dolphins and I was glad when this part of the tour was over.  Thankfully, I mentioned it to Khamis and he instructed our captain to take us back to shore.  I appreciated that!

We next went to see the monkeys in the forest.  I enjoyed walking in nature and taking the sights in.  It was a peaceful, and educational tour and I really was happy to have had the experience.

Lunch at The Rock restaurant was nice!  The staff were so friendly and helpful and they sang happy birthday to me, which made me feel really special.  The birthday cake was delicious!

The cave tour - wonderful!!  There was only one other person in the cave when I arrived, and I was very happy for that.  I was able to take my time and enjoy the cave.  This may have been my second favorite thing about the tour.

My absolute favorite thing about the tour, however, was spending the day with Khamis and Jijr!  We laughed, listened to music, danced, and shared our country''s histories with each other.  We met as strangers but left as family!",en-gb,5.00,,t,viator,,Melva_M,"",,,,1560,APPLICATION,2026-09-08 11:04:58.064087+05:30,,,f
PRukbsnDKmV2,RSOPHVjD23cC,2023-12-31 11:12:37+05:30,"Um dia em cheio para conhecer locais paradisíacos tanto em terra como no mar!!! Tivemos a sorte de conseguir nadar com golfinhos selvagens, os guias sempre disponíveis em explicar e ajudar!!! Um dia maravilhoso ",pt-pt,5.00,,t,viator,,Eladio_G,"",,,,1561,APPLICATION,2026-09-08 11:04:58.068183+05:30,,,f
PRukbsnDKmV2,RSxztKZueuP1,2023-12-12 18:44:52+05:30,"From start to finish, an excellent tour with variety of places and things to see and do.  As a solo traveller, Abas, my guide was professional, attentive, knowledgeable and calibrated to my pace, needs and preferences.  Phamais, a friendly, experienced and skillful driver.  We started punctually and I enjoyed from start to finish.  My best bits were spending time at the beautiful sandbank and seeing the monkeys up close and personal.  I would recommend this tour as a great way to see a lot in one day.",en-gb,5.00,,t,viator,,Lorraine_A,"",,,,1562,APPLICATION,2026-09-08 11:04:58.071931+05:30,,,f
PRukbsnDKmV2,RSDtqeJYAudu,2023-12-04 12:26:13+05:30,Abbas and Simba made the tour excellent. Overall this whole day tour is amazing and it takes you to various places covering the island well. The ride was smooth and i really enjoyed myself!,en-gb,5.00,,t,viator,,Marie_E,"",,,,1563,APPLICATION,2026-09-08 11:04:58.084726+05:30,,,f
PRukbsnDKmV2,RSGzYAST4YS6,2023-11-30 18:16:54+05:30,"We were only spending a few days in Zanzibar so we decided to do this excursion after reading the positive feedback.

The chofer picked us up at 8:00 and we went straight to catch a boat and see the dolphins. Unfortunately, the sea was rough so we couldn’t see any, we did some snorkeling instead. After that we went to Jozani forrest, saw the different types of monkeys. The monkeys were great, we spent 30 minutes there only but we didn’t feel we needed to spend more time. 
Since we had made a booking at the Rock Restaurant at 2:00pm, we had time to go to Kuza Cave before lunch. We enjoyed it! Very few people and the cave was very nice to swim in. 
We had lunch at the Rock which was good, you have to know you pay for the views but the food was also good. At about 3:00pm we went to our last stop, Paje beach, and stayed there for 45 minutes. It’s a normal beach and wasn’t bad, but something you can skip if you don’t have time or don’t feel like going. There were also quite a lot of people trying to sell you stuff. We then went to our hotel at Nungwi and arrive at 5:45pm.

They day in general was good, it was a pity we didn’t see the dolphins but the rest of the activities were great (except for Paje which was OK). We felt the guide could have explained us a bit more about the cave or Jozani forrest, but he was ok. Also, we thought it’s expensive taking into account it does not include lunch (remember to book the Rock restaurant previously). But we enjoyed the day and recommend the experience. ",en-gb,4.00,,t,viator,,William_N,"",,,,1564,APPLICATION,2026-09-08 11:04:58.088934+05:30,,,f
PRukbsnDKmV2,RS1e5MoFjtAY,2023-11-04 12:22:00+05:30,"Een jonge dame was de gids, ze zei bijna niks, was eigenlijk het verlengstuk van de chauffeur. Ik had gereserveerd in het Rock restaurant en houd er rekening mee dat je blijkbaar ook de gids trakteert rond de 60 dollar extra kosten. Dolfijnen trip een echte afrader, 20 boten met gemiddeld 7 mensen die 1-3 dolfijnen opjagen. Zonde van de dag, kost je ongeveer 3 uur vanaf je hotel, terwijl de dag al best lang is, rond 19.00. De gids was verlegen en gaf geen info, alleen als je het vraagt.",nl,3.00,,t,viator,,Irma_S,"",,,,1565,APPLICATION,2026-09-08 11:04:58.092771+05:30,,,f
PRukbsnDKmV2,RSFVLcfJMxlL,2023-11-01 17:49:46+05:30,"Journée parfaite. 
Visites adaptées. 
Guide à l’écoute.
9h30 d’excursion.
Que dire de plus ?…
Je recommande à 100%
",fr,5.00,,t,viator,,Grgory_P,"",,,,1566,APPLICATION,2026-09-08 11:04:58.096023+05:30,,,f
PRukbsnDKmV2,RS0aKfHBcP6r,2023-10-22 20:02:44+05:30,"It was a very impressive tour, which our driver together with our guide Ibrahim made unforgettable, thanks a lot for that.
The dolphin-tour is a bit questionable as it appeared more like a hunt than like a watching tour. Something the tour agency might want to think about, we had some respectful animal watching tours in other regions of the world which we liked much more. The buffet arranged by our guide on the boat with fresh fruit was delicious. The other attractions where also really nice and enjoyable, visiting monkeys and mangrove regions in Jozani, followed by the Rock, where you should make a reservation when willing to eat there and tell the guide at which time you want to be there for how long. Next we went to Kuza Cave, which is also an impressive site, and at the end we visited Paje Beach, also a very nice place where locals and tourists enjoy the beauty of an endless beach. Ibrahim told us a lot about these places and about life on Sansibar in general, as he was also very interested in information we shared with him. This trip was exciting and fun, thanks again to our diver and our guide.
Just one more very positive aspect, the tour started exactly at iam as planned and during the entire trip Ibrahim was always present and available, he took perfect care of us!",en-gb,5.00,,t,viator,,Klaus_A,"",,,,1567,APPLICATION,2026-09-08 11:04:58.099199+05:30,,,f
PRukbsnDKmV2,RSfIYNcHQngF,2023-10-20 19:05:07+05:30,Super Guide ! Charisma a tout fait pour que je passe un bon moment et s’est adapté à mes envies ! C’était top ! ,fr,5.00,,t,viator,,Eva_B,"",,,,1568,APPLICATION,2026-09-08 11:04:58.102511+05:30,,,f
PRukbsnDKmV2,RSt3awqyK1F6,2023-10-08 17:46:33+05:30,"Nessun momento mi ha emozionato , per un costo così alto l'' offerta deve essere molto molto migliore . Gli accompagnatori hanno fatto del loro meglio ma siamo veramente al di sotto di ogni aspettativa",it,2.00,,t,viator,,Carmelo_M,"",,,,1569,APPLICATION,2026-09-08 11:04:58.10583+05:30,,,f
PRukbsnDKmV2,RSTLrB2jPVOb,2023-10-04 17:07:26+05:30,"Der Guide hat so gut wie nichts erklärt. Da hätte auch ein Fahrer gereicht.

Schlimm war die Delfintour selbst: lauter kleine Boote, die mit lauten Außenbordern den Delfinen richtig nachjagen. ",de,3.00,,t,viator,,ClaudiaMargit_L,"",,,,1570,APPLICATION,2026-09-08 11:04:58.109585+05:30,,,f
PRukbsnDKmV2,RSK5tujjYDsW,2023-09-15 16:32:52+05:30,"The guide barely spoke English, very hard to get info about the places visited.
The dolphins '"chase'" was a terrible experience, both for the animals but also seemed very insecure to all the people in the water with dozens of botas speeding around them.
",en-gb,3.00,,t,viator,,Carla_G,"",,,,1573,APPLICATION,2026-09-08 11:04:58.119348+05:30,,,f
PRukbsnDKmV2,RSIqnPOpiAC2,2023-09-10 10:17:00+05:30,"I have to get the bad bit out the way, and had I known this before I would not of done the trip. The dolphin tour was barbaric, cruel and very dangerous. 20+ boats chasing, circling dolphins who were clearly distressed throw in that people being told to dive in whilst engines we on and boats going around - the guy who went in from our boat was petrified. It’s a matter of time before a human death occurs. Sorry but I cannot abide such cruelty to animals. The rest of the trip was excellent, Jozani forest excellent, loads of monkeys and all treated respectfully. As for the rock restaurant wow!! Make sure you book your own table, have a look at Tripadvisor but the location, view and quality of food is amazing ",en-gb,4.00,,t,viator,,Jason_W,"",,,,1574,APPLICATION,2026-09-08 11:04:58.122567+05:30,,,f
PRukbsnDKmV2,RSXGfblygYns,2023-09-08 18:58:21+05:30,"I recommend this tour because of my amazing guide Ibrahim! I was contacted the day I booked suggesting I make a reservation for the Rock if I actually wanted to eat there. Even with the time constraint because of the reservation I was able to do everything I wanted to do and the guide and driver listened to what my priorities were. I never once felt rushed. The dolphin experience is with a guide on the beach and your main guide will stay behind. I opted not to swim with the dolphins because it didn’t feel safe for humans or dolphins. If you choose not to swim with the dolphins then I would suggest not wearing your swimsuit. If you want to swim in the cave they have changing rooms for you! The monkey experience was amazing! The cave was really cool but quite the steep walk so bring good walking shoes (these will be helpful in the forest as well). I opted to eat at the Rock and loved it! There are accesible bathrooms at every stop, which is important because there is a lot of driving on this tour! Overall I recommend this tour!",en-gb,4.00,,t,viator,,Amanda_S,"",,,,1575,APPLICATION,2026-09-08 11:04:58.126046+05:30,,,f
PRukbsnDKmV2,RSmtR9JfEHph,2026-02-26 09:29:20+05:30,,,3.00,,f,,,,,,,,1576,APPLICATION,2026-09-08 11:04:58.129763+05:30,,,f
PRukbsnDKmV2,RSvsrLvi92Jk,2026-02-22 15:30:59+05:30,,,4.00,,f,,partner,Nicolas,fr,,,,1577,APPLICATION,2026-09-08 11:04:58.133191+05:30,,,f
PRukbsnDKmV2,RSGQao5cZrZT,2024-12-05 13:32:38+05:30,,,5.00,,f,,,,,,,,1578,APPLICATION,2026-09-08 11:04:58.136345+05:30,,,f
PRukbsnDKmV2,RSyiGXY8tRao,2024-08-26 16:35:17+05:30,,,5.00,,f,,,,,,,,1579,APPLICATION,2026-09-08 11:04:58.139496+05:30,,,f
PRukbsnDKmV2,RSMd2Zq7Gh2L,2024-05-19 01:37:29+05:30,,,5.00,,f,,partner,Misimiko,fr,,,,1580,APPLICATION,2026-09-08 11:04:58.142678+05:30,,,f
PRukbsnDKmV2,RSiF74PBIIYD,2024-05-09 15:09:45+05:30,,,5.00,,f,,partner,Luis Gerardo,us,,,,1581,APPLICATION,2026-09-08 11:04:58.146043+05:30,,,f
PRukbsnDKmV2,RSuzzbgZoW55,2024-05-01 17:01:33+05:30,,,5.00,,f,,,,,,,,1582,APPLICATION,2026-09-08 11:04:58.149945+05:30,,,f
PRUkKhpMZssn,RSw6MUJdOnQg,2026-02-05 20:43:19+05:30,"Le chauffeur n’est pas venu à l’hôtel malgré une attente dans le hall de l’hôtel pendant 1h40. Je n’ai donc pas pu faire cette activité et j’ai du trouver une solution et payer une séance de cheval en plus dans une écurie proche de mon hôtel. Le prélèvement sur mon compte a bien été effectué par contre mais j’attends tjrs mon remboursement. Déçu très très déçu et j’ai failli perdre ma journée de vacance ,sauvé de justesse grâce à la gentillesse du personnel de mon hôtel et de l’écurie voisine mais qui m’a coûté très très chère.",fr,1.00,,t,,,VINCENT,fr,,,,1583,APPLICATION,2026-09-08 11:04:58.153455+05:30,,,f
PRuPARalONKr,RSKzMsTKwEop,2024-12-01 23:05:56+05:30,"Hamadi was THE best tour guide. He was so knowledgeable about the area, and answered all the questions we had. He was patient and super accommodating. He went above and beyond with my husband and I on our tour and even gave some amazing recommendations for restaurants in the area.",en-gb,5.00,,t,viator,,Lakesha_D,"","Thank you for your kind words!
We''re thrilled to hear that you had such a wonderful experience with Hamadi. We strive to provide exceptional service to all our guests, and it''s always gratifying to know we''ve met that goal.

Kindest regards 
Hafidh/Lee",en,2024-12-05 10:08:03+05:30,1584,APPLICATION,2026-09-08 11:04:59.345508+05:30,,,f
PRUQgWWPKofU,RSbIpBJlHbQL,2026-06-08 00:04:26+05:30,"Overall I was satisfied, but it was unpleasant that the guide verbally reminded me to tip the farm workers accompanying the tour. Constant reminders about tipping, which I had already planned to do, created stress for me.",en-gb,3.00,,t,,alone,,,,,,1585,APPLICATION,2026-09-08 11:05:08.133694+05:30,,,f
PRVbOhcz0mUz,RSNJjqsSvTHU,2025-04-01 18:57:19+05:30,It was a great experience. The food was delicious and the service was great ———————————————————————-,en-gb,5.00,,t,viator,,Weemor_S,"",,,,1586,APPLICATION,2026-09-08 11:05:09.417819+05:30,,,f
PRVbOhcz0mUz,RSo0N3Cv6pSL,2025-03-27 18:21:02+05:30,"Wasn’t a great expirence to be honest, started off terribly by the driver arriving 35 mins late from pick up and having only access to WhatsApp for contact and the organizer to not answer calls or reply and the  rock up 35 mins late is pretty poor, unacceptable really. Being late meant we only had 5 mins of the sunset which was quite disappointing, for the price we paid which ending up being 630 Australian dollars (aud) I was expecting something to be really luxurious, I was quite disappointed, the set up was nice but you are just put smack bang in front of everyone at the beach it’s not isolated at all, you are just given menus from the bar from the restaurant inside of the resort they drive you too and pretty much you pick what you want and the organizer/driver saids he will pay at the end but initially she hands you menus and everything has prices on it, it’s just really poorly run, not to mention when it gets dark we were literally eating in the dark so I had to grab one of the lamps and put in on the table and then the amount of bugs on me and my partner as well as all over the food it was so off putting, I would not reccomend this at all, espically through the agency they are working with in Zanzibar, the food was actually not too bad, cocktails were terrible, overall expirence probably a 3/10 ",en-gb,2.00,,t,viator,,Jamie_C,"",,,,1587,APPLICATION,2026-09-08 11:05:24.775515+05:30,,,f
PRVbOhcz0mUz,RSZZmSo9YKlk,2024-08-10 08:14:02+05:30,"Memorable moments for life!! Delicious food and great staff! We definetely recommend it, especially for couples. So lovely and romantic",en-gb,5.00,,t,viator,,STYLIANIG_V,"",,,,1588,APPLICATION,2026-09-08 11:05:24.788973+05:30,,,f
PRvnpFUuQZ04,RSKPjH37MoMB,2024-10-19 23:48:47+05:30,"Fantastic boat ride and tour guide Mohamed was so knowledgeable and friendly, we really enjoyed our trip around Stone Town and Prison Island. The tortoises and peacocks were fascinating as were the stops around town.  I just wish we had more time at each of the major sites. This was a true life-changing experience. ",en-gb,5.00,,t,viator,,JAMES_L,"",,,,1601,APPLICATION,2026-09-08 11:05:45.612888+05:30,,,f
PRvnpFUuQZ04,RSwsjfJ7i0FX,2024-08-18 08:04:34+05:30,"We had a great time in this tour. Prison island was good, it was very nice to see giant turtles. In Stone island part, we can see historical places and Zanzibar streets.
Tour guide Muhammed was very nice and explain very well ",en-gb,5.00,,t,viator,,brahim_I,"",,,,1602,APPLICATION,2026-09-08 11:05:45.616464+05:30,,,f
PRVCDsSVb9sc,RSgPFJajtByJ,2026-04-29 20:36:29+05:30,"We did a half-day private dolphin watching and snorkeling tour in Zanzibar, and overall it was a mixed experience.
The guide was friendly and helpful, although he did disappear for quite a while at one point, which left us a bit unsure about what was happening. The snorkeling itself was definitely a highlight, seeing the colourful fish and marine life was absolutely beautiful and made that part of the trip very worthwhile.
We understand that dolphins are wild animals and sightings can’t be guaranteed, but we didn’t see any during our tour and weren’t informed until we were already heading back to shore. It would be helpful if this was communicated more clearly upfront so expectations are managed.
On a positive note, the guide extended our tour and offered us the chance to feed sea turtles (for an additional cost), which turned out to be a really great and memorable experience.
Overall, a good trip for snorkeling, with a few areas where communication and organization could be improved.",en-gb,4.00,,t,viator,,James_M,"",Thank you for your feedback. We truly appreciate your honest feedback about our service. We are sorry for the inconvenience on communication and we will try and do better.,en,2026-05-01 16:59:32+05:30,1589,APPLICATION,2026-09-08 11:05:24.792682+05:30,,,f
PRVCDsSVb9sc,RS8mam9lF8M4,2025-11-20 04:06:00+05:30,"From start to finish, this excursion was truly a once-in-a-lifetime experience. My tour guide was on time, thorough, and incredibly fun — the kind of guide who instantly makes you feel comfortable and excited for the day ahead. On the ride to the beach, he introduced me to Zanzibar’s music and local artists, turning the drive into an interactive cultural moment. We even stopped at a few local shops beforehand so I could experience real life outside the resort, talk with locals, and grab my fins. He also picked up fresh fruit from a market — I didn’t know what it was for at the time, but it turned out to be such a sweet surprise later.

When we arrived at the beach, we met the rest of our small group — a lovely Portuguese couple — and boarded our private boat, which had that perfect, authentic Zanzibar vibe. The water was a bit darker that day, but still so unbelievably clear and blue that it felt unreal. And let me tell you: our guide was NOT afraid to get in the mix for the best photos. I swear he jumped into the water at least 12 times just to capture the perfect shots.

Swimming with dolphins in the wild was something I’ll never forget. I’ve never been that close to them before, and seeing them in their natural environment was mesmerizing and almost surreal.

After our dolphin adventure, we headed to Namba Island, where we snorkeled through the most beautiful coral and schools of fish. The water, the colors, the calm — it was one of those rare moments where you’re completely present and grateful just to exist in the moment.

The entire day was amazing. If I could’ve done this excursion more than once during my vacation, I absolutely would have. And next time I’m in Zanzibar, this will be one of the very first things I book again.

Highly, highly recommend — this experience is the definition of unforgettable.",en-gb,5.00,,t,viator,,Unique_E,"",Thank you for your positive feedback on our services. We truly appreciate your trust to book your tour with us and We are happy that you have enjoyed our services. We wish you nothing but the best of luck.,en,2025-11-21 17:20:22+05:30,1590,APPLICATION,2026-09-08 11:05:27.080753+05:30,,,f
PRVCDsSVb9sc,RSMiRzrRya4o,2025-09-30 15:45:33+05:30,"Tour guide was over 30min late with no contact that they were on the way, this was the 1st in the 8yrs I''ve used viator for tours that the guide was late. Always been unbelievably punctual.  I confirmed the day before the time and place for pickup. Hotel lobby 8am.  The office contacted me later in the day saying the guides thought we looking for them on the beach?!",en-gb,3.00,,t,viator,,Steve_R,"",This is very sad that we disappointed you during the pick up. We are sorry that it happened and We will definitely work on it so that we act right for the future travelers.  ,en,2025-10-04 14:37:21+05:30,1591,APPLICATION,2026-09-08 11:05:27.099711+05:30,,,f
PRvhZVohLK4G,RSF67XuXB2K4,2024-09-20 18:54:27+05:30,"The tour was fairly good. However, guide disappeared for 15 to 20 minutes and we were left wondering. Guide tried to get us to pay entries so we had to prove we already paid Viator. It took over half hour waiting for return taxi van. Confusion over paying return taxi; guide wanted USD 70 before taxi arrived and was going to leave to '"change'" it. We refused to give him money until taxi arrived, fearing a swindle. ",en-gb,3.00,,t,viator,,THOMAS_S,"","Hello 👋 sketchy, I’m so disappointed and extremely sorry for misunderstanding, normally we serve the tour but when you requested with the a taxi to be picked up than we had no choice other than to do the best of our capabilities to help our clients to reach us in stonetown , so we do not own the taxi we hired a taxi and when a tour guide asked you about the money and he needed to change that means the driver wanted the money and not our guide so he had no choice except helping you and the driver , sorry that he couldn’t explain when he left and go to ask for change as in Tanzania we use shilling as a currency and not dollers so the driver wanted his payment before stating the journey but as a tour it’s ours but a problem of a taxi we only helped you to reach us easily and that’s why if you chek up on our site we only sell a stonetown tour . 

Hope this response can make all the confusion clear and please don’t hesitate to chek us and write to us at anytime 

And we received all kind of feedback for that it’s where we become the best 

Thank you so much and hope to have you booking with us again ",en,2024-11-30 01:12:17+05:30,1592,APPLICATION,2026-09-08 11:05:27.103523+05:30,,,f
PRVi6tbDFOaX,RSxPEADDMnaX,2025-02-18 11:04:20+05:30,C'était une expérience magique les singes étais présent au rendez-vous nous avons vraiment aimé cette après-midi ,fr,5.00,,t,viator,,Karim_M,"",,,,1593,APPLICATION,2026-09-08 11:05:34.635025+05:30,,,f
PRvnpFUuQZ04,RSRBT68KgwG4,2026-05-11 11:20:35+05:30,"We had a good day from the cruise terminal, (Better signage would help though). Prison Island turtles especially interesting. Note to board the speed boat, it is from the stony beach, and you must remove shoes and roll up trousers. Not suitable for older or disabled passengers. Walking tour of the alleys and markets was excellent with our own guide. The ship’s group tours were all straggling along and heard nothing. I’m glad we booked with Viator. ",en-gb,4.00,,t,viator,,Howard_P,"",,,,1594,APPLICATION,2026-09-08 11:05:36.63059+05:30,,,f
PRvnpFUuQZ04,RShFmaibZnOl,2026-04-01 19:42:24+05:30,"It was an amazing experience getting to know and see more of Zanzibar. 
The tour operator were very helpful and professional.",en-gb,5.00,,t,viator,,Oluwabukola_A,"",,,,1595,APPLICATION,2026-09-08 11:05:45.587622+05:30,,,f
PRvnpFUuQZ04,RSqZXT0SrqSb,2026-01-13 07:16:14+05:30,"When we booked we thought we were having an opportunity to snorkel on Prison Island. This did not happen as there was no chance to do it. That was disappointment number one. The tour of the island was good however it appeared that our guide was reading the facts off his phone. Where ever we walked it was single file and he only spoke to me leaving me to tell my friend what the information was being said. He was a nice young man but it was obvious that he was in training and not an experienced guide.
When we reached shore we discovered that our tour was to be a walking tour of 3 hours and there was no air conditioned vehicle. At 31 degrees we would never have booked this tour to walk especially with the high humidity. 
While we were walking he ran into a store and bought us a 1.5 litre of water. Rather large to carry but there was no place to sit down and have a drink. Also, there was no washroom break - we are saying that the opportunity was not presented to us as it was to be a 3 hour walk. 
Our guide tried to meet our needs but fell short on the walking tour. ",en-gb,2.00,,t,viator,,Julie_W,"",,,,1596,APPLICATION,2026-09-08 11:05:45.592853+05:30,,,f
PRvnpFUuQZ04,RSFne3PqZCbN,2025-12-09 19:21:11+05:30,Guides were not very experienced. Suppliers should be vetted.,en-gb,2.00,,t,,partner,Dayalan,za,,,,1597,APPLICATION,2026-09-08 11:05:45.598755+05:30,,,f
PRvnpFUuQZ04,RSfTRyTrkMxb,2025-10-07 16:48:59+05:30,"Impressive, Guide was completely responsive to us and had a great knowledge. First visited Prison Island as it doesn''t have that many visitors in the morning.
Prima organizes everything!",en-gb,5.00,,t,viator,,Andrea_H,"",,,,1598,APPLICATION,2026-09-08 11:05:45.603098+05:30,,,f
PRvnpFUuQZ04,RSasPAgFoH8u,2025-10-04 11:41:23+05:30,"Have a wonderful tour with Mau the nice driver and Alex the excellent guide, recommend it warmly to anyone. ",en-gb,5.00,,t,viator,,Gabriel_K,"",,,,1599,APPLICATION,2026-09-08 11:05:45.606443+05:30,,,f
PRvnpFUuQZ04,RSCS94LAwqPZ,2025-09-04 17:20:19+05:30,Interesting history but not a whole lot to see on the island besides reading the history and seeing a building but was neat to see the tortoises. Stonetown tour was interesting… would have liked to have gone into freddie mercury museum. Our guide was great and knowledgable but at times was hard to hear and understand. ,en-gb,4.00,,t,viator,,Annelisse_P,"",,,,1600,APPLICATION,2026-09-08 11:05:45.609526+05:30,,,f
PRvnpFUuQZ04,RSdF8bmH5Ecl,2024-05-23 13:34:22+05:30,The guide Yakop was very knowledgeable  and accommodating.  My husband had difficulty walking so he quickly changed the tour to accommodate my husband's handicap.,en-gb,5.00,,t,viator,,SANDRA_E,"",,,,1603,APPLICATION,2026-09-08 11:05:45.620382+05:30,,,f
PRvnpFUuQZ04,RS0MDcGPRx8E,2023-12-20 18:50:13+05:30,"Overall experience was good a few suggestion and a few comments.
- it is almost a whole day experience, so have a heavy breakfast or plan lunch. 
- The spice store is worth it as long as the giant tortoises.
- The tour of Stonetown could be skipped especially if you don’t have a super knowledgeable and energetic guide. This is the reason why we give three stars to the experience or guide was not great. 
",en-gb,3.00,,t,viator,,Ibrahima_J,"",,,,1604,APPLICATION,2026-09-08 11:05:45.623924+05:30,,,f
PRVnZgAKeOGs,RSYnVcvJ3rbT,2026-06-27 15:04:31+05:30,So much fun! Going to the village was a priceless experience! Still can’t believe we did that. Nungwi beach was absolutely breathtaking 🫢 10/10 recommend ,en-gb,5.00,,t,viator,,Tanae_S,"","Hello,
Thank you so much for your amazing review! 😊 We’re thrilled to hear that the village visit was such a meaningful and unforgettable experience for you, and that you loved the breathtaking beauty of Nungwi Beach.

Your 10/10 recommendation truly means a lot to us. We hope to welcome you back soon for another unforgettable adventure in Zanzibar! 🌴✨

The Payo Quad Zanzibar Team 🌴✨",en,2026-06-29 11:23:58+05:30,1605,APPLICATION,2026-09-08 11:05:45.627354+05:30,,,f
PRVnZgAKeOGs,RSqHCXLLFRDV,2026-01-30 19:46:57+05:30,"Friendly staff and very patient
Instructors gave us time at the beach and took us pics, he offered a pine apple fruit ",en-gb,5.00,,t,viator,,Rose_M,"","Hello,
Thank you so much for your kind review! We’re happy to hear that everything was well organized and that our friendly, patient instructors made the experience enjoyable.

We’re glad you appreciated the time at the beach, the photos, and the fresh pineapple 🍍. We hope to welcome you back soon for another unforgettable adventure!

The Payo Quad Zanzibar Team 🌴✨",en,2026-02-03 12:03:52+05:30,1606,APPLICATION,2026-09-08 11:05:47.001725+05:30,,,f
PRVnZgAKeOGs,RSd4yL9uUrOf,2025-04-28 12:41:02+05:30,"We had a wonderful experienced Professional tour guide,went to visit the village and visited nungwi beach.Everything went well",en-gb,5.00,,t,viator,,Yolanda_G,"","Dear Valued Guest,

Thank you very much for your kind feedback. We are delighted to hear that you had a wonderful experience and that our professional tour guide made your visit to the village and Nungwi Beach enjoyable.

We’re glad everything went smoothly, and we truly appreciate you sharing your experience. We hope to welcome you again soon for another great adventure in Zanzibar.

Kind regards,
payoQuadZanzibar Team",en,2026-01-22 10:07:02+05:30,1607,APPLICATION,2026-09-08 11:05:47.007036+05:30,,,f
PRVnZgAKeOGs,RSXDgGqihEZ8,2024-12-16 15:32:56+05:30,You need to pay more and dont get picture of the event. Dont book it. Other companys are cheaper and better.,en-gb,1.00,2,t,viator,,Nick_L,"","Dear Valued Guest,

Thank you for sharing your feedback. We are sorry to hear that your experience did not meet your expectations regarding pricing and included services. We always aim to provide high-quality quads, professional guides, and safe, well-organized tours, which we believe adds value to the overall experience.

We appreciate your comments and will review how we communicate what is included with each package to ensure future guests have clear expectations.

Kind regards,
payoQuadZanzibar Team 🌴🛵",en,2026-01-22 17:18:39+05:30,1608,APPLICATION,2026-09-08 11:05:47.011863+05:30,,,f
PRvoEfd7T4Jn,RSZWNJ7gdOx0,2025-08-17 00:49:02+05:30,Abu bakr was our driver and was very polite and respectful. He go us to the airport in no time! Would definitely recommend ,en-gb,5.00,,t,viator,,Bilal_U,"",,,,1609,APPLICATION,2026-09-08 11:05:47.01549+05:30,,,f
PRvoEfd7T4Jn,RSeikIlf7tuY,2024-08-27 12:43:06+05:30,Driver sent me a message 30 mins before my pick up to say he had already arrived and will be waiting for me. Friendly driver.,en-gb,5.00,,t,viator,,Shonda_H,"",,,,1610,APPLICATION,2026-09-08 11:05:48.996829+05:30,,,f
PRvoEfd7T4Jn,RSVUIiIEf6ho,2023-11-01 21:36:39+05:30,"Good driver, nice car and short time to our destination despite the crazy traffic on the way. Thank''s ! ",en-gb,5.00,,t,viator,,Virgil_F,"",,,,1611,APPLICATION,2026-09-08 11:05:49.000407+05:30,,,f
PRvPtESo6qIc,RS2PPlKJ8RKG,2025-09-11 20:27:40+05:30,"Very insightful, learnt a lot about the history of stone town, and saw how a lot of the spices we use are grown. It was worth it",en-gb,5.00,,t,viator,,Sofiyat_A,"",,,,1612,APPLICATION,2026-09-08 11:05:49.003883+05:30,,,f
PRvPtESo6qIc,RS4N7UaMpFlv,2025-05-31 16:17:06+05:30,Pietro and his helper Juma were great guides for the spice tour and Amadi was great for the stone town tour. The only thing I didn’t like was that we didn’t receive any bottled water and it was definitely needed for both tours. Our driver Ali was great as well.,en-gb,5.00,,t,viator,,Hamesha_J,"",,,,1613,APPLICATION,2026-09-08 11:05:54.596071+05:30,,,f
PRvPtESo6qIc,RSFHrHuSXb9F,2024-06-09 14:14:19+05:30,Amazing tour our guid was extremely knowledgeable. The spice farm was a blast! I would highly recommend! ,en-gb,5.00,,t,viator,,Nakeisha_V,"",,,,1614,APPLICATION,2026-09-08 11:05:54.601205+05:30,,,f
PRvQY69nx4nT,RSetyQfY2hoT,2026-07-09 00:18:03+05:30,Este restaurante es increíble y no sólo por las vistas sino por su exquisita comida. Genial,es,5.00,,t,,partner,,,,,,1615,APPLICATION,2026-09-08 11:05:54.606223+05:30,,,f
PRvWbs9hPCwG,RSM23sEGO2m6,2026-08-02 20:52:02+05:30,"Ahmed nous a immergé dans l''histoire de zanzibar et stone town. La visite a été vraiment très intéressante. De plus, Ahmed parle un très bon français.",fr,5.00,,t,,partner,,,,,,1616,APPLICATION,2026-09-08 11:05:55.812682+05:30,,,f
PRVWE72xvj9d,RSARdBpVGMwg,2025-11-14 16:49:34+05:30,"We had 2 guides, one perfect French at the spice farm, the other for Stone Town was difficult to understand, so we didn''t learn much:-(
He was doing his best but hey...
Moreover, between 8:30 am and the return to the hotel at 2:30 pm, no toilet break was offered to us, nor any lunch break (which would obviously have been at our expense).
In short, a long and complicated day overall.",en-gb,3.00,,t,viator,,SABINE_M,"",Thank you so much for shearing review with us we appreciate your feedback but as we know France language is not our national language we just learn it we can't be perfect like the people who were born in France but all in all we will do our best to improve and to correct our mistakes thank you so much ,en,2025-11-21 08:02:48+05:30,1617,APPLICATION,2026-09-08 11:06:01.738956+05:30,,,f
PRvwvdfPFhqd,RSrhdxDvmx4d,2025-11-05 02:58:30+05:30,"Nikdy už nepojedu taxíkem přes booking, nejhorší zážitek z celého výletu, taxík nebyl na místě a když jsme mu volali zdělili nám že nemají řidiče, potom jsme strašně dlouho čekali, přijeli a chtěli ještě víc peněz než jsme vůbec přes booking zaplatili",cs,1.00,,t,,friends,,,,,,1618,APPLICATION,2026-09-08 11:06:03.418283+05:30,,,f
PRW8xtVkQq3s,RSQhyu4MvxID,2026-07-03 13:37:41+05:30,"TERRIBLE. The provider Africa & Beyond Tours & Travels Ltd, cancelled the tour at 9:30 AM via a WhatsApp text message, requesting to reschedule to another day. After a severe and very unpleasant back forth, the tour began at 11:30AM, with the first spot being 1hr 30mins away. Only managing two sites with 1hr at each. I would certainly not recommend this service provider at all. The tour (10hrs) is also unrealistic logistically, especially for kids. NO VALUE FOR THE MONEY.",en-us,1.00,,t,,family,,,,,,1619,APPLICATION,2026-09-08 11:06:04.455515+05:30,,,f
PRwAFEzv5RGK,RSR4lVhJeNQD,2026-07-25 20:32:46+05:30,"Communication was terrible, they were late, which made us late for everything else. At half time, we stopped at beach so I could get off and my husband could continue alone, then the jetski didn''t want to start again. If that happened in the ocean, what then? Rather disappointed in the whole experience with this company",en-gb,3.00,,t,viator,,Elna_B,"",,,,1620,APPLICATION,2026-09-08 11:06:14.038159+05:30,,,f
PRWgYkMwfkWO,RS5ZGBFl3mMK,2024-10-17 10:15:37+05:30,"Bonne approche des incontournables de Stone Town. Malheureusement j’avais déjà visité l’église anglicane et le musée Mercury avant. Dont la visite a été moins longue et le guide n’a pas meublé. Malgré tout, je recommande.",fr,4.00,,t,viator,,JeanBernard_M,"",,,,1621,APPLICATION,2026-09-08 11:06:17.11872+05:30,,,f
PRWJee8pKFVn,RS5j8Vqg12OD,2025-12-05 03:20:51+05:30,We took the cooking class but no one was communicating with us we sat there as the ladies cooked no one explained anything- it was a boring cooking class.  our tour guide was on his phone walking ahead of us - I would have enjoyed the experience if the experience was better organized ,en-gb,4.00,,t,viator,,Lisa_R,"",,,,1622,APPLICATION,2026-09-08 11:06:28.208824+05:30,,,f
PRwpjTGANple,RS0rUDY9sWgu,2025-08-04 01:33:53+05:30,First of all they are not organized i told them to pick me up from the hotel at 2 PM I waited at the hotel lobby until 2:17 no one showed and they didn't answer then after i arrived to the meeting point they answered and told me that the guide is on the way to pick me After I found the guide we walked with him to the boat that wasn't prepared and they didn't know which one was ready After they found the boat we followed the guide The boat was a fishing boat no safety tools no life jackets when asked for they laughed at me and said don't worry nothing is going to happen In the booking including drinks and soda but we didn't get anything The guide was nice The trip wasn't bad but not what I thought or expected It's not worth this amount of money,en-us,1.00,,t,,friends,Hana,sa,,,,1623,APPLICATION,2026-09-08 11:06:32.330335+05:30,,,f
PRwqJd8JdpWn,RSx9LfD8pp7N,2025-03-02 12:48:02+05:30,"A praia é magnífica, com uma cor incrível! Comemos fruta e também nos foi cedido um toldo! Recomendo esta experiência!",pt-pt,5.00,,t,viator,,Marco_F,"",,,,1624,APPLICATION,2026-09-08 11:06:39.255954+05:30,,,f
PRwqJd8JdpWn,RSMfzem4KdBA,2024-09-23 17:13:44+05:30,This was a beautiful experience. There were changes to the meeting time but the captain made sure to let me know a day in advance which I really appreciated. He was really sweet and made sure I had a good experience. ,en-gb,4.00,,t,viator,,Hawi_I,"",,,,1625,APPLICATION,2026-09-08 11:06:41.656388+05:30,,,f
PRwqJd8JdpWn,RSKLt7ICBfn8,2024-08-16 16:04:48+05:30,"Nakupenda est un très beau banc de sable. Cependant, à 12h la marée recouvre quasiment en totalité le banc, et tout le monde est agglutiné au même endroit. Beaucoup trop de personne pour un si petit lieu. Notre capitaine Omar, était gentil mais très absent. Nous n’avons pas eu de discussion avec lui, malgré plusieurs tentative…. Jolie, mais trop cher pour l’activité ",fr,3.00,,t,viator,,Emma_B,"",,,,1626,APPLICATION,2026-09-08 11:06:41.661198+05:30,,,f
PRwqJd8JdpWn,RSHZ4rPPklbb,2024-06-14 14:41:43+05:30,The whole experience the care the guides take to keep.you safe show you everything. This sandbank is lovely it is surreal the wsters are warm and calm the guide put up a shekter from the sun and cut up loads of fruit for us sat in his boat until ready to go no rushing around nothing did offer snirkelling but we were l8vely the beach too much get there early not too busy although wevlow season great tour worth money,en-gb,5.00,,t,viator,,elaine_p,"",,,,1627,APPLICATION,2026-09-08 11:06:41.666742+05:30,,,f
PRwqJd8JdpWn,RS8M2QBdnpTg,2024-04-27 16:50:24+05:30,My wife and I had a great beach day on this beautiful island. Our tour guide made it possible because he took time in 2 separate occasions to help me with changing the day of my tour which was awesome! The island is a short boat trip once there you will be greeted with a crystal clear water. Lucky for us the tide was very low so we saw a much bigger island! I would recommend this tour to anyone who is in Zanzibar.,en-gb,5.00,,t,viator,,Manasse_M,"",,,,1628,APPLICATION,2026-09-08 11:06:41.671277+05:30,,,f
PRWR6T2MIKiu,RS00svy62hkU,2025-01-08 19:10:47+05:30,"Picked me at on time, professional and friendly!! Even came and drove me to a photo shoot waited and returned me back to my hotel !!",en-gb,5.00,,t,viator,,Gina_W,"",thank you,en,2025-02-17 09:02:46+05:30,1629,APPLICATION,2026-09-08 11:06:41.675144+05:30,,,f
PRwWGMM3bOYU,RSCWEdS4LVXQ,2025-02-19 16:27:20+05:30,"decevant, il etait noté sur l''annonce de l''activité dejeuner, fruits de mer, nous n''avons eu que fruits jus et eau (abu nous a dit que le gouvernement n''autorisé plus cela mais dans ce cas supprimez le de l''annonce c''est mensonger), il etait noté equipements de snorking, nous avons amené un, il nous en a preté un deuxieme mais attention aucune palme comme sur la photo, nous avons vu une dizaines de poissons identiques, ca fait un peu chasse aux dauphins, je ne recommande pas",fr,3.00,,t,viator,,charlotte_b,"","Thank you very much for booking us, and apologies for inconvenience caused on your special day. We follow up your concern and definitely we will get back to you soon",en,2025-02-25 13:41:12+05:30,1630,APPLICATION,2026-09-08 11:06:46.736627+05:30,,,f
PRWwSwMG2JY2,RSPT2jMi0LxW,2024-08-03 11:40:53+05:30,"+we had the same guide for everything (driving, sandbank, picnic, barterer) which I loved, was also my impromptu photographer 
+we also tipped the chef and sail men as they deserved it 
-I’d like to have to just tip one person for everything 
+great customer service 
-you’ll need to pay to go to the bathroom, our guide took care of this and we made sure to add onto the tip
-for having to pay for the bathrooms I would expect them to be cleaner ",en-gb,4.00,,t,viator,,Marissa_I,"",,,,1631,APPLICATION,2026-09-08 11:06:51.385407+05:30,,,f
PRX0ZWzMq42t,RSWAMuofYAAE,2024-02-08 19:16:15+05:30,It is a wonderful program! First of all we visited the farm afterwards I cooked together with a young lady from zanzibar. We prepared 4 different dishes and a salad. Everything self-made together. I enjoyed every single minute and in the end we were eating together. Really very nice! After than we also had a fruit tasting. I think 10 different kind of fruits! I was very happy to join this wonderful program!,en-gb,5.00,,t,viator,,Ricarda_K,"","Thank you very much, it was very pleasant to be with you in this experience. We will always ensure that we provide the best services to meet satisfaction. Thank you again for trusting us.",en,2024-02-09 19:25:54+05:30,1632,APPLICATION,2026-09-08 11:06:52.752561+05:30,,,f
PRX4yoeHslhc,RSvaRsQvubzf,2026-06-30 04:28:51+05:30,"The sunset cruise advertised as upto 30 people on the dhow… i counted over 50 so it was very crowded. There was very little personal spcae. However, once they started the music and drums the people on board started to dance away and it became entertaining to watch (although a little embarrassing!). Food provided was only water and a few slices of fruit. In my opinion, not worth the price we paid.",en-gb,3.00,,t,viator,,Kamran_K,"","Thank you for sharing your feedback. We''re sorry to hear that the cruise felt more crowded than you expected. We appreciate your comments, as they help us improve the experience we provide. We''re pleased to know you enjoyed the live music and entertainment on board. Your observations regarding the space and refreshments have been noted and will be shared with our team for review. Thank you for choosing us, and we hope to have the opportunity to provide you with a better experience in the future.",en,2026-07-01 16:49:52+05:30,1633,APPLICATION,2026-09-08 11:06:53.828049+05:30,,,f
PRZ5hLQZPDxN,RS4cB0Bp7kWM,2024-04-03 07:17:27+05:30,Alles perfekt.. nett freundlich und einfach gut. Sicherer Transfer. Pünktlich am Flughafen und sicher ins Hotel gebracht.,de,5.00,,t,viator,,Dirk_K,"",,,,1677,APPLICATION,2026-09-08 11:08:16.433074+05:30,,,f
PRX4yoeHslhc,RSGOv7PIhz68,2025-11-08 22:25:13+05:30,"This is an absolutely must do when in Zanzibar! The music, food and vibes are everything you want to experience. ",en-gb,5.00,,t,viator,,Michelle_V,"","Thank you so much for your wonderful review! 🌅✨
We’re thrilled to hear you enjoyed the dhow cruise in Kendwa and Nungwi. The music, food, and vibes really make it a magical experience, and we’re glad it exceeded your expectations. We hope to welcome you again for another unforgettable adventure on Zanzibar’s beautiful waters! 🚤🎶🍴",en,2025-11-09 15:54:52+05:30,1634,APPLICATION,2026-09-08 11:06:57.020577+05:30,,,f
PRX4yoeHslhc,RSPbj5R96jnN,2025-10-02 04:22:33+05:30,"We had a somewhat bad experience in that, when we arrived on the day of our online booking, the man in charge of the boat showed us away. So we went back to our hotel - very upset. A few hours later, we received a WhatsApp asking where we were! So, we rescheduled for the next day and had to travel all the way back. This is when we realised that it was the same man that showed us away the previous day that received us! The boat trip, however, was nice.",en-gb,3.00,,t,viator,,Cornelia_H,"","Thank you very much for your feedback. We are truly sorry for the confusion and inconvenience you experienced on the first day, and we sincerely apologize for the frustration this caused. This situation does not reflect the level of service we aim to provide. We are glad, however, that you still enjoyed the boat trip once it went ahead, and we appreciate your patience and understanding. Your comments are very valuable to us, and we will make sure to improve our coordination to avoid such issues in the future. We hope to welcome you again.",en,2025-10-02 17:35:16+05:30,1635,APPLICATION,2026-09-08 11:06:57.024141+05:30,,,f
PRxDteYsKGEO,RSRUJurQbLI2,2026-02-15 14:58:22+05:30,"After searching various trips which included the turtles in the south of the island, we came across this one which suited us perfectly.  Hassan and his driver collected us on time and both were very friendly. 
We started with the National Park Jozani, about an hours drive, and saw the red Columbus monkeys.  We then went to Salaam Cave and got in the clear water to feed the with turtles, which was amazing.  After spending 30 minutes with the turtles, they took us to the most beautiful beach, Mtende Beach, definitely well worth a visit.  
Hassan was the perfect guide and nothing too much trouble.   We would definitely recommend him and also his driver on this excellent trip. 
You won’t be disappointed.  

",en-gb,5.00,,t,viator,,Grace_Y,"",Thank you a lot. Satisfaction is our primary goal.,en,2026-04-30 10:57:32+05:30,1636,APPLICATION,2026-09-08 11:06:57.02807+05:30,,,f
PRxDteYsKGEO,RSokaMp3CqiX,2025-08-03 14:15:58+05:30,"Beautiful sights, great experience with the turtles and the monkeys, and very friendly driver. No rush, we decide the timings. Hakuna Matata",en-gb,5.00,,t,viator,,Antonio_C,"",Thank you very much. We will always do our best to provide good services to our travelers.,en,2025-08-16 23:44:22+05:30,1637,APPLICATION,2026-09-08 11:07:02.867455+05:30,,,f
PRXEfITBEcKi,RS3VvGp3HrIv,2026-01-21 22:14:13+05:30,"At the agreed time, the driver went to pick us up. The driver was very kind.  Get them to our destination before the scheduled time.",en-gb,5.00,,t,viator,,RosaMaria_B,"",Thank you for supporting us ,en,2026-01-22 13:43:58+05:30,1638,APPLICATION,2026-09-08 11:07:02.872964+05:30,,,f
PRXEfITBEcKi,RS1X8YVGYa0e,2025-10-06 11:33:24+05:30,Just make sure you reconfirm your transfer details before proceeding. The driver was very nice and helpful though but there was a mistake on the booking. Which couldn’t be corrected at the end of the day.,en-gb,5.00,,t,viator,,Oluwabukola_A,"",Thank you ,en,2025-10-07 14:55:47+05:30,1639,APPLICATION,2026-09-08 11:07:04.754349+05:30,,,f
PRXEfITBEcKi,RSFFzs190orj,2025-04-09 16:27:56+05:30,Ismail was great. Would highly recommend using him. My fiancé and I were picked up on time. Then he even gave me his number for future trips and picked us uo the next morning and arranged round trip pricing in advance. ,en-gb,5.00,,t,viator,,Anthony_L,"",Thank you so much for taking your time to rate and comment we are really appreciate,en,2025-04-11 06:54:24+05:30,1640,APPLICATION,2026-09-08 11:07:04.759636+05:30,,,f
PRXEfITBEcKi,RScPhDlRpdtp,2024-07-29 17:27:29+05:30,"Ismail was the best! We were in regular communication for him to pick us up from the airport, and we saw his sign right away. He knew where our AirBNB was even when the directions weren''t clear to us. 
We used him again for multiple airport transfers during our trip, and both he and his driver were friendly, helpful, and punctual. Highly recommend him for any of your driving needs! ",en-gb,5.00,,t,viator,,Alyssandra_D,"",,,,1641,APPLICATION,2026-09-08 11:07:04.764612+05:30,,,f
PRxfnFfi66f2,RSCcMaFRozmQ,2026-02-15 14:14:50+05:30,"Great, great trip beginning to end! Pickup at your hotel, to the airport, flight to Tanzania, safari, back to airport, drop off at your hotel.
Smooth, smooth, smooth! Right on time, great service, great safari, food, and drinks.
Beginning to end perfect. Lots of animals sighted and an overall perfect day!!
Highly recommend to anyone!!! A safari of a lifetime!!
Thank you so much!!",en-gb,5.00,,t,viator,,Steven_F,"",,,,1642,APPLICATION,2026-09-08 11:07:04.76838+05:30,,,f
PRxfnFfi66f2,RS9GJObfnB3e,2025-08-27 06:42:23+05:30,I went on my birthday and had an amazing time. Transportation was provided safely to and fro. The guide was knowledgeable and amazing. Highly recommended. ,en-gb,5.00,,t,viator,,Charles_C,"",,,,1643,APPLICATION,2026-09-08 11:07:07.619251+05:30,,,f
PRxKRirMyBly,RSnLtjVmg4JL,2024-01-20 18:05:21+05:30,Very friendly driver although you advertise bottled water and wifi in vehicle.  Neither was offered to us which was disappointing.,en-gb,4.00,,t,viator,,kerryahills,"",,,,1644,APPLICATION,2026-09-08 11:07:07.62378+05:30,,,f
PRXO819PdWjP,RSgPeAKZ1UID,2026-03-03 14:57:42+05:30,The snorkeling was lovely and the experience was authentic. Youssef was helpful and navigated well. There were quite a few other boats out with us so while being a private boat it was not a fully private experience. It was a mad dash every time the dolphins surfaced. We were staying at a hotel that was a significant drive away so we opted to go home after lunch so cannot speak to the turtle or sunset beach experience. ,en-gb,5.00,,t,viator,,TRAVIS_E,"",,,,1645,APPLICATION,2026-09-08 11:07:15.853298+05:30,,,f
PRXQbVNoa6be,RSJRg9KgzSUd,2026-07-08 12:07:22+05:30,"Nice trip, saw plenty of dolphins. There were alot of other boats as well which gives you the impression that the dolphins are perhaps feeling uncomfortable. It was possible to jump in to swim with them but we didn''t do that. Seeing them was good enough. After that we went snorkeling, also a very popular spot so it was busy as well. We moved our boat a bit further away where it was quieter. We stopped for lunch at a local restaurant, really nice seafood with lobster, prawns, tuna and squid. The only thing that spoilt it was a big downpour on the way back.",en-gb,5.00,,t,viator,,Phil_L,"",,,,1646,APPLICATION,2026-09-08 11:07:21.400199+05:30,,,f
PRxtpiSwOiNj,RSGkcDVjUTpF,2026-07-04 10:24:21+05:30,Excellent tour with very informed guide who showed us all around stonetown. 100% worth it! Wonderful experience ,en-gb,5.00,,t,viator,,Abdillahi_M,"",,,,1647,APPLICATION,2026-09-08 11:07:25.585488+05:30,,,f
PRzZWW4sM3DB,RSqQf3ulm22j,2026-05-05 16:19:33+05:30,"Make sure that you wear shoes that can pair of gloves because it rained and it’s kind of muddy cause you will be in the farm big bug spray because you’re actually walking through trees and mines inside but it’s very educational and it’s very informative the Stonetown tour and the prison tour were fantastic, and God was amazing",en-gb,5.00,,t,viator,,WILLIAMD_W,"","Thank you for rating and comment.
Really appreciate ",en,2026-05-06 14:25:09+05:30,1704,APPLICATION,2026-09-08 11:09:03.319779+05:30,,,f
PRxtpiSwOiNj,RSuTM8M2E8I0,2025-09-19 17:21:10+05:30,"We spent two nights in Stone Town after a beach stay on the East Coast and had read that a walking tour was a must-do to appreciate the history and culture of the area. After reading glowing reviews, we decided to book with Nouman and were looking forward to the experience.
Unfortunately, things got off to a rough start. We were told to meet at 9:00 AM and arrived promptly, but Nouman showed up 10–15 minutes late. While he mentioned later that he had bike trouble, we had sent texts to check in and received no response — a simple message would have gone a long way in setting expectations and starting things off on a better note.
Throughout the tour, Nouman frequently took phone calls, which made us feel like we weren''t a priority. He would share a brief bit of information and then return to his phone, making it difficult to stay engaged or feel like we were having a personalized experience. Admittedly, we may not have been the most enthusiastic group, but it’s hard to be when you feel like an afterthought.
At $50 USD, we expected more value — both in terms of professionalism and depth of information. In hindsight, exploring on our own with a guidebook or online resources might have been more enjoyable and cost-effective.",en-gb,2.00,,t,viator,,Janic_H,"",,,,1648,APPLICATION,2026-09-08 11:07:26.507394+05:30,,,f
PRXuZvYpFBVd,RSa9MtKICaB3,2026-06-22 17:00:31+05:30,"Ibrahim is the best guide in Zanzibar. I loved the tour, the monkeys, the beach and the cave. Learned a lot for Ibrahim about the nature and the culture. Amazing tour!!!",en-gb,5.00,,t,viator,,Isabel_B,"",Thank you so much for your kind review! It was a pleasure guiding you. I'm happy you enjoyed the tour and learned about Zanzibar's nature and culture. Hope to see you again! 😊,en,2026-06-23 21:11:16+05:30,1649,APPLICATION,2026-09-08 11:07:26.511292+05:30,,,f
PRXuZvYpFBVd,RSd7W8DWKRu9,2026-01-05 13:40:04+05:30,"The JOZANI forest was really cool. We  got to see monkeys interacting! Our guide was really knowledgeable and very nice. The mangroves were very interesting and I enjoyed walking through them! The cave was super cool.. The water was so refreshing and when we were done, we got to play drums with local musicians that was really special.",en-gb,5.00,,t,viator,,Julie_M,"",Thank you very much for your excellent review. I’m glad you enjoyed the experience. It was a pleasure having you,en,2026-01-06 07:43:52+05:30,1650,APPLICATION,2026-09-08 11:07:27.713173+05:30,,,f
PRxv8IKNTZLt,RSFkxtwRpOEt,2025-12-12 07:52:56+05:30,"Beautiful quad bike ride, accompanied by two very friendly guides. 
The terrain was varied and we made several stops in very pleasant places.

The escorts adapted their driving to our pace and spontaneously took photos/videos to keep beautiful memories.

The quads are new and modern.

With the company having opened recently, there is still a lack of organization to make the experience perfect.

Very good value for money, we recommend!",en-gb,4.00,,t,viator,,margot_j,"","Merci beaucoup pour votre super retour ! 
Nous sommes ravis que vous ayez apprécié la balade, les différents terrains et que nos guides aient contribué à immortaliser ces moments. Vos remarques sur l’organisation sont notées et nous travaillons chaque jour pour améliorer l’expérience et la rendre parfaite.
Au plaisir de vous accueillir à nouveau pour une nouvelle aventure en quad !",fr,2026-01-20 12:22:26+05:30,1651,APPLICATION,2026-09-08 11:07:27.717196+05:30,,,f
PRXvoXK133fA,RSEM3R03L5Nv,2025-10-03 09:23:01+05:30,"We got to see so much of the island in one day. We snorkeled, swam in a cave, went to Paje beach, ate at the Rock. Our guide was so nice and accommodating! ",en-gb,5.00,,t,viator,,Michelle_V,"",Welcome back zanzibar thank you so much ,en,2025-12-06 20:12:39+05:30,1652,APPLICATION,2026-09-08 11:07:28.552196+05:30,,,f
PRxWx0dCpuWK,RS35Wbtxjfse,2025-10-29 11:28:37+05:30,"Varokaa! Ottivat rahat mutta palvelu ei toteutunut, eivätkä palauttaneet rahoja. Asiaa piti lähteä selvittämään oman luottokorttiyhtiön ja Bookingin asiakaspalvelun kautta! Älkää ostako näiltä mitään!!!!!!",fi,1.00,,t,,friends,Miia,fi,,,,1653,APPLICATION,2026-09-08 11:07:32.817593+05:30,,,f
PRxWx0dCpuWK,RSNiQ1VXaKon,2025-07-01 09:03:06+05:30,"Fantastic experience snorkeling with Mody Tours in Zanzibar. The crew was courteous, knowledgable and punctual. This was truly a VIP experience.   ",en-gb,5.00,,t,viator,,ndelemar,"",,,,1654,APPLICATION,2026-09-08 11:07:33.767892+05:30,,,f
PRxWx0dCpuWK,RSCCjarLZgfc,2024-11-18 12:10:18+05:30,"The snorkeling was beautiful and it was lovely to eat freshly cut fruit on a boat. We also saw dolphins as an added bonus. The day felt slightly rushed and ended before allocated time. Just to note, there are no changing facilities/washrooms.",en-gb,3.00,,t,,alone,,,,,,1655,APPLICATION,2026-09-08 11:07:33.773966+05:30,,,f
PRxWx0dCpuWK,RSIp6CMXC4nf,2024-08-25 22:50:38+05:30,A nice experience of Snorkeling and sea Life. Good seafood nera the beach,en-gb,5.00,,t,,partner,Alberto,it,,,,1656,APPLICATION,2026-09-08 11:07:33.779735+05:30,,,f
PRxWx0dCpuWK,RSE9HJcBOeGG,2024-06-16 21:32:18+05:30,"Bonita excursión de snorkelling, en la cual tuvimos la oportunidad de ver delfines y nadar con ellos. No pudimos ir al banco de arena, por estar la marea alta pero Mody, nuestro guía nos preparó una enorme y rica bandeja de frutas frescas q tomamos en la barquita y nos llevo a comer una barbacoa de marisco. Fue atento con nosotros y pasamos muy buen día.",es,5.00,,t,viator,,IsabelMara_B,"",,,,1657,APPLICATION,2026-09-08 11:07:33.783209+05:30,,,f
PRxWx0dCpuWK,RShKG8pEO1Tk,2024-02-22 21:05:36+05:30,This entire experience was incredible. Mody was kind and patient. We went with our 6 year old son and he thoroughly enjoyed it. We ended up booking another excursion with Mody based on this great tour. The food was also amazing. 10/10,en-gb,5.00,1,t,viator,,Danielle_A,"","Thanks so much for enjoying with us  
Be blessing",en,2024-02-23 15:57:03+05:30,1658,APPLICATION,2026-09-08 11:07:33.786659+05:30,,,f
PRxWx0dCpuWK,RSuepgwt12p7,2023-10-16 12:11:52+05:30,Greatest thing to try in Zanzibar and I also enjoyed a lot more from my tour guard he’s the best ever ,en-gb,5.00,,t,viator,,Kingsley_N,"",Thanks for choice us,en,2024-02-23 16:00:01+05:30,1659,APPLICATION,2026-09-08 11:07:33.790394+05:30,,,f
PRY0t1BIiylE,RS5CgYuYsYfp,2025-02-14 11:16:32+05:30,"Fahrer war pünktlich, Kommunikation war sehr gut. Hatte deutschsprachigen Guide mit. Tour dauerte etwa 5-6 Stunden. Kann man machen...",de,4.00,,t,,alone,André,de,,,,1660,APPLICATION,2026-09-08 11:07:33.794215+05:30,,,f
PRY0t1BIiylE,RSsJcmVQaUL3,2025-02-08 21:38:58+05:30,Excellent guide. Very well informed on all aspects of the tour.  Pick up was on time. I would recommend.,en-gb,5.00,,t,viator,,Sadie_K,"",Thank you for your support,en,2025-02-12 06:56:02+05:30,1661,APPLICATION,2026-09-08 11:07:41.439874+05:30,,,f
PRybR5VvXX6R,RSYew58ElTi9,2024-10-15 19:59:33+05:30,My guide was very kind and knowledgeable. We went to stone town walking tour then Changu island then spice farm. The food and fruit was delicious at the spice farm. I would recommend booking with this guide. Please note some services along the way may require tip so bring smaller currency notes.,en-gb,5.00,,t,viator,,MardjanSidiqi,"","Dear Mardjan.
Thank you so much for sharing your wonderful experience. We really appreciate that. Hope to see you again.

Best Regards.
Mo.",en,2024-10-17 07:04:26+05:30,1662,APPLICATION,2026-09-08 11:07:41.444644+05:30,,,f
PRzZWW4sM3DB,RSIeClstwizZ,2026-03-31 00:21:20+05:30,"Ottima esperienza , avevamo una guida che parlava anche italiano di nome Juma, che ci ha spiegato tutto nei minimi particolari . Bellissima l’esperienza al mercato degli schiavi e alla spicy farm. Tutti sempre molto gentili e accoglienti . Il servizio navetta ottimo, ben organizzato , il driver molto gentile . Assolutamente la consiglio",it,5.00,,t,,family,Cinzia Elisabetta,it,,,,1705,APPLICATION,2026-09-08 11:09:03.324061+05:30,,,f
PRybR5VvXX6R,RSNhoOvIiyip,2024-07-10 08:34:05+05:30,"The spice farm experience and Prison Island were unique. There wasn''t much that stood out in Stone City and our tour guide was more interested in Stone City than the other two places that we visited, I would say that he was more interested in explaining things that I have to do with his religion than other things. Made me buy clothes to cover myself because according to him my dress was too short and we could only buy in shops that he wanted.",en-gb,2.00,,t,viator,,Tsakani_S,"","Dear Tsakani.
Thanks a lot for your feedback, we really appreciate you sharing your concerns to what may have happened.

I think there may have happened misunderstanding when the tour guide told you to buy a dress to cover, according to the culture of this country, The government insist the tour operators that all travelers should obey and practice some small things while visiting public places like villages, towns, cities, schools and markes.

It is forbidden to a tour guide to walk with travelers with too short outfits, skintight as well as transparent clothes, this is the order from the Government and not the tour guide, if the travelers walk in those kind of clothes, the tour guide and the tour company he is working for are given penalty of paying certain amount, stop working for a period or both of them, this may even result for a company to be stoped from doing tour business. For these reasons, I would like to advocate the tour guide that he was not doing any religious thing but he was doing his job as it''s supposed by the rules and regulations of doing this job from the local government.

Lastly, we are very apologetic for this.

Thanks again for sharing your experience.
",en,2024-07-10 20:50:49+05:30,1663,APPLICATION,2026-09-08 11:07:52.557308+05:30,,,f
PRybR5VvXX6R,RSC47hKfhdBS,2024-06-28 05:57:11+05:30,"We had wonderful private tour with Mohamed. He picked us up at the Hotel and took us to Prison Island and walking tour of Stone Town. He was knowledgeable about Zanzibar, its history and people. We had a terrrific tour of the Spice Farm led by Bill. We had lunch at the farm before the tour then Bill gave us a detailed and informative walk through the spice fields. Highly encourage this day tour.",en-gb,5.00,,t,viator,,susan_w,"","Dear Susan.

Thanks a lot for sharing your wonderful experience. It''s our pleasure doing this great tour with you and being satisfied.

Hope to see you again.

Best Regards.
Mo.",en,2024-06-28 21:41:22+05:30,1664,APPLICATION,2026-09-08 11:07:52.562706+05:30,,,f
PRYcbxyhkYc5,RSH2uVPv9Thz,2024-03-28 08:43:20+05:30,"The staff were great, they were on time for the pick up. Helped us from the luggages. Made sure we we arrived safe to the hotel ",en-gb,5.00,,t,viator,,VENUS_B,"","We appreciate you taking the time to evaluate our services and offer your comments. We rely heavily on your feedback as we work hard to maintain and improve the quality of our clients'' services. We sincerely hope that you will serve as our representative and tell others about our outstanding offerings. We truly appreciate your comments and kind words, and we thank you for your continued support. We hope to exceed your expectations and serve you again in the future. We appreciate your participation in our quest for greatness. 
 ",en,2024-06-07 15:46:52+05:30,1665,APPLICATION,2026-09-08 11:07:52.567537+05:30,,,f
PRydg65wCh4b,RSIUOJ86Lx3p,2026-07-13 12:50:54+05:30,"Very helpful and courteous gentleman. Always there when you need him and very punctual! Thank you very much for your help and support! Can recommend it to everyone for tours and activities. (booked 2 times within 4 days)

See you soon!",en-gb,5.00,,t,viator,,Pavanithan_P,"",You are welcome again,en,2026-07-14 02:00:05+05:30,1666,APPLICATION,2026-09-08 11:07:56.765458+05:30,,,f
PRyiUg5EJGTK,RSfPLWxqdNY2,2025-02-12 14:09:28+05:30,Tour company cancelled on us last minute and without reason. Book with your hotel if you value your time. ,en-gb,1.00,,t,viator,,Michael_W,"",,,,1667,APPLICATION,2026-09-08 11:07:58.000572+05:30,,,f
PRyog6ZRCPoU,RSDckuAIEZgl,2025-02-28 07:18:31+05:30,"Merci à mon guide Salim très sympathique et riche en histoires sur la ville.
Je recommande cette visite parfaite.",fr,5.00,,t,viator,,Claudine_R,"",,,,1668,APPLICATION,2026-09-08 11:08:02.668686+05:30,,,f
PRyog6ZRCPoU,RSa9e7r3ngY7,2024-12-01 07:58:30+05:30,"This two-hour walking tour is a great way to be introduced to Zanzibar. I was fortunate to have Ferangi (sp) as my tour guide. He provided a historical overview of Zanzibar, explained the architecture, including the beautiful Zanzibar style doors, and took me thorough a fun and interesting tour of the maze of Zanzibar streets and local neighborhood sites. The tour included visiting the East Africa slave trade museum which Ferangi gave me the option on how much time I needed to review the exhibits in museum, and in the church, he provided more information about this sad and dark part of human history. We went to the Souk (open air market) where Ferangi helped me find some tea, visited the beautiful park by the ocean, and visited the Fort, all while hearing about Zanzibar''s history and other local information.  I highly recommend this tour, and apologies if I misspelled my guides'' name.",en-gb,5.00,,t,viator,,Anonymous,"",,,,1669,APPLICATION,2026-09-08 11:08:11.603813+05:30,,,f
PRyog6ZRCPoU,RS5A4RENIsNK,2024-11-02 17:50:35+05:30,Our guide was very knowledgeable and informative about the place. I also appreciated how he grew up there and could tell you how other buildings changed. He was also kind enough to end the tour at the restaurant we had a reservation at for lunch 🙂.,en-gb,5.00,,t,viator,,Emmanuel_T,"",,,,1670,APPLICATION,2026-09-08 11:08:11.608678+05:30,,,f
PRyog6ZRCPoU,RSwbZPo6MLFe,2024-02-24 14:32:19+05:30,"Guide très sympa, maîtrisant globalement le français,  et connaissant bien la ville et son histoire.
Pour se retrouver dans le dédales de rues, il était nécessaire d avoir un guide.",fr,5.00,,t,viator,,Sebastien_L,"",,,,1671,APPLICATION,2026-09-08 11:08:11.613138+05:30,,,f
PRYpjJ3Nm4Yg,RS86z37bYeRa,2025-08-13 04:36:46+05:30,Was a pleasure taking this tour. Was easy and hassle free. It was a quick and easy trip by boat to Prison Island and back and then a light walking pace tour around stone town and picked up a souvenir along the way. Information given by our tour guide was good but there is room for improvement there. ,en-gb,4.00,,t,viator,,Michelle_H,"",,,,1672,APPLICATION,2026-09-08 11:08:11.617637+05:30,,,f
PRYpjJ3Nm4Yg,RSUSMPWowHfM,2024-09-20 18:20:47+05:30,"We enjoyed this tour of stone town and prison island, helpful, informative and nice guide. Would recommend it!",en-gb,5.00,,t,viator,,Matthew_G,"",,,,1673,APPLICATION,2026-09-08 11:08:14.563534+05:30,,,f
PRYpjJ3Nm4Yg,RS62tToYrWlX,2024-02-23 15:22:05+05:30,"Our guide Ani0n made this a great tour.for us. He was knowledgeable, fun and kind. Highly recommend..",en-gb,5.00,,t,viator,,Celia_M,"","Many thanks, mrs celia we were happy to hear that you enjoyed our service, thanks for the compliments and looking forward to welcome you again. ",en,2024-02-27 07:21:30+05:30,1674,APPLICATION,2026-09-08 11:08:14.567394+05:30,,,f
PRYpjJ3Nm4Yg,RS9cb75hkVhZ,2023-12-26 08:29:18+05:30,"Great tour; our guide (Munta) was friendly, relaxed, and flexible. We skipped the snorkeling in favor of more time at other stops and never felt rushed. Highly recommend!",en-gb,5.00,,t,viator,,Clinton_W,"",,,,1675,APPLICATION,2026-09-08 11:08:14.571526+05:30,,,f
PRYRhabnh9dK,RSrSvGw7sPc3,2025-08-07 19:05:17+05:30,"I did a double booking for the same visit same time and same date , which booking could not cancel , therefore I paid once for the visit done and another one for visit not done",en-gb,1.00,,t,,partner,Ravin,mu,,,,1676,APPLICATION,2026-09-08 11:08:14.577229+05:30,,,f
PRZaK9kehrJe,RSiH2Ai7HVAa,2026-05-31 20:20:14+05:30,"He miscommunicatedwith the driver and I, got upset and instead of putting his ego to the side, he began screaming at me. We began arguing on the beach and because I didn’t allow him to speak to me however he pleased, he told me to cancel my photo shoot. I told him to do it from his end, he pretended that he canceled it for hours and even sent me a fake acreenshot of a cancellation. I literally had to keep following him and telling him to refund me just to finally get my money back. Thankfully the driver assisted me and found someone else to take my photos for the same price and they came out beautiful. I would not recommend booking with this guy, he is very rude and unprofessional!",en-gb,1.00,,t,viator,,Shantell_B,"","I''m sorry that your experience ended this way. However, I would like to clarify a few important facts for anyone reading this review.

Before your arrival, you contacted me privately to arrange transportation, and we agreed on the pickup time, route, and price for a round-trip transfer. I also offered you a discounted rate based on that complete round-trip itinerary.

When you arrived, you asked to change the agreement and use that discounted round-trip price for only one leg of the journey. Unfortunately, this was not the service that had been agreed upon or arranged with the taxi driver. As with any business, we must honor the terms agreed with both our guests and our service providers, and we cannot change confirmed arrangements after they have already been put into motion.

When it became clear that we could not reach an agreement, I chose to cancel the service rather than continue a disagreement. A full refund was processed immediately from my side. Any delay in the funds reaching your account was due to the payment platform''s processing time, which is outside of my control.

The cancellation screenshot I sent was the confirmation generated by the booking platform. It was not fabricated.

I have screenshots of our entire conversation documenting the original agreement, the discounted round-trip price that was offered, and confirmation that the refund was processed. These records support the sequence of events described above.

Our business is built on clear communication and mutual respect. We are always happy to accommodate changes whenever possible, but we cannot accept last-minute changes to previously agreed services while expecting the original discounted pricing to remain unchanged.

I invite future guests to read our positive reviews, which reflect the level of professionalism and care we consistently provide. We remain committed to delivering exceptional experiences to every traveler.
",en,2026-07-16 18:27:46+05:30,1678,APPLICATION,2026-09-08 11:08:28.449322+05:30,,,f
PRZaK9kehrJe,RSaTQspIilS2,2025-10-26 21:45:21+05:30,This was an awesome event.  Ama was very helpful and a true professional. We were very pleased with the Clear Kayak Photos.  Photos were provided the same day. Edited photos and videos followed two days later.  Would highly recommend this business.,en-gb,5.00,,t,viator,,Lisa_F,"",Thank you so much! I’m really happy you enjoyed the clear kayak experience and loved the photos. You did amazing during the shoot! I appreciate your kind words. Hope to see you again soon for another adventure in Zanzibar!,en,2025-11-02 12:35:52+05:30,1679,APPLICATION,2026-09-08 11:08:33.287399+05:30,,,f
PRZavKd9jOjV,RSxluQRY4pUs,2025-09-30 07:44:10+05:30,"Our driver was excellent. Our spice farm tour was fantastic and the guide was excellent. A must-do!!
The Stone Town tour was less than excellent. The guide started telling us about things then lost interest. Walked us thousands of steps on very uneven surfaces with very little communication, often stopping to talk to friends and sometimes walking far ahead when I had stopped to take a picture. We didn’t know where we were going next and how long we would be gone. I still don’t know  how old Stone Town is. ",en-gb,3.00,,t,viator,,Pam_B,"","Thanks for such comprehensive review we looking we learn from it and looking forward to offer best  services.
Warm regards ",en,2025-12-01 09:47:02+05:30,1680,APPLICATION,2026-09-08 11:08:33.291379+05:30,,,f
PRZcRqIOilF7,RSpAP9fHRwmc,2026-07-26 23:46:01+05:30,"This was such a beautiful and relaxing experience, we did not want it to end.  The staff was so kind and made us feel like we were the captains of the ship.  We had 4 adults and 4 teen/tweens and everyone loved it.  The ship was so comfortable and the scenery was a dream.  There was enough space for everyone to have a spot to lounge and even lie down.  The fruit and snack provided we fresh and perfect for the trips.  Everyone fought over the cookies and we were thankful they kept some packaging so we were able to check for allergies for my son who has nut allergies.  The water was clear and beautiful, but watch out.  If you feel stinging/a bite like pinch turns out its the larvae from stingy (urchin/jellyfish).  The crew tried to tell us but we didn''t understand.  Ask them to stop somewhere that doesn''t have sea urchins.  You can actually see them at the bottom.  

The crew had supplies for snorkling and even a floatie.  It was one of the best experiences and I definitely recommend this cruise.",en-gb,5.00,,t,viator,,Christopher_F,"","Thanks a lot for your trust in sailing with us and the kind words of feedback from your side. It means the world to us really!
We hope to welcome you back on board with us someday in the future!
Many greetings from the whole crew!",en,2026-07-31 15:26:34+05:30,1681,APPLICATION,2026-09-08 11:08:34.426306+05:30,,,f
PRZcRqIOilF7,RS0sipqt50Yr,2026-07-24 12:01:05+05:30,"The crew of two are extremely nice, friendly, and accommodating. There are snacks and drinks, and they rig up a sunroof while you are sitting at the snorkeling spot.
It’s lovely and uncrowded. You need to jump off the boat to snorkel — no beach. First time snorkeling for my husband, so he was nervous, but the crew was very helpful, and he ended up loving it.",en-gb,5.00,,t,viator,,Donna_P,"","Thanks so much for your trust in sailing with us and for taking the time to write this kind feedback. It means so much to us!
We wish you a wonderful rest of your vacation and hope to welcome you back on board with us in the future!

Many greetings from all of us!",en,2026-07-25 13:45:51+05:30,1682,APPLICATION,2026-09-08 11:08:35.864945+05:30,,,f
PRZcRqIOilF7,RSvx8SieAQbg,2026-07-23 11:51:39+05:30,While the weather was cloudy the guys made sure we had a nice and relaxing sail and snorkel. They probably need a few more sets of snorkel equipment as two snorkels didn’t work but we made due. The snacks and drinks were fresh and a lovely touch. The sail was smooth and the boat very comfortable. A lovely day on the water while in Zanzibar! And they picked us up and dropped us off! Bonus!,en-gb,5.00,,t,viator,,Leila_W,"","Thanks so much for your trust in sailing with us and the kind feedback!
We very much appreciate it and in regards to the Snorkel we have already placed orders for additional new ones.

We would love to welcome you back on board with us in the future and wish you a wonderful rest of your holidays!",en,2026-07-25 13:41:46+05:30,1683,APPLICATION,2026-09-08 11:08:35.868786+05:30,,,f
PRZcRqIOilF7,RSxve6iqjdhj,2026-05-27 14:43:51+05:30,My husband and I had an amazing trip for our honey moon. The boat was authentic and a true treat to experience. We had beautiful fruits and drinks on the boat. A perfect experience! ,en-gb,5.00,,t,viator,,chloemongelard,"",Thank you both for your trust in sailing with us and for taking the time to write this kind review. It's really much appreciated and made our day to read about your positive experience. Enjoy the rest of your honeymoon and we hope to welcome you back on board with us at some point in the future!,en,2026-05-28 00:31:15+05:30,1684,APPLICATION,2026-09-08 11:08:35.872127+05:30,,,f
PRZcRqIOilF7,RSejGzbf1jHO,2025-09-10 19:00:19+05:30,Great day out no crowds brilliant crew looked after us really well all day great snorkelling  saw dolphins had a great day out on the boat ,en-gb,5.00,,t,viator,,robingilbey,"",Thanks so much for the trust in sailing with us. We are so happy to receive the positive review from you and really hope to welcome you back on board some day soon. Warm greetings from our whole crew!,en,2025-09-11 16:49:32+05:30,1685,APPLICATION,2026-09-08 11:08:35.875283+05:30,,,f
PRZExLO0qplv,RSfrlyEgsBva,2024-10-31 18:39:29+05:30,"This was a great afternoon 
Salum was knowledgeable
And caring 
The spice farm was interesting and engaging with info on types of spice and h
How they grow and are harvested 
A coconut harvesting demo and wonderful local fruit grown in the farm plus a handwoven crown and basket made of leaves to take home 
",en-gb,5.00,,t,viator,,Esther_D,"","Thank you very much for being part of our Halisi Family, we really appreciate your participation and learning the spices and feel it in nature.

Asante Sana!",en,2024-12-03 10:44:27+05:30,1686,APPLICATION,2026-09-08 11:08:35.878554+05:30,,,f
PRzZWW4sM3DB,RSWWimPGeyy1,2026-06-05 06:02:37+05:30,"Day tour to three of the highlights in Zanzibar. Everything went perfectly. Our guide Hasan conveyed so much valuable information in very good German. The first destination was a spice farm. We were explained about fruits, spices, cultivation methods, and so much more.
The second destination was Prison Island. After a short boat tour, we experienced the island''s history up close, and the giant tortoises are simply enormous; some are over 150 years old. Tip: Lunch directly on the dock at the restaurant. Stonetown is hard to put into words, with such stark contrasts, and in every corner, you can feel the tumultuous history.
Summary: everything was great! 
We were picked up on time, taken care of all day without stress, and the price/performance ratio was also okay, Top-notch!",en-gb,5.00,,t,viator,,Bernhard_M,"",Danke ,en,2026-06-05 13:54:28+05:30,1703,APPLICATION,2026-09-08 11:09:03.31569+05:30,,,f
PRZhkPYN855T,RSXd85igspi2,2024-01-23 00:13:06+05:30,"This was the worst tour experience in our cruise vacation. The tour operator never put our name up and never looked for us until after we were left waiting for half an hour into our designated tour time, shortening an already very limited time in Zanzibar. Sad part was they were pretty much in front of us all that time. We texted and called them several times on WhatsApp but they did not respond. Because of this, we just didn''t have that extra time to see Mtende Beach. We had to choose the first two places that we definitely want to see. Then, we had to opt for a place closer to our port terminal for our last stop, a 5-minute photo stop at the Stone House. No apologies from this tour guide and no partial refund (requested) was given to us so far. I do not recommend going with this tour operator. Their lack of communication can really set you back.",en-gb,1.00,,t,viator,,Ross_O,"",,,,1687,APPLICATION,2026-09-08 11:08:38.81207+05:30,,,f
PRZkoFerhUlt,RSzMCjnVSZfp,2026-01-20 15:12:42+05:30,"Abdul was a brilliant, reliable and flexible host right from the start. The activities gave us great insights into the country and its culture.",en-gb,5.00,,t,viator,,sandra_f,"",,,,1688,APPLICATION,2026-09-08 11:08:41.274677+05:30,,,f
PRzrkNzEZI6C,RSBMx2qXW25N,2026-06-25 17:43:26+05:30,It was a very good day. I loved Prision Island and Nakupenda. I just regretted not having an English guide on the prison island but it was still worth it. The lunch was very good and the staff was always helpful and friendly.,en-gb,4.00,,t,viator,,Isabel_B,"",,,,1689,APPLICATION,2026-09-08 11:08:44.538755+05:30,,,f
PRzrkNzEZI6C,RSViTSx4v5dO,2024-09-10 06:00:21+05:30,this tour was amazing!! the company was very accommodating to me. i loved going to the sandbank and having lunch there. the guide and captain was fun to talk to and they were very helpful throughout the day. overall i would recommend this tour for next time!,en-gb,5.00,,t,viator,,ngoc_b,"","thank you so much for your feedback, We are glad to heard that, you are one of our best customers.",en,2024-10-31 23:51:52+05:30,1690,APPLICATION,2026-09-08 11:08:49.598196+05:30,,,f
PRzrkNzEZI6C,RSorZxfRNEWY,2024-08-07 06:18:53+05:30,"Esperienza meravigliosa non tanto per prison island che comunque è carina da vedere per le tartarughe enormi, ma Nakupenda è qualcosa che non si può perdere. Il luogo, le guide, il cibo, tutto veramente meraviglioso.",it,5.00,,t,viator,,Marta_E,"","Grazie mille per la tua splendida recensione!
Siamo davvero felici che tu abbia apprezzato l’esperienza, in particolare la magia di Nakupenda. È un luogo unico che riesce sempre a lasciare senza parole, e sapere che anche le nostre guide e il cibo hanno contribuito a rendere la giornata speciale ci rende molto orgogliosi.
Prison Island è sicuramente interessante per le sue famose tartarughe giganti, ma siamo d’accordo con te: Nakupenda è un piccolo paradiso da non perdere!
Speriamo di darti il benvenuto di nuovo a Zanzibar per un’altra esperienza indimenticabile.
Un caro saluto, Blue Wave Islands Boat Trip. ",it,2026-04-17 16:39:12+05:30,1691,APPLICATION,2026-09-08 11:08:49.603108+05:30,,,f
PRZs6nd7vYN2,RSYJSBu2YZ6b,2024-06-13 18:24:15+05:30,"Journée parfaite, chauffeur à l heure, équipe sympathique , visite incontournable. Au top , je recommande. ",fr,5.00,,t,viator,,Vacherot_S,"",,,,1692,APPLICATION,2026-09-08 11:08:49.608182+05:30,,,f
PRZs6nd7vYN2,RS7Ma1ZPMbma,2024-05-27 18:46:27+05:30,"This tour was fantastic and very worthwhile! I would say it’s probably worth skipping prison island as not much to do there. Nakupenda was absolutely the highlight and our captain Ibrahim was fantastic and super fun to be around. He did an amazing job on the bbq on Nakupenda and there was an abundance of food with a really amazing selection of sea foods and tropical fruits. The tour of stone town was interesting. Sayid was very knowledgable and gave us a lot of information about the history. Nakupenda sandbank was 100% the star of the tour, you must visit it during your trip to Zanzibar! ",en-gb,5.00,,t,viator,,Joanna_S,"",,,,1693,APPLICATION,2026-09-08 11:08:50.634468+05:30,,,f
PRZs6nd7vYN2,RSD0EmvrDVy4,2024-03-11 15:08:19+05:30,"Salum was very informative, prompt and eager to help. He, along with those that helped us made us feel safe and made our experience a great one! I recommend this company. Swan",en-gb,5.00,,t,viator,,Kowuana_J,"",,,,1694,APPLICATION,2026-09-08 11:08:50.639606+05:30,,,f
PRZs6nd7vYN2,RSCAPFKweQbQ,2024-02-10 18:19:16+05:30,"Het mooie strand met hoge golven en een adembenemende kleur van de zee 
Miscommunicatie met de gids van stowntown en onze chauffeur wij wilden na 1.5 uur naar onze chauffeur maar Saïd de gids luisterde niet en liet ons ook ff een kwartier alleen 
",nl,3.00,,t,viator,,Petra_V,"",,,,1695,APPLICATION,2026-09-08 11:08:50.644347+05:30,,,f
PRzXG2Fidk05,RSLKQY2SFwij,2026-01-15 06:44:54+05:30,"Amazing horses, people and beautiful blue ocean. The stables were clean and the horses are very well taken care of. ",en-gb,5.00,,t,viator,,Jill_P,"",,,,1696,APPLICATION,2026-09-08 11:08:50.648925+05:30,,,f
PRzZWW4sM3DB,RSi4QP8PEmVE,2026-07-20 13:26:58+05:30,Complete tour of main Zanzibar attractions with very knowledgeable guide.  Our guide knew so much about the history of Zanzibar. ,en-gb,5.00,,t,viator,,James_S,"",Thank you for rating and comment really appreciate ,en,2026-07-21 06:57:47+05:30,1697,APPLICATION,2026-09-08 11:08:59.021794+05:30,,,f
PRzZWW4sM3DB,RSjhCcrRbOfZ,2026-07-18 07:39:31+05:30,awesome experience! guide was super knowledgeable and whole experience went super smoothly. also very easy to follow up as well with any issues/changes I wanted,en-gb,5.00,,t,viator,,Sungwon_S,"",Thank you so much for rating and comment really appreciate ,en,2026-07-18 15:18:00+05:30,1698,APPLICATION,2026-09-08 11:09:03.295719+05:30,,,f
PRzZWW4sM3DB,RSHkOtASqC4E,2026-07-14 14:25:28+05:30,Private full day tour with very personable and knowledgeable guide.  Did not feel rushed and was able to spend as much time as we wanted at each location.  Would definitely recommend to others!,en-gb,5.00,,t,viator,,John_S,"",Thank you so much for rating and support us ,en,2026-07-14 19:44:06+05:30,1699,APPLICATION,2026-09-08 11:09:03.299635+05:30,,,f
PRzZWW4sM3DB,RS05eVPR8P4T,2026-07-04 13:12:52+05:30,"Hele leuke tour. Onze gids Khamin haalde ons met een chauffeur op en is de hele dag mee geweest. Hij was ook onze gids en wist over stowntown, op spicefarm en op prisoneiland ontzettend veel te vertellen.  ",nl,5.00,,t,viator,,Desiree_D,"",Thank you for rating and comment really appreciate ,en,2026-07-05 17:14:07+05:30,1700,APPLICATION,2026-09-08 11:09:03.304261+05:30,,,f
PRzZWW4sM3DB,RSqQiH0sAiMf,2026-06-16 19:40:10+05:30,"Hamis was a great guide! He speaks Spanish very well, and he is very patient and kind. There was a lot of rain and they closed the port, so we couldn''t go to Prison Island; he gave us other options we could do, and we decided on a broader tour in Stone Town, and we were happy! It was a very nice day, and I highly recommend it. Learning about the plants at the spice farm was an amazing experience.",en-gb,5.00,,t,viator,,Maria_i,"",Thank you for supporting us ,en,2026-06-17 04:41:53+05:30,1701,APPLICATION,2026-09-08 11:09:03.30833+05:30,,,f
PRzZWW4sM3DB,RSCI5k03Bh94,2026-06-12 17:24:20+05:30,It was a lovely day trip. Enjoyed all parts of it. Tour guide was helpful and explained everything without hesitation.,en-gb,5.00,,t,viator,,Bazo_B,"",Thank you for rating and comment about your experience with us really appreciate ,en,2026-06-13 06:34:42+05:30,1702,APPLICATION,2026-09-08 11:09:03.312244+05:30,,,f
PRzZWW4sM3DB,RSIFbLPz7c45,2026-03-07 14:34:44+05:30,"Led by an experienced guide, with a separate driver for ease in stone town, we travelled from my hotel in the far north east to the three stops. 
The spice farm was rustic, with a walk through the grounds picking out the plants growing for their aromatics.  
Stone town, in its chaos, is beautiful, but many of the attractions are undergoing renovation. However, walking through the city gives a great flavour of the islands culture and history. 
Prison island, other than being a small zoo for a few animals, doesn’t very well showcase its own history, but the guide explained the complex changing of hands the island has experienced. 

It’s rare I’d commend a driver in Zanzibar, but we had a safe (and courteous) driver who kept us safe when the skies opened up. 

Fantastic day. ",en-gb,5.00,,t,viator,,John_F,"",Thank you so much for rating and comment really appreciate.,en,2026-03-08 07:30:43+05:30,1706,APPLICATION,2026-09-08 11:09:03.328677+05:30,,,f
PRzZWW4sM3DB,RSz7REgPAJnk,2026-02-17 13:33:49+05:30,"The driver and guide were great. They adapted superbly to our wishes. Spice Farm was the highlight. At the end we even had fresh pineapple.
I can recommend the tour.",en-gb,5.00,,t,viator,,Claudia_S,"",Thank you for sharing your experience with us ,en,2026-02-20 12:42:43+05:30,1707,APPLICATION,2026-09-08 11:09:03.33283+05:30,,,f
PRzZWW4sM3DB,RSjWSm51ctQ4,2025-11-10 20:34:40+05:30,Our guide was knowledgeable and easy going. Did everything he could to please. We changed our mind on one stop and he was flexible. He taught us an incredible amount about the history of Zanzibar and StoneTown. ,en-gb,5.00,,t,viator,,Carol_L,"",Thank you so much for sharing your experience with us.,en,2025-11-11 06:58:44+05:30,1708,APPLICATION,2026-09-08 11:09:03.337275+05:30,,,f
PRzZWW4sM3DB,RSAWMPLN1pU9,2025-10-04 08:04:34+05:30,"Loved the spice tour! So interesting and interactive. Enjoyed Prison Island and learning about its history as well. The boat ride was a little rough but otherwise, had a great time and learning experience with Khamis. 
Walking tour was enjoyable as well. Make sure you bring water with you as it does get hot throughout the day. ",en-gb,4.00,,t,viator,,Sara,"",Thank you ,en,2025-10-04 20:10:03+05:30,1709,APPLICATION,2026-09-08 11:09:03.342149+05:30,,,f
PRzZWW4sM3DB,RS37rIpUq189,2025-09-21 17:59:11+05:30,"The guide was very knowledgeable, talkative and nice. We stayed in Stone Town for 2 nights to visit the things near by, and this tour was perfect for that. That said, it is quite a long tour (from 9am to 3pm) so it would have been nice if the guide indicated us a traditional place (and safe food wise) to eat or else we advise for the people to bring some snacks with them.",en-gb,5.00,,t,,partner,Gonçalo,pt,,,,1710,APPLICATION,2026-09-08 11:09:03.346449+05:30,,,f
PRzZWW4sM3DB,RSbSz9MqMxSx,2025-09-16 10:50:15+05:30,"We had an excellent day exploring Zanzibar with Guides via Viator, our wonderful guide Khamis, and Jonas the driver. Everything was perfectly organized, and they made the whole experience smooth, fun, and informative.

The Spice Farm was such a highlight – we saw and learned about so many different spices, tasted and smelled them fresh, and really appreciated the depth of knowledge our guide shared.

At Prison Island, the giant tortoises were simply unbelievable – such gentle giants, and being able to get up close with them was a once-in-a-lifetime experience.

Finally, wandering through Stone Town was magical. The culture, history, and vibrant colours brought the whole city to life – every corner had something new to see, from bustling markets to beautiful architecture.

Overall, this tour gave us the perfect balance of nature, culture, and history. A huge thank you to Khamis and Jonas for making it such a memorable day – highly recommend!",en-gb,5.00,,t,viator,,Andy_S,"",Thank you for sharing your experience with us. Much appreciate your review,en,2025-09-16 22:02:56+05:30,1711,APPLICATION,2026-09-08 11:09:03.350706+05:30,,,f
PRzZWW4sM3DB,RSnWg5pu8Kx0,2025-09-03 15:51:27+05:30,My guide was so full if historical facts which were fascinating.  Then he knew all about spices and their uses. The walk around Stonetown was similarly very comprehensive  and the final boat trip to Prison Island great fun.,en-gb,5.00,,t,viator,,Jennifer_N,"",Thank you so much for join us and share your experience about us.,en,2025-09-03 22:03:55+05:30,1712,APPLICATION,2026-09-08 11:09:03.354685+05:30,,,f
PRzZWW4sM3DB,RSAKqfgpyvQA,2025-08-28 17:17:08+05:30,It started at 8:30 with collection from our hotel in stone town. Our guide was helpful and knowledgeable throughout. The spice farm was really fun and interesting and the boat trip to prison island was amazing. The walking tour around stone town was interesting but a sad reminder of the history of slavery. I'd recommend this trip.,en-gb,5.00,,t,viator,,lucy_w,"",Thank you so much for supporting us really appreciate ,en,2025-08-28 21:56:37+05:30,1713,APPLICATION,2026-09-08 11:09:03.359485+05:30,,,f
PRzZWW4sM3DB,RSbqr6yqx1Wt,2025-08-26 16:51:03+05:30,"Great day trip, good knowledgeable guide, safe driver. All good, recommended!",en-gb,5.00,,t,,family,Charalampos,gr,,,,1714,APPLICATION,2026-09-08 11:09:03.364389+05:30,,,f
PRzZWW4sM3DB,RS8l9neaRw72,2025-08-17 08:52:10+05:30,The tour was amazing!! The tour guide was so enthusiastic and knowledgeable about the history and culture. Clear and detailed about all the sites. ,en-gb,5.00,,t,viator,,Lashenia_P,"",Thank you so much for taking your time to rate and comment us ,en,2025-08-17 13:03:00+05:30,1715,APPLICATION,2026-09-08 11:09:03.368562+05:30,,,f
PRzZWW4sM3DB,RSNKVJE1hkSB,2025-08-10 06:52:06+05:30,"Amazing!! What a fabulous day we had with our guide.  Our guide and driver were on time collecting us from the hotel.  Very friendly, nothing was too much trouble at any point and the knowledge our guide had on the history of the island and places was outstanding.  He was Enthusiastic the whole.  Well worth booking ",en-gb,5.00,,t,viator,,Emma_A,"","Thank you for sharing your experience with us.
Much appreciate your review ",en,2025-08-10 18:18:20+05:30,1716,APPLICATION,2026-09-08 11:09:03.37235+05:30,,,f
PRzZWW4sM3DB,RSL4datDrQh6,2025-07-26 22:05:08+05:30,You don’t see the most luxurious parts of the island. Stonetown is a place with heavy history. But the tour gives you a very good insight in the colonisation period and the real daily life on Zanzibar. ,en-gb,5.00,,t,viator,,Viktoria_N,"",Thank you for your review ,en,2025-07-27 08:05:52+05:30,1717,APPLICATION,2026-09-08 11:09:03.376169+05:30,,,f
PRzZWW4sM3DB,RSkaNCEP2wQA,2025-07-24 21:09:44+05:30,"Organisation au top, guide sympathique très compétent et arrangeant, parlant bien français 3 visites très intéressantes",fr,5.00,,t,,family,Florence,fr,,,,1718,APPLICATION,2026-09-08 11:09:03.400635+05:30,,,f
PRzZWW4sM3DB,RS9WaZMvqcZK,2025-07-15 16:08:09+05:30,"The guide, Ismail, and the driver were both very good. The trip did everything it said it would do and the guide was very friendly and informative. I would have given this 5 stars but the only negative was the boat we went on to Prison Island didn''t have any lifejackets which was a bit of a worry.",en-gb,4.00,,t,viator,,janearnold7,"","Thank you for your rating and comment really appreciate, just to make it clear is all the boat that we are using have the life vest on top of the boat, the only thing is you didn''t ask if you need but once you say so you will get because at the boat have that.
You didn''t see by eyes where they are but in the boat there is life jackets.
",en,2025-07-15 22:46:29+05:30,1719,APPLICATION,2026-09-08 11:09:03.405372+05:30,,,f
PRzZWW4sM3DB,RSfoexnRXuwd,2025-07-10 16:06:41+05:30,"Amazing experience! A really good way to see the highlights of Zanzibar, if you''re pushed for time.
My guide was brilliant, he was really knowledgeable and took his time to tell you everything that you needed to know. He was on time, very positive, polite and professional.",en-gb,5.00,,t,viator,,Michelle_S,"","Thank you so much for sharing your experience about us.
Really appreciate ",en,2025-07-10 22:05:39+05:30,1720,APPLICATION,2026-09-08 11:09:03.409685+05:30,,,f
PRzZWW4sM3DB,RSEGxfpJOJjc,2025-06-13 14:48:32+05:30,Enjoyed the walk through Stone Town and the spice farm. Our guide and driver were both excellent. Sadly we can’t rate this tour higher than 4 stars as the boat ride to and from Prison Island was horrible. The boat was too small for the size of the waves and it constantly pounded our backs against the board seats. ,en-gb,4.00,,t,viator,,Karen_U,"","Thank you for rating and comment.
",en,2025-06-13 21:37:53+05:30,1721,APPLICATION,2026-09-08 11:09:03.413708+05:30,,,f
PRzZWW4sM3DB,RSu2aYlwjXDk,2025-05-24 08:28:19+05:30,"This was a FANTASTIC day ! We were picked up from our hotel on time at 8:30am by our guide Yaya and our lovely driver Yumah (?).
Yaya was simply a brilliant tour guide. He ‘self taught’ several languages from YouTube (eg. English, French and Hungarian) and he spoke better English than we did .. with the occasional ‘cockney’ accent … we had such a laugh all day long. First stop after a 30 minute drive was Maganga Spice Farm. Our host took us around the farm sampling various spices and Yaya told us all about them. And to make it more fun, he tested us to see if we could guess what they were. Obviously I got more right than my wife 😉, but Yaya said it was a draw ! 🙄. On our way around we saw some beautiful young children playing on the farm .. they were so inquisitive of us and seemed so happy 😍 .. We were very sad that we had nothing to give them as we’re weren’t expecting to see them, so if anyone takes this tour, please take some sweets/candy with you, the children will very much appreciate it. All in all we sampled Lipstick plant, Turmeric, Lychee, Cardamon, Vanilla (creeper plant), Cotton Tree, Cinnamon .. bark, root, leaves (Queen of the Spice), Black pepper (creeper plant), Coffee, Langilangi flower (for perfume), Clove tree (King of the Spice), Nutmeg & Ginger - Yaya educating us on the plant, harvest and uses of the spices. It was fascinating. At the end of this leg of the tour, one of the farmers climbed up a tree (singing on the way !) and picked a coconut for us the drink the milk from. Whilst our other farmer guide, made headware and ‘jewellery’ for us from leaves. We visited the spice shop on the way out. A great start to the day ! 
Next stop the port of Stone Town to get a boat to Prison Island. This was great fun too, even though my wife wasn’t keen on the 15-20 minute speed boat crossing. Whilst there, Yaya sorted out all the entrance tickets/fees and then told us all the amazing history of Prison Island .. I would never have thought that despite the name, no convicted criminals were ever ‘housed’ on Prison Island .. it was solely slaves and used as a place of quarantine when Yellow fever and Cholera broke out. After the ‘prison’ walk we had around 30 minutes to enjoy the amazing tortoises on the island .. they were enormous.. and the oldest one is around 200 years old. After the short trip back to the main island, we enjoyed the 3rd and final leg of the tour around Stone Town. Yaya kindly helped us negotiate a price on 2 football shirts. A lesson for us Brits here, as we are not used to bargaining on a price .. but in Zanzibar it’s a way of life ! We stopped at a very old building that Yaya called the ‘wonder’ building .. the building is under significant renovation at the moment .. and if I remember correctly, it was the place of a very very short war ! (Sorry if I got that wrong Yaya, as you shared sooo many amazing facts, that it’s sometimes difficult for old people like us, to remember everything 🙏). From there we visited an area that was previously a ladies tennis court (of all things !), and then through the narrow streets of Stone Town, passing Freddie Mercurys birthday place/museum, onto the market area (vegetable, meat and fish) before finishing at the humbling Slave Trade Market .. where an amazing Christian Church sits alongside a mosque and both religions respect each other and happily co-exist. A lesson for the rest of the world ! 
Our drive back to Kiwenga took around 1-1.5 hours, getting out of the hustle and chaos of Stone Town.. through quieter/remote farm towns and villages. We saw so many things that humbled us and made us value and appreciate the simple things in life, a lot more than we did previously. 
Yaya didn’t stop talking or sharing information the whole day long, as well as making us laugh with his ‘international’ impressions. He even helped us out to pay for a couple of small items when we only had $20 bills (we obviously paid him back !). He was ‘Simply The Best’ and we are so grateful to Yaya for making it a special day. Thank You.. Asante ! 🙏",en-gb,5.00,,t,viator,,Graham,"",Thank you so much for taking your time to rate and comment we are really appreciate,en,2025-05-25 17:21:21+05:30,1722,APPLICATION,2026-09-08 11:09:03.417649+05:30,,,f
PRzZWW4sM3DB,RSnFk7fpf40e,2025-05-06 17:54:50+05:30,The tour was awesome. Our tour guide was so friendly and well-informed. My friends and I felt safe and taken care of for the entire tour. Our time at the spice farm was so interesting and we got the opportunity to participate in cultural activities and learn about how they cultivate and grow spices. Prison island and Stonetown are sooo beautiful and worth the trip. I highly recommend this tour guide as well -- he made this tour such a wonderful time!,en-gb,5.00,,t,viator,,Janet_F,"",Thank you so much for taking your time to rate and comment we are really appreciate,en,2025-05-08 09:45:28+05:30,1723,APPLICATION,2026-09-08 11:09:03.422315+05:30,,,f
PRzZWW4sM3DB,RSUXkbjB4gBv,2025-03-30 17:54:57+05:30,Yaya was absolutely the most amazing tour guide ever !! He was so detail oriented and really made us feel at home. I would definetig come back and do more tours with him as a guide !!,en-gb,5.00,,t,viator,,Anita_O,"",Thank you so much for taking your time to rate and comment we are really appreciate.,en,2025-03-31 06:35:11+05:30,1724,APPLICATION,2026-09-08 11:09:03.426984+05:30,,,f
PRzZWW4sM3DB,RSJKCKpYYGgq,2025-02-12 08:42:48+05:30,"We booked this tour as a family and travelled with our 2 years old little girl. Our guide Hassim was amazing from the very start. Him and the driver were punctual and helpful. 
Hassim was very knowledgeable and made our experience great. He took care of us and was also very patient since we had the baby with us. The trip to the spice farm was the best activity for me, they showed us the spice plantation and at the end of the tour we got to taste teas (made fresh from these spices) and fresh fruit too! The turtle island also did not disappoint, turtles are actually roaming free and can be seen really up close. We couldn’t recommend this tour more! ",en-gb,5.00,,t,viator,,Athena_C,"",Thank you for taking your time to rate and comment we are really appreciate,en,2025-02-12 20:39:01+05:30,1725,APPLICATION,2026-09-08 11:09:03.431387+05:30,,,f
PRzZWW4sM3DB,RSyvgXNqfjNt,2025-02-12 03:43:10+05:30,Worth every penny. Our guide was extremely knowledgeable and spoke very good English. Driver was very experienced.,en-gb,5.00,,t,viator,,Caryl_A,"",Thank you for taking your time to rate and comment we are really appreciate,en,2025-02-12 20:37:36+05:30,1726,APPLICATION,2026-09-08 11:09:03.435376+05:30,,,f
PRzZWW4sM3DB,RSNXXJDG6Yfc,2025-02-04 18:18:33+05:30,"Ich habe meinem Mann überrascht mit eine private Tour und war die beste Entscheidung. Unser Guide, Hassani, hat sehr gut Deutsch gesprochen und hat uns sehr viele Infos gegeben über alle Orte die wir besichtigt haben. Danke auch für die tollen Bilder. ",de,5.00,1,t,viator,,Iuliana_R,"",Thank you for taking your time to rate and comment we are really appreciate.,en,2025-02-06 10:31:16+05:30,1727,APPLICATION,2026-09-08 11:09:03.439384+05:30,,,f
PRzZWW4sM3DB,RSKOlRaxqJLR,2025-01-08 18:34:48+05:30,"Grandiosa! La fattoria delle spezie magnifica. Ismail è stato competente e gentilissimo. Stone town e prison. Island valgono la visita. Mezzo comodo, guidatore bravissimo, puntuali e squisiti. Consigliatissimo. ",it,5.00,,t,viator,,Tiziana_N,"","Thank you so much for taking your time to rate and comment.
Really appreciate ",en,2025-01-09 05:32:48+05:30,1728,APPLICATION,2026-09-08 11:09:03.444953+05:30,,,f
PRzZWW4sM3DB,RSeErhiIntm6,2024-09-24 21:42:07+05:30,Said was an awesome driver and Alhamisi was a great tour guide. I didn’t feel rushed and enjoyed my time. ,en-gb,5.00,,t,viator,,Cynthia_S,"",Thank you so much for this 5-star review. We really appreciate you being a customer and helping to share the word about us.,en,2024-09-25 08:54:57+05:30,1729,APPLICATION,2026-09-08 11:09:03.449353+05:30,,,f
PRzZWW4sM3DB,RSQBylC31uIm,2024-09-20 14:24:21+05:30,"J’ai aimé la découverte des épices et ces bienfaits dans les aliments, sur la santé et sur la peau mais aussi prison island et son histoire et sans oublier la vie de pierre stone Town. Big up à Abrah un très bon guide touristique j’avais l’impression d’être accompagné par mon frère.",fr,5.00,,t,,alone,Sharon,cd,,,,1730,APPLICATION,2026-09-08 11:09:03.457602+05:30,,,f
PRzZWW4sM3DB,RSrWfRA5GtC4,2024-06-19 15:06:10+05:30,"Prison Island is a very bad expérience.. these poor turtles in a so close place, it is so ugly..",fr,3.00,,t,,alone,Arnaud,fr,,,,1731,APPLICATION,2026-09-08 11:09:03.461601+05:30,,,f
PRzZWW4sM3DB,RSJXlqaDnWLd,2025-11-21 18:24:54+05:30,,,4.00,,f,,partner,,,,,,1732,APPLICATION,2026-09-08 11:09:03.466098+05:30,,,f
